diversity,seed,phase,kind,phase_env_steps,total_env_steps,success_rate
1,0,1,phase_start,0,0,0.0537109375
1,0,1,periodic,2097152,2097152,0.3759765625
1,0,1,periodic,4194304,4194304,0.4267578125
1,0,1,periodic,6291456,6291456,0.4111328125
1,0,1,periodic,8388608,8388608,0.3623046875
1,0,1,periodic,10485760,10485760,0.3720703125
1,0,1,periodic,12582912,12582912,0.3603515625
1,0,1,periodic,14680064,14680064,0.3662109375
1,0,1,periodic,16777216,16777216,0.380859375
1,0,1,periodic,18874368,18874368,0.375
1,0,1,periodic,20971520,20971520,0.3212890625
1,0,1,periodic,23068672,23068672,0.3759765625
1,0,1,periodic,25165824,25165824,0.37890625
1,0,1,periodic,27262976,27262976,0.4208984375
1,0,1,periodic,29360128,29360128,0.3681640625
1,0,1,periodic,31457280,31457280,0.3505859375
1,0,1,periodic,33554432,33554432,0.3955078125
1,0,1,periodic,35651584,35651584,0.388671875
1,0,1,periodic,37748736,37748736,0.4072265625
1,0,1,periodic,39845888,39845888,0.390625
1,0,1,periodic,41943040,41943040,0.4052734375
1,0,1,periodic,44040192,44040192,0.41796875
1,0,1,periodic,46137344,46137344,0.365234375
1,0,1,periodic,48234496,48234496,0.39453125
1,0,1,periodic,50331648,50331648,0.400390625
1,0,1,phase_end,50331648,50331648,0.400390625
1,0,2,phase_start,0,50331648,0.5634765625
1,0,2,periodic,2097152,52428800,0.58203125
1,0,2,periodic,4194304,54525952,0.609375
1,0,2,periodic,6291456,56623104,0.58203125
1,0,2,periodic,8388608,58720256,0.5888671875
1,0,2,periodic,10485760,60817408,0.5859375
1,0,2,periodic,12582912,62914560,0.60546875
1,0,2,periodic,14680064,65011712,0.5830078125
1,0,2,periodic,16777216,67108864,0.5927734375
1,0,2,periodic,18874368,69206016,0.60546875
1,0,2,periodic,20971520,71303168,0.5478515625
1,0,2,periodic,23068672,73400320,0.5888671875
1,0,2,periodic,25165824,75497472,0.5986328125
1,0,2,periodic,27262976,77594624,0.578125
1,0,2,periodic,29360128,79691776,0.5947265625
1,0,2,periodic,31457280,81788928,0.572265625
1,0,2,periodic,33554432,83886080,0.5546875
1,0,2,periodic,35651584,85983232,0.560546875
1,0,2,periodic,37748736,88080384,0.599609375
1,0,2,periodic,39845888,90177536,0.5830078125
1,0,2,periodic,41943040,92274688,0.568359375
1,0,2,periodic,44040192,94371840,0.595703125
1,0,2,periodic,46137344,96468992,0.5673828125
1,0,2,periodic,48234496,98566144,0.5810546875
1,0,2,periodic,50331648,100663296,0.5712890625
1,0,2,phase_end,50331648,100663296,0.5712890625
1,0,3,phase_start,0,100663296,0.7861328125
1,0,3,periodic,2097152,102760448,0.7861328125
1,0,3,periodic,4194304,104857600,0.7890625
1,0,3,periodic,6291456,106954752,0.78125
1,0,3,periodic,8388608,109051904,0.7724609375
1,0,3,periodic,10485760,111149056,0.7724609375
1,0,3,periodic,12582912,113246208,0.76171875
1,0,3,periodic,14680064,115343360,0.779296875
1,0,3,periodic,16777216,117440512,0.76171875
1,0,3,periodic,18874368,119537664,0.7998046875
1,0,3,periodic,20971520,121634816,0.78515625
1,0,3,periodic,23068672,123731968,0.7822265625
1,0,3,periodic,25165824,125829120,0.4111328125
1,0,3,periodic,27262976,127926272,0.7763671875
1,0,3,periodic,29360128,130023424,0.7783203125
1,0,3,periodic,31457280,132120576,0.7978515625
1,0,3,periodic,33554432,134217728,0.7841796875
1,0,3,periodic,35651584,136314880,0.7880859375
1,0,3,periodic,37748736,138412032,0.771484375
1,0,3,periodic,39845888,140509184,0.78515625
1,0,3,periodic,41943040,142606336,0.7734375
1,0,3,periodic,44040192,144703488,0.7705078125
1,0,3,periodic,46137344,146800640,0.7734375
1,0,3,periodic,48234496,148897792,0.7890625
1,0,3,periodic,50331648,150994944,0.7861328125
1,0,3,phase_end,50331648,150994944,0.7861328125
1,0,4,phase_start,0,150994944,0.771484375
1,0,4,periodic,2097152,153092096,0.779296875
1,0,4,periodic,4194304,155189248,0.7744140625
1,0,4,periodic,6291456,157286400,0.7734375
1,0,4,periodic,8388608,159383552,0.7880859375
1,0,4,periodic,10485760,161480704,0.7763671875
1,0,4,periodic,12582912,163577856,0.779296875
1,0,4,periodic,14680064,165675008,0.7744140625
1,0,4,periodic,16777216,167772160,0.7802734375
1,0,4,periodic,18874368,169869312,0.77734375
1,0,4,periodic,20971520,171966464,0.779296875
1,0,4,periodic,23068672,174063616,0.791015625
1,0,4,periodic,25165824,176160768,0.771484375
1,0,4,periodic,27262976,178257920,0.78125
1,0,4,periodic,29360128,180355072,0.7763671875
1,0,4,periodic,31457280,182452224,0.79296875
1,0,4,periodic,33554432,184549376,0.7802734375
1,0,4,periodic,35651584,186646528,0.78125
1,0,4,periodic,37748736,188743680,0.783203125
1,0,4,periodic,39845888,190840832,0.8017578125
1,0,4,periodic,41943040,192937984,0.7734375
1,0,4,periodic,44040192,195035136,0.78515625
1,0,4,periodic,46137344,197132288,0.7685546875
1,0,4,periodic,48234496,199229440,0.7841796875
1,0,4,periodic,50331648,201326592,0.767578125
1,0,4,phase_end,50331648,201326592,0.767578125
1,1,1,phase_start,0,0,0.04296875
1,1,1,periodic,2097152,2097152,0.3583984375
1,1,1,periodic,4194304,4194304,0.3740234375
1,1,1,periodic,6291456,6291456,0.3701171875
1,1,1,periodic,8388608,8388608,0.4169921875
1,1,1,periodic,10485760,10485760,0.3603515625
1,1,1,periodic,12582912,12582912,0.3994140625
1,1,1,periodic,14680064,14680064,0.376953125
1,1,1,periodic,16777216,16777216,0.3662109375
1,1,1,periodic,18874368,18874368,0.4228515625
1,1,1,periodic,20971520,20971520,0.3662109375
1,1,1,periodic,23068672,23068672,0.3828125
1,1,1,periodic,25165824,25165824,0.3857421875
1,1,1,periodic,27262976,27262976,0.3935546875
1,1,1,periodic,29360128,29360128,0.41015625
1,1,1,periodic,31457280,31457280,0.3740234375
1,1,1,periodic,33554432,33554432,0.3681640625
1,1,1,periodic,35651584,35651584,0.353515625
1,1,1,periodic,37748736,37748736,0.4052734375
1,1,1,periodic,39845888,39845888,0.34765625
1,1,1,periodic,41943040,41943040,0.39453125
1,1,1,periodic,44040192,44040192,0.3544921875
1,1,1,periodic,46137344,46137344,0.3818359375
1,1,1,periodic,48234496,48234496,0.3916015625
1,1,1,periodic,50331648,50331648,0.3759765625
1,1,1,phase_end,50331648,50331648,0.3759765625
1,1,2,phase_start,0,50331648,0.5849609375
1,1,2,periodic,2097152,52428800,0.5576171875
1,1,2,periodic,4194304,54525952,0.5771484375
1,1,2,periodic,6291456,56623104,0.568359375
1,1,2,periodic,8388608,58720256,0.57421875
1,1,2,periodic,10485760,60817408,0.5966796875
1,1,2,periodic,12582912,62914560,0.5986328125
1,1,2,periodic,14680064,65011712,0.595703125
1,1,2,periodic,16777216,67108864,0.599609375
1,1,2,periodic,18874368,69206016,0.5859375
1,1,2,periodic,20971520,71303168,0.59765625
1,1,2,periodic,23068672,73400320,0.5595703125
1,1,2,periodic,25165824,75497472,0.5576171875
1,1,2,periodic,27262976,77594624,0.576171875
1,1,2,periodic,29360128,79691776,0.5771484375
1,1,2,periodic,31457280,81788928,0.5908203125
1,1,2,periodic,33554432,83886080,0.580078125
1,1,2,periodic,35651584,85983232,0.5673828125
1,1,2,periodic,37748736,88080384,0.5869140625
1,1,2,periodic,39845888,90177536,0.5634765625
1,1,2,periodic,41943040,92274688,0.6220703125
1,1,2,periodic,44040192,94371840,0.5625
1,1,2,periodic,46137344,96468992,0.5927734375
1,1,2,periodic,48234496,98566144,0.5859375
1,1,2,periodic,50331648,100663296,0.5732421875
1,1,2,phase_end,50331648,100663296,0.5732421875
1,1,3,phase_start,0,100663296,0.779296875
1,1,3,periodic,2097152,102760448,0.7880859375
1,1,3,periodic,4194304,104857600,0.7724609375
1,1,3,periodic,6291456,106954752,0.771484375
1,1,3,periodic,8388608,109051904,0.7802734375
1,1,3,periodic,10485760,111149056,0.779296875
1,1,3,periodic,12582912,113246208,0.787109375
1,1,3,periodic,14680064,115343360,0.783203125
1,1,3,periodic,16777216,117440512,0.7724609375
1,1,3,periodic,18874368,119537664,0.77734375
1,1,3,periodic,20971520,121634816,0.7880859375
1,1,3,periodic,23068672,123731968,0.787109375
1,1,3,periodic,25165824,125829120,0.787109375
1,1,3,periodic,27262976,127926272,0.787109375
1,1,3,periodic,29360128,130023424,0.7919921875
1,1,3,periodic,31457280,132120576,0.7861328125
1,1,3,periodic,33554432,134217728,0.7880859375
1,1,3,periodic,35651584,136314880,0.7880859375
1,1,3,periodic,37748736,138412032,0.78515625
1,1,3,periodic,39845888,140509184,0.7724609375
1,1,3,periodic,41943040,142606336,0.7705078125
1,1,3,periodic,44040192,144703488,0.7880859375
1,1,3,periodic,46137344,146800640,0.7861328125
1,1,3,periodic,48234496,148897792,0.7685546875
1,1,3,periodic,50331648,150994944,0.77734375
1,1,3,phase_end,50331648,150994944,0.77734375
1,1,4,phase_start,0,150994944,0.2451171875
1,1,4,periodic,2097152,153092096,0.78125
1,1,4,periodic,4194304,155189248,0.77734375
1,1,4,periodic,6291456,157286400,0.7900390625
1,1,4,periodic,8388608,159383552,0.77734375
1,1,4,periodic,10485760,161480704,0.7763671875
1,1,4,periodic,12582912,163577856,0.787109375
1,1,4,periodic,14680064,165675008,0.783203125
1,1,4,periodic,16777216,167772160,0.787109375
1,1,4,periodic,18874368,169869312,0.7802734375
1,1,4,periodic,20971520,171966464,0.77734375
1,1,4,periodic,23068672,174063616,0.78125
1,1,4,periodic,25165824,176160768,0.7841796875
1,1,4,periodic,27262976,178257920,0.77734375
1,1,4,periodic,29360128,180355072,0.7841796875
1,1,4,periodic,31457280,182452224,0.7861328125
1,1,4,periodic,33554432,184549376,0.78515625
1,1,4,periodic,35651584,186646528,0.7958984375
1,1,4,periodic,37748736,188743680,0.76171875
1,1,4,periodic,39845888,190840832,0.7705078125
1,1,4,periodic,41943040,192937984,0.77734375
1,1,4,periodic,44040192,195035136,0.77734375
1,1,4,periodic,46137344,197132288,0.765625
1,1,4,periodic,48234496,199229440,0.771484375
1,1,4,periodic,50331648,201326592,0.7802734375
1,1,4,phase_end,50331648,201326592,0.7802734375
1,2,1,phase_start,0,0,0.052734375
1,2,1,periodic,2097152,2097152,0.3720703125
1,2,1,periodic,4194304,4194304,0.4111328125
1,2,1,periodic,6291456,6291456,0.375
1,2,1,periodic,8388608,8388608,0.3955078125
1,2,1,periodic,10485760,10485760,0.416015625
1,2,1,periodic,12582912,12582912,0.392578125
1,2,1,periodic,14680064,14680064,0.37109375
1,2,1,periodic,16777216,16777216,0.404296875
1,2,1,periodic,18874368,18874368,0.4072265625
1,2,1,periodic,20971520,20971520,0.380859375
1,2,1,periodic,23068672,23068672,0.4072265625
1,2,1,periodic,25165824,25165824,0.3935546875
1,2,1,periodic,27262976,27262976,0.3642578125
1,2,1,periodic,29360128,29360128,0.392578125
1,2,1,periodic,31457280,31457280,0.3779296875
1,2,1,periodic,33554432,33554432,0.4228515625
1,2,1,periodic,35651584,35651584,0.396484375
1,2,1,periodic,37748736,37748736,0.3759765625
1,2,1,periodic,39845888,39845888,0.3876953125
1,2,1,periodic,41943040,41943040,0.357421875
1,2,1,periodic,44040192,44040192,0.3740234375
1,2,1,periodic,46137344,46137344,0.4208984375
1,2,1,periodic,48234496,48234496,0.4169921875
1,2,1,periodic,50331648,50331648,0.408203125
1,2,1,phase_end,50331648,50331648,0.408203125
1,2,2,phase_start,0,50331648,0.552734375
1,2,2,periodic,2097152,52428800,0.57421875
1,2,2,periodic,4194304,54525952,0.58984375
1,2,2,periodic,6291456,56623104,0.5869140625
1,2,2,periodic,8388608,58720256,0.583984375
1,2,2,periodic,10485760,60817408,0.5556640625
1,2,2,periodic,12582912,62914560,0.5791015625
1,2,2,periodic,14680064,65011712,0.556640625
1,2,2,periodic,16777216,67108864,0.6015625
1,2,2,periodic,18874368,69206016,0.587890625
1,2,2,periodic,20971520,71303168,0.5830078125
1,2,2,periodic,23068672,73400320,0.548828125
1,2,2,periodic,25165824,75497472,0.58203125
1,2,2,periodic,27262976,77594624,0.5693359375
1,2,2,periodic,29360128,79691776,0.5927734375
1,2,2,periodic,31457280,81788928,0.5888671875
1,2,2,periodic,33554432,83886080,0.5703125
1,2,2,periodic,35651584,85983232,0.6240234375
1,2,2,periodic,37748736,88080384,0.6044921875
1,2,2,periodic,39845888,90177536,0.5712890625
1,2,2,periodic,41943040,92274688,0.5556640625
1,2,2,periodic,44040192,94371840,0.556640625
1,2,2,periodic,46137344,96468992,0.583984375
1,2,2,periodic,48234496,98566144,0.583984375
1,2,2,periodic,50331648,100663296,0.564453125
1,2,2,phase_end,50331648,100663296,0.564453125
1,2,3,phase_start,0,100663296,0.78125
1,2,3,periodic,2097152,102760448,0.7919921875
1,2,3,periodic,4194304,104857600,0.796875
1,2,3,periodic,6291456,106954752,0.771484375
1,2,3,periodic,8388608,109051904,0.7705078125
1,2,3,periodic,10485760,111149056,0.7734375
1,2,3,periodic,12582912,113246208,0.7783203125
1,2,3,periodic,14680064,115343360,0.7802734375
1,2,3,periodic,16777216,117440512,0.78515625
1,2,3,periodic,18874368,119537664,0.7822265625
1,2,3,periodic,20971520,121634816,0.783203125
1,2,3,periodic,23068672,123731968,0.8017578125
1,2,3,periodic,25165824,125829120,0.78515625
1,2,3,periodic,27262976,127926272,0.755859375
1,2,3,periodic,29360128,130023424,0.7734375
1,2,3,periodic,31457280,132120576,0.78515625
1,2,3,periodic,33554432,134217728,0.7734375
1,2,3,periodic,35651584,136314880,0.7685546875
1,2,3,periodic,37748736,138412032,0.787109375
1,2,3,periodic,39845888,140509184,0.77734375
1,2,3,periodic,41943040,142606336,0.791015625
1,2,3,periodic,44040192,144703488,0.783203125
1,2,3,periodic,46137344,146800640,0.78515625
1,2,3,periodic,48234496,148897792,0.7822265625
1,2,3,periodic,50331648,150994944,0.7626953125
1,2,3,phase_end,50331648,150994944,0.7626953125
1,2,4,phase_start,0,150994944,0.8037109375
1,2,4,periodic,2097152,153092096,0.763671875
1,2,4,periodic,4194304,155189248,0.7939453125
1,2,4,periodic,6291456,157286400,0.783203125
1,2,4,periodic,8388608,159383552,0.7861328125
1,2,4,periodic,10485760,161480704,0.779296875
1,2,4,periodic,12582912,163577856,0.779296875
1,2,4,periodic,14680064,165675008,0.7841796875
1,2,4,periodic,16777216,167772160,0.7861328125
1,2,4,periodic,18874368,169869312,0.7880859375
1,2,4,periodic,20971520,171966464,0.7685546875
1,2,4,periodic,23068672,174063616,0.7646484375
1,2,4,periodic,25165824,176160768,0.7822265625
1,2,4,periodic,27262976,178257920,0.7998046875
1,2,4,periodic,29360128,180355072,0.7880859375
1,2,4,periodic,31457280,182452224,0.7861328125
1,2,4,periodic,33554432,184549376,0.79296875
1,2,4,periodic,35651584,186646528,0.779296875
1,2,4,periodic,37748736,188743680,0.78515625
1,2,4,periodic,39845888,190840832,0.765625
1,2,4,periodic,41943040,192937984,0.796875
1,2,4,periodic,44040192,195035136,0.7890625
1,2,4,periodic,46137344,197132288,0.7890625
1,2,4,periodic,48234496,199229440,0.7724609375
1,2,4,periodic,50331648,201326592,0.7763671875
1,2,4,phase_end,50331648,201326592,0.7763671875
1,3,1,phase_start,0,0,0.0517578125
1,3,1,periodic,2097152,2097152,0.388671875
1,3,1,periodic,4194304,4194304,0.3818359375
1,3,1,periodic,6291456,6291456,0.3828125
1,3,1,periodic,8388608,8388608,0.3916015625
1,3,1,periodic,10485760,10485760,0.390625
1,3,1,periodic,12582912,12582912,0.412109375
1,3,1,periodic,14680064,14680064,0.380859375
1,3,1,periodic,16777216,16777216,0.3818359375
1,3,1,periodic,18874368,18874368,0.3974609375
1,3,1,periodic,20971520,20971520,0.37890625
1,3,1,periodic,23068672,23068672,0.3505859375
1,3,1,periodic,25165824,25165824,0.3916015625
1,3,1,periodic,27262976,27262976,0.38671875
1,3,1,periodic,29360128,29360128,0.349609375
1,3,1,periodic,31457280,31457280,0.41796875
1,3,1,periodic,33554432,33554432,0.3798828125
1,3,1,periodic,35651584,35651584,0.400390625
1,3,1,periodic,37748736,37748736,0.404296875
1,3,1,periodic,39845888,39845888,0.4423828125
1,3,1,periodic,41943040,41943040,0.3955078125
1,3,1,periodic,44040192,44040192,0.3671875
1,3,1,periodic,46137344,46137344,0.373046875
1,3,1,periodic,48234496,48234496,0.404296875
1,3,1,periodic,50331648,50331648,0.369140625
1,3,1,phase_end,50331648,50331648,0.369140625
1,3,2,phase_start,0,50331648,0.05078125
1,3,2,periodic,2097152,52428800,0.58984375
1,3,2,periodic,4194304,54525952,0.5849609375
1,3,2,periodic,6291456,56623104,0.5771484375
1,3,2,periodic,8388608,58720256,0.5703125
1,3,2,periodic,10485760,60817408,0.5546875
1,3,2,periodic,12582912,62914560,0.59765625
1,3,2,periodic,14680064,65011712,0.58203125
1,3,2,periodic,16777216,67108864,0.58984375
1,3,2,periodic,18874368,69206016,0.587890625
1,3,2,periodic,20971520,71303168,0.580078125
1,3,2,periodic,23068672,73400320,0.572265625
1,3,2,periodic,25165824,75497472,0.6025390625
1,3,2,periodic,27262976,77594624,0.54296875
1,3,2,periodic,29360128,79691776,0.587890625
1,3,2,periodic,31457280,81788928,0.568359375
1,3,2,periodic,33554432,83886080,0.59375
1,3,2,periodic,35651584,85983232,0.5703125
1,3,2,periodic,37748736,88080384,0.6171875
1,3,2,periodic,39845888,90177536,0.5703125
1,3,2,periodic,41943040,92274688,0.5908203125
1,3,2,periodic,44040192,94371840,0.5693359375
1,3,2,periodic,46137344,96468992,0.578125
1,3,2,periodic,48234496,98566144,0.5703125
1,3,2,periodic,50331648,100663296,0.591796875
1,3,2,phase_end,50331648,100663296,0.591796875
1,3,3,phase_start,0,100663296,0.7802734375
1,3,3,periodic,2097152,102760448,0.779296875
1,3,3,periodic,4194304,104857600,0.7763671875
1,3,3,periodic,6291456,106954752,0.779296875
1,3,3,periodic,8388608,109051904,0.7802734375
1,3,3,periodic,10485760,111149056,0.7939453125
1,3,3,periodic,12582912,113246208,0.783203125
1,3,3,periodic,14680064,115343360,0.787109375
1,3,3,periodic,16777216,117440512,0.7783203125
1,3,3,periodic,18874368,119537664,0.7822265625
1,3,3,periodic,20971520,121634816,0.7783203125
1,3,3,periodic,23068672,123731968,0.78515625
1,3,3,periodic,25165824,125829120,0.765625
1,3,3,periodic,27262976,127926272,0.7646484375
1,3,3,periodic,29360128,130023424,0.771484375
1,3,3,periodic,31457280,132120576,0.7919921875
1,3,3,periodic,33554432,134217728,0.771484375
1,3,3,periodic,35651584,136314880,0.78125
1,3,3,periodic,37748736,138412032,0.7880859375
1,3,3,periodic,39845888,140509184,0.7919921875
1,3,3,periodic,41943040,142606336,0.779296875
1,3,3,periodic,44040192,144703488,0.7978515625
1,3,3,periodic,46137344,146800640,0.7939453125
1,3,3,periodic,48234496,148897792,0.7900390625
1,3,3,periodic,50331648,150994944,0.78125
1,3,3,phase_end,50331648,150994944,0.78125
1,3,4,phase_start,0,150994944,0.0
1,3,4,periodic,2097152,153092096,0.0
1,3,4,periodic,4194304,155189248,0.0
1,3,4,periodic,6291456,157286400,0.0
1,3,4,periodic,8388608,159383552,0.0
1,3,4,periodic,10485760,161480704,0.0
1,3,4,periodic,12582912,163577856,0.0
1,3,4,periodic,14680064,165675008,0.0
1,3,4,periodic,16777216,167772160,0.0
1,3,4,periodic,18874368,169869312,0.0
1,3,4,periodic,20971520,171966464,0.0
1,3,4,periodic,23068672,174063616,0.0
1,3,4,periodic,25165824,176160768,0.0
1,3,4,periodic,27262976,178257920,0.0
1,3,4,periodic,29360128,180355072,0.0
1,3,4,periodic,31457280,182452224,0.0
1,3,4,periodic,33554432,184549376,0.0
1,3,4,periodic,35651584,186646528,0.0
1,3,4,periodic,37748736,188743680,0.0
1,3,4,periodic,39845888,190840832,0.0
1,3,4,periodic,41943040,192937984,0.0
1,3,4,periodic,44040192,195035136,0.0
1,3,4,periodic,46137344,197132288,0.0
1,3,4,periodic,48234496,199229440,0.0
1,3,4,periodic,50331648,201326592,0.0
1,3,4,phase_end,50331648,201326592,0.0
1,4,1,phase_start,0,0,0.05078125
1,4,1,periodic,2097152,2097152,0.3662109375
1,4,1,periodic,4194304,4194304,0.4248046875
1,4,1,periodic,6291456,6291456,0.35546875
1,4,1,periodic,8388608,8388608,0.3701171875
1,4,1,periodic,10485760,10485760,0.412109375
1,4,1,periodic,12582912,12582912,0.4150390625
1,4,1,periodic,14680064,14680064,0.3857421875
1,4,1,periodic,16777216,16777216,0.3955078125
1,4,1,periodic,18874368,18874368,0.3779296875
1,4,1,periodic,20971520,20971520,0.376953125
1,4,1,periodic,23068672,23068672,0.4130859375
1,4,1,periodic,25165824,25165824,0.3603515625
1,4,1,periodic,27262976,27262976,0.3896484375
1,4,1,periodic,29360128,29360128,0.3818359375
1,4,1,periodic,31457280,31457280,0.3876953125
1,4,1,periodic,33554432,33554432,0.3779296875
1,4,1,periodic,35651584,35651584,0.4248046875
1,4,1,periodic,37748736,37748736,0.4072265625
1,4,1,periodic,39845888,39845888,0.3876953125
1,4,1,periodic,41943040,41943040,0.3779296875
1,4,1,periodic,44040192,44040192,0.3701171875
1,4,1,periodic,46137344,46137344,0.3779296875
1,4,1,periodic,48234496,48234496,0.392578125
1,4,1,periodic,50331648,50331648,0.0
1,4,1,phase_end,50331648,50331648,0.0
1,4,2,phase_start,0,50331648,0.0
1,4,2,periodic,2097152,52428800,0.0
1,4,2,periodic,4194304,54525952,0.0
1,4,2,periodic,6291456,56623104,0.0
1,4,2,periodic,8388608,58720256,0.0
1,4,2,periodic,10485760,60817408,0.0
1,4,2,periodic,12582912,62914560,0.0
1,4,2,periodic,14680064,65011712,0.0
1,4,2,periodic,16777216,67108864,0.0
1,4,2,periodic,18874368,69206016,0.0
1,4,2,periodic,20971520,71303168,0.0009765625
1,4,2,periodic,23068672,73400320,0.5830078125
1,4,2,periodic,25165824,75497472,0.56640625
1,4,2,periodic,27262976,77594624,0.5771484375
1,4,2,periodic,29360128,79691776,0.5732421875
1,4,2,periodic,31457280,81788928,0.5849609375
1,4,2,periodic,33554432,83886080,0.5888671875
1,4,2,periodic,35651584,85983232,0.5791015625
1,4,2,periodic,37748736,88080384,0.5849609375
1,4,2,periodic,39845888,90177536,0.5634765625
1,4,2,periodic,41943040,92274688,0.583984375
1,4,2,periodic,44040192,94371840,0.560546875
1,4,2,periodic,46137344,96468992,0.5712890625
1,4,2,periodic,48234496,98566144,0.609375
1,4,2,periodic,50331648,100663296,0.5537109375
1,4,2,phase_end,50331648,100663296,0.5537109375
1,4,3,phase_start,0,100663296,0.79296875
1,4,3,periodic,2097152,102760448,0.7783203125
1,4,3,periodic,4194304,104857600,0.791015625
1,4,3,periodic,6291456,106954752,0.7861328125
1,4,3,periodic,8388608,109051904,0.7900390625
1,4,3,periodic,10485760,111149056,0.80078125
1,4,3,periodic,12582912,113246208,0.7666015625
1,4,3,periodic,14680064,115343360,0.7841796875
1,4,3,periodic,16777216,117440512,0.7841796875
1,4,3,periodic,18874368,119537664,0.7763671875
1,4,3,periodic,20971520,121634816,0.779296875
1,4,3,periodic,23068672,123731968,0.7939453125
1,4,3,periodic,25165824,125829120,0.779296875
1,4,3,periodic,27262976,127926272,0.76953125
1,4,3,periodic,29360128,130023424,0.7861328125
1,4,3,periodic,31457280,132120576,0.78515625
1,4,3,periodic,33554432,134217728,0.7841796875
1,4,3,periodic,35651584,136314880,0.7978515625
1,4,3,periodic,37748736,138412032,0.7890625
1,4,3,periodic,39845888,140509184,0.779296875
1,4,3,periodic,41943040,142606336,0.796875
1,4,3,periodic,44040192,144703488,0.771484375
1,4,3,periodic,46137344,146800640,0.7744140625
1,4,3,periodic,48234496,148897792,0.7763671875
1,4,3,periodic,50331648,150994944,0.7861328125
1,4,3,phase_end,50331648,150994944,0.7861328125
1,4,4,phase_start,0,150994944,0.78515625
1,4,4,periodic,2097152,153092096,0.779296875
1,4,4,periodic,4194304,155189248,0.787109375
1,4,4,periodic,6291456,157286400,0.775390625
1,4,4,periodic,8388608,159383552,0.8125
1,4,4,periodic,10485760,161480704,0.7880859375
1,4,4,periodic,12582912,163577856,0.7802734375
1,4,4,periodic,14680064,165675008,0.78515625
1,4,4,periodic,16777216,167772160,0.78125
1,4,4,periodic,18874368,169869312,0.7666015625
1,4,4,periodic,20971520,171966464,0.7763671875
1,4,4,periodic,23068672,174063616,0.77734375
1,4,4,periodic,25165824,176160768,0.76953125
1,4,4,periodic,27262976,178257920,0.7919921875
1,4,4,periodic,29360128,180355072,0.7919921875
1,4,4,periodic,31457280,182452224,0.8125
1,4,4,periodic,33554432,184549376,0.767578125
1,4,4,periodic,35651584,186646528,0.77734375
1,4,4,periodic,37748736,188743680,0.798828125
1,4,4,periodic,39845888,190840832,0.7724609375
1,4,4,periodic,41943040,192937984,0.798828125
1,4,4,periodic,44040192,195035136,0.80859375
1,4,4,periodic,46137344,197132288,0.775390625
1,4,4,periodic,48234496,199229440,0.7900390625
1,4,4,periodic,50331648,201326592,0.7822265625
1,4,4,phase_end,50331648,201326592,0.7822265625
4,0,1,phase_start,0,0,0.052734375
4,0,1,periodic,2097152,2097152,0.671875
4,0,1,periodic,4194304,4194304,0.748046875
4,0,1,periodic,6291456,6291456,0.6875
4,0,1,periodic,8388608,8388608,0.634765625
4,0,1,periodic,10485760,10485760,0.677734375
4,0,1,periodic,12582912,12582912,0.6591796875
4,0,1,periodic,14680064,14680064,0.7431640625
4,0,1,periodic,16777216,16777216,0.701171875
4,0,1,periodic,18874368,18874368,0.7080078125
4,0,1,periodic,20971520,20971520,0.658203125
4,0,1,periodic,23068672,23068672,0.736328125
4,0,1,periodic,25165824,25165824,0.75
4,0,1,periodic,27262976,27262976,0.6904296875
4,0,1,periodic,29360128,29360128,0.671875
4,0,1,periodic,31457280,31457280,0.6572265625
4,0,1,periodic,33554432,33554432,0.72265625
4,0,1,periodic,35651584,35651584,0.6826171875
4,0,1,periodic,37748736,37748736,0.7333984375
4,0,1,periodic,39845888,39845888,0.6962890625
4,0,1,periodic,41943040,41943040,0.6943359375
4,0,1,periodic,44040192,44040192,0.75
4,0,1,periodic,46137344,46137344,0.705078125
4,0,1,periodic,48234496,48234496,0.7060546875
4,0,1,periodic,50331648,50331648,0.73828125
4,0,1,phase_end,50331648,50331648,0.73828125
4,0,2,phase_start,0,50331648,0.3095703125
4,0,2,periodic,2097152,52428800,0.3076171875
4,0,2,periodic,4194304,54525952,0.3466796875
4,0,2,periodic,6291456,56623104,0.3095703125
4,0,2,periodic,8388608,58720256,0.291015625
4,0,2,periodic,10485760,60817408,0.2939453125
4,0,2,periodic,12582912,62914560,0.310546875
4,0,2,periodic,14680064,65011712,0.29296875
4,0,2,periodic,16777216,67108864,0.3046875
4,0,2,periodic,18874368,69206016,0.318359375
4,0,2,periodic,20971520,71303168,0.2939453125
4,0,2,periodic,23068672,73400320,0.3095703125
4,0,2,periodic,25165824,75497472,0.2880859375
4,0,2,periodic,27262976,77594624,0.2919921875
4,0,2,periodic,29360128,79691776,0.283203125
4,0,2,periodic,31457280,81788928,0.28515625
4,0,2,periodic,33554432,83886080,0.3095703125
4,0,2,periodic,35651584,85983232,0.2890625
4,0,2,periodic,37748736,88080384,0.30078125
4,0,2,periodic,39845888,90177536,0.283203125
4,0,2,periodic,41943040,92274688,0.28515625
4,0,2,periodic,44040192,94371840,0.2880859375
4,0,2,periodic,46137344,96468992,0.28515625
4,0,2,periodic,48234496,98566144,0.2783203125
4,0,2,periodic,50331648,100663296,0.291015625
4,0,2,phase_end,50331648,100663296,0.291015625
4,0,3,phase_start,0,100663296,0.5400390625
4,0,3,periodic,2097152,102760448,0.5390625
4,0,3,periodic,4194304,104857600,0.5546875
4,0,3,periodic,6291456,106954752,0.5283203125
4,0,3,periodic,8388608,109051904,0.5322265625
4,0,3,periodic,10485760,111149056,0.52734375
4,0,3,periodic,12582912,113246208,0.515625
4,0,3,periodic,14680064,115343360,0.54296875
4,0,3,periodic,16777216,117440512,0.5263671875
4,0,3,periodic,18874368,119537664,0.533203125
4,0,3,periodic,20971520,121634816,0.5517578125
4,0,3,periodic,23068672,123731968,0.5205078125
4,0,3,periodic,25165824,125829120,0.5546875
4,0,3,periodic,27262976,127926272,0.5615234375
4,0,3,periodic,29360128,130023424,0.5302734375
4,0,3,periodic,31457280,132120576,0.548828125
4,0,3,periodic,33554432,134217728,0.529296875
4,0,3,periodic,35651584,136314880,0.5458984375
4,0,3,periodic,37748736,138412032,0.5234375
4,0,3,periodic,39845888,140509184,0.5517578125
4,0,3,periodic,41943040,142606336,0.529296875
4,0,3,periodic,44040192,144703488,0.5205078125
4,0,3,periodic,46137344,146800640,0.55078125
4,0,3,periodic,48234496,148897792,0.5361328125
4,0,3,periodic,50331648,150994944,0.525390625
4,0,3,phase_end,50331648,150994944,0.525390625
4,0,4,phase_start,0,150994944,0.3515625
4,0,4,periodic,2097152,153092096,0.3955078125
4,0,4,periodic,4194304,155189248,0.3974609375
4,0,4,periodic,6291456,157286400,0.3662109375
4,0,4,periodic,8388608,159383552,0.392578125
4,0,4,periodic,10485760,161480704,0.4140625
4,0,4,periodic,12582912,163577856,0.3994140625
4,0,4,periodic,14680064,165675008,0.4033203125
4,0,4,periodic,16777216,167772160,0.3818359375
4,0,4,periodic,18874368,169869312,0.390625
4,0,4,periodic,20971520,171966464,0.3935546875
4,0,4,periodic,23068672,174063616,0.4130859375
4,0,4,periodic,25165824,176160768,0.37890625
4,0,4,periodic,27262976,178257920,0.3662109375
4,0,4,periodic,29360128,180355072,0.400390625
4,0,4,periodic,31457280,182452224,0.384765625
4,0,4,periodic,33554432,184549376,0.388671875
4,0,4,periodic,35651584,186646528,0.380859375
4,0,4,periodic,37748736,188743680,0.4013671875
4,0,4,periodic,39845888,190840832,0.3974609375
4,0,4,periodic,41943040,192937984,0.3857421875
4,0,4,periodic,44040192,195035136,0.3935546875
4,0,4,periodic,46137344,197132288,0.3662109375
4,0,4,periodic,48234496,199229440,0.3671875
4,0,4,periodic,50331648,201326592,0.4013671875
4,0,4,phase_end,50331648,201326592,0.4013671875
4,1,1,phase_start,0,0,0.0498046875
4,1,1,periodic,2097152,2097152,0.677734375
4,1,1,periodic,4194304,4194304,0.7138671875
4,1,1,periodic,6291456,6291456,0.6552734375
4,1,1,periodic,8388608,8388608,0.7509765625
4,1,1,periodic,10485760,10485760,0.7041015625
4,1,1,periodic,12582912,12582912,0.681640625
4,1,1,periodic,14680064,14680064,0.6884765625
4,1,1,periodic,16777216,16777216,0.7060546875
4,1,1,periodic,18874368,18874368,0.693359375
4,1,1,periodic,20971520,20971520,0.66796875
4,1,1,periodic,23068672,23068672,0.7509765625
4,1,1,periodic,25165824,25165824,0.6796875
4,1,1,periodic,27262976,27262976,0.6630859375
4,1,1,periodic,29360128,29360128,0.693359375
4,1,1,periodic,31457280,31457280,0.6884765625
4,1,1,periodic,33554432,33554432,0.6435546875
4,1,1,periodic,35651584,35651584,0.6982421875
4,1,1,periodic,37748736,37748736,0.685546875
4,1,1,periodic,39845888,39845888,0.6806640625
4,1,1,periodic,41943040,41943040,0.6787109375
4,1,1,periodic,44040192,44040192,0.6943359375
4,1,1,periodic,46137344,46137344,0.7041015625
4,1,1,periodic,48234496,48234496,0.6953125
4,1,1,periodic,50331648,50331648,0.681640625
4,1,1,phase_end,50331648,50331648,0.681640625
4,1,2,phase_start,0,50331648,0.2880859375
4,1,2,periodic,2097152,52428800,0.2841796875
4,1,2,periodic,4194304,54525952,0.2998046875
4,1,2,periodic,6291456,56623104,0.287109375
4,1,2,periodic,8388608,58720256,0.2890625
4,1,2,periodic,10485760,60817408,0.28515625
4,1,2,periodic,12582912,62914560,0.271484375
4,1,2,periodic,14680064,65011712,0.2802734375
4,1,2,periodic,16777216,67108864,0.3046875
4,1,2,periodic,18874368,69206016,0.287109375
4,1,2,periodic,20971520,71303168,0.2958984375
4,1,2,periodic,23068672,73400320,0.3076171875
4,1,2,periodic,25165824,75497472,0.3017578125
4,1,2,periodic,27262976,77594624,0.2978515625
4,1,2,periodic,29360128,79691776,0.298828125
4,1,2,periodic,31457280,81788928,0.30078125
4,1,2,periodic,33554432,83886080,0.28515625
4,1,2,periodic,35651584,85983232,0.30078125
4,1,2,periodic,37748736,88080384,0.2802734375
4,1,2,periodic,39845888,90177536,0.2744140625
4,1,2,periodic,41943040,92274688,0.298828125
4,1,2,periodic,44040192,94371840,0.291015625
4,1,2,periodic,46137344,96468992,0.3134765625
4,1,2,periodic,48234496,98566144,0.2939453125
4,1,2,periodic,50331648,100663296,0.2783203125
4,1,2,phase_end,50331648,100663296,0.2783203125
4,1,3,phase_start,0,100663296,0.541015625
4,1,3,periodic,2097152,102760448,0.5341796875
4,1,3,periodic,4194304,104857600,0.5458984375
4,1,3,periodic,6291456,106954752,0.5478515625
4,1,3,periodic,8388608,109051904,0.515625
4,1,3,periodic,10485760,111149056,0.537109375
4,1,3,periodic,12582912,113246208,0.5224609375
4,1,3,periodic,14680064,115343360,0.5390625
4,1,3,periodic,16777216,117440512,0.5224609375
4,1,3,periodic,18874368,119537664,0.537109375
4,1,3,periodic,20971520,121634816,0.5478515625
4,1,3,periodic,23068672,123731968,0.529296875
4,1,3,periodic,25165824,125829120,0.5478515625
4,1,3,periodic,27262976,127926272,0.537109375
4,1,3,periodic,29360128,130023424,0.5546875
4,1,3,periodic,31457280,132120576,0.5166015625
4,1,3,periodic,33554432,134217728,0.5390625
4,1,3,periodic,35651584,136314880,0.5263671875
4,1,3,periodic,37748736,138412032,0.5439453125
4,1,3,periodic,39845888,140509184,0.5341796875
4,1,3,periodic,41943040,142606336,0.5341796875
4,1,3,periodic,44040192,144703488,0.55859375
4,1,3,periodic,46137344,146800640,0.541015625
4,1,3,periodic,48234496,148897792,0.5380859375
4,1,3,periodic,50331648,150994944,0.5390625
4,1,3,phase_end,50331648,150994944,0.5390625
4,1,4,phase_start,0,150994944,0.333984375
4,1,4,periodic,2097152,153092096,0.3984375
4,1,4,periodic,4194304,155189248,0.40625
4,1,4,periodic,6291456,157286400,0.427734375
4,1,4,periodic,8388608,159383552,0.404296875
4,1,4,periodic,10485760,161480704,0.3642578125
4,1,4,periodic,12582912,163577856,0.419921875
4,1,4,periodic,14680064,165675008,0.412109375
4,1,4,periodic,16777216,167772160,0.3916015625
4,1,4,periodic,18874368,169869312,0.3994140625
4,1,4,periodic,20971520,171966464,0.3935546875
4,1,4,periodic,23068672,174063616,0.400390625
4,1,4,periodic,25165824,176160768,0.4052734375
4,1,4,periodic,27262976,178257920,0.3857421875
4,1,4,periodic,29360128,180355072,0.3720703125
4,1,4,periodic,31457280,182452224,0.365234375
4,1,4,periodic,33554432,184549376,0.39453125
4,1,4,periodic,35651584,186646528,0.4189453125
4,1,4,periodic,37748736,188743680,0.4052734375
4,1,4,periodic,39845888,190840832,0.359375
4,1,4,periodic,41943040,192937984,0.4013671875
4,1,4,periodic,44040192,195035136,0.353515625
4,1,4,periodic,46137344,197132288,0.3935546875
4,1,4,periodic,48234496,199229440,0.3671875
4,1,4,periodic,50331648,201326592,0.3740234375
4,1,4,phase_end,50331648,201326592,0.3740234375
4,2,1,phase_start,0,0,0.05078125
4,2,1,periodic,2097152,2097152,0.6787109375
4,2,1,periodic,4194304,4194304,0.72265625
4,2,1,periodic,6291456,6291456,0.7255859375
4,2,1,periodic,8388608,8388608,0.7509765625
4,2,1,periodic,10485760,10485760,0.75
4,2,1,periodic,12582912,12582912,0.6650390625
4,2,1,periodic,14680064,14680064,0.693359375
4,2,1,periodic,16777216,16777216,0.7080078125
4,2,1,periodic,18874368,18874368,0.708984375
4,2,1,periodic,20971520,20971520,0.6826171875
4,2,1,periodic,23068672,23068672,0.681640625
4,2,1,periodic,25165824,25165824,0.6572265625
4,2,1,periodic,27262976,27262976,0.7412109375
4,2,1,periodic,29360128,29360128,0.7138671875
4,2,1,periodic,31457280,31457280,0.6845703125
4,2,1,periodic,33554432,33554432,0.7548828125
4,2,1,periodic,35651584,35651584,0.6767578125
4,2,1,periodic,37748736,37748736,0.673828125
4,2,1,periodic,39845888,39845888,0.736328125
4,2,1,periodic,41943040,41943040,0.6923828125
4,2,1,periodic,44040192,44040192,0.69140625
4,2,1,periodic,46137344,46137344,0.7509765625
4,2,1,periodic,48234496,48234496,0.7509765625
4,2,1,periodic,50331648,50331648,0.6962890625
4,2,1,phase_end,50331648,50331648,0.6962890625
4,2,2,phase_start,0,50331648,0.2900390625
4,2,2,periodic,2097152,52428800,0.2841796875
4,2,2,periodic,4194304,54525952,0.314453125
4,2,2,periodic,6291456,56623104,0.2900390625
4,2,2,periodic,8388608,58720256,0.2783203125
4,2,2,periodic,10485760,60817408,0.291015625
4,2,2,periodic,12582912,62914560,0.2958984375
4,2,2,periodic,14680064,65011712,0.294921875
4,2,2,periodic,16777216,67108864,0.31640625
4,2,2,periodic,18874368,69206016,0.2939453125
4,2,2,periodic,20971520,71303168,0.3125
4,2,2,periodic,23068672,73400320,0.271484375
4,2,2,periodic,25165824,75497472,0.2763671875
4,2,2,periodic,27262976,77594624,0.3095703125
4,2,2,periodic,29360128,79691776,0.2890625
4,2,2,periodic,31457280,81788928,0.30859375
4,2,2,periodic,33554432,83886080,0.3212890625
4,2,2,periodic,35651584,85983232,0.2822265625
4,2,2,periodic,37748736,88080384,0.296875
4,2,2,periodic,39845888,90177536,0.29296875
4,2,2,periodic,41943040,92274688,0.29296875
4,2,2,periodic,44040192,94371840,0.2763671875
4,2,2,periodic,46137344,96468992,0.294921875
4,2,2,periodic,48234496,98566144,0.2900390625
4,2,2,periodic,50331648,100663296,0.2841796875
4,2,2,phase_end,50331648,100663296,0.2841796875
4,2,3,phase_start,0,100663296,0.556640625
4,2,3,periodic,2097152,102760448,0.5419921875
4,2,3,periodic,4194304,104857600,0.5478515625
4,2,3,periodic,6291456,106954752,0.5361328125
4,2,3,periodic,8388608,109051904,0.5537109375
4,2,3,periodic,10485760,111149056,0.541015625
4,2,3,periodic,12582912,113246208,0.55078125
4,2,3,periodic,14680064,115343360,0.544921875
4,2,3,periodic,16777216,117440512,0.533203125
4,2,3,periodic,18874368,119537664,0.5263671875
4,2,3,periodic,20971520,121634816,0.5361328125
4,2,3,periodic,23068672,123731968,0.53515625
4,2,3,periodic,25165824,125829120,0.5546875
4,2,3,periodic,27262976,127926272,0.5400390625
4,2,3,periodic,29360128,130023424,0.525390625
4,2,3,periodic,31457280,132120576,0.537109375
4,2,3,periodic,33554432,134217728,0.533203125
4,2,3,periodic,35651584,136314880,0.541015625
4,2,3,periodic,37748736,138412032,0.5341796875
4,2,3,periodic,39845888,140509184,0.513671875
4,2,3,periodic,41943040,142606336,0.572265625
4,2,3,periodic,44040192,144703488,0.5400390625
4,2,3,periodic,46137344,146800640,0.576171875
4,2,3,periodic,48234496,148897792,0.5185546875
4,2,3,periodic,50331648,150994944,0.5302734375
4,2,3,phase_end,50331648,150994944,0.5302734375
4,2,4,phase_start,0,150994944,0.376953125
4,2,4,periodic,2097152,153092096,0.3798828125
4,2,4,periodic,4194304,155189248,0.369140625
4,2,4,periodic,6291456,157286400,0.38671875
4,2,4,periodic,8388608,159383552,0.3779296875
4,2,4,periodic,10485760,161480704,0.38671875
4,2,4,periodic,12582912,163577856,0.419921875
4,2,4,periodic,14680064,165675008,0.3857421875
4,2,4,periodic,16777216,167772160,0.39453125
4,2,4,periodic,18874368,169869312,0.357421875
4,2,4,periodic,20971520,171966464,0.3642578125
4,2,4,periodic,23068672,174063616,0.3818359375
4,2,4,periodic,25165824,176160768,0.3798828125
4,2,4,periodic,27262976,178257920,0.3828125
4,2,4,periodic,29360128,180355072,0.380859375
4,2,4,periodic,31457280,182452224,0.3662109375
4,2,4,periodic,33554432,184549376,0.4111328125
4,2,4,periodic,35651584,186646528,0.3896484375
4,2,4,periodic,37748736,188743680,0.357421875
4,2,4,periodic,39845888,190840832,0.3984375
4,2,4,periodic,41943040,192937984,0.431640625
4,2,4,periodic,44040192,195035136,0.39453125
4,2,4,periodic,46137344,197132288,0.4052734375
4,2,4,periodic,48234496,199229440,0.369140625
4,2,4,periodic,50331648,201326592,0.3828125
4,2,4,phase_end,50331648,201326592,0.3828125
4,3,1,phase_start,0,0,0.044921875
4,3,1,periodic,2097152,2097152,0.6865234375
4,3,1,periodic,4194304,4194304,0.7421875
4,3,1,periodic,6291456,6291456,0.75
4,3,1,periodic,8388608,8388608,0.7470703125
4,3,1,periodic,10485760,10485760,0.6572265625
4,3,1,periodic,12582912,12582912,0.6982421875
4,3,1,periodic,14680064,14680064,0.6923828125
4,3,1,periodic,16777216,16777216,0.6787109375
4,3,1,periodic,18874368,18874368,0.6552734375
4,3,1,periodic,20971520,20971520,0.7119140625
4,3,1,periodic,23068672,23068672,0.6943359375
4,3,1,periodic,25165824,25165824,0.7138671875
4,3,1,periodic,27262976,27262976,0.6943359375
4,3,1,periodic,29360128,29360128,0.654296875
4,3,1,periodic,31457280,31457280,0.7421875
4,3,1,periodic,33554432,33554432,0.689453125
4,3,1,periodic,35651584,35651584,0.7509765625
4,3,1,periodic,37748736,37748736,0.7294921875
4,3,1,periodic,39845888,39845888,0.75
4,3,1,periodic,41943040,41943040,0.6787109375
4,3,1,periodic,44040192,44040192,0.697265625
4,3,1,periodic,46137344,46137344,0.7177734375
4,3,1,periodic,48234496,48234496,0.71484375
4,3,1,periodic,50331648,50331648,0.650390625
4,3,1,phase_end,50331648,50331648,0.650390625
4,3,2,phase_start,0,50331648,0.267578125
4,3,2,periodic,2097152,52428800,0.29296875
4,3,2,periodic,4194304,54525952,0.2841796875
4,3,2,periodic,6291456,56623104,0.3095703125
4,3,2,periodic,8388608,58720256,0.2890625
4,3,2,periodic,10485760,60817408,0.3056640625
4,3,2,periodic,12582912,62914560,0.279296875
4,3,2,periodic,14680064,65011712,0.2822265625
4,3,2,periodic,16777216,67108864,0.2978515625
4,3,2,periodic,18874368,69206016,0.310546875
4,3,2,periodic,20971520,71303168,0.306640625
4,3,2,periodic,23068672,73400320,0.2783203125
4,3,2,periodic,25165824,75497472,0.2919921875
4,3,2,periodic,27262976,77594624,0.2958984375
4,3,2,periodic,29360128,79691776,0.306640625
4,3,2,periodic,31457280,81788928,0.26171875
4,3,2,periodic,33554432,83886080,0.2998046875
4,3,2,periodic,35651584,85983232,0.29296875
4,3,2,periodic,37748736,88080384,0.2900390625
4,3,2,periodic,39845888,90177536,0.3154296875
4,3,2,periodic,41943040,92274688,0.298828125
4,3,2,periodic,44040192,94371840,0.28125
4,3,2,periodic,46137344,96468992,0.2822265625
4,3,2,periodic,48234496,98566144,0.28125
4,3,2,periodic,50331648,100663296,0.3193359375
4,3,2,phase_end,50331648,100663296,0.3193359375
4,3,3,phase_start,0,100663296,0.54296875
4,3,3,periodic,2097152,102760448,0.52734375
4,3,3,periodic,4194304,104857600,0.5400390625
4,3,3,periodic,6291456,106954752,0.5498046875
4,3,3,periodic,8388608,109051904,0.55078125
4,3,3,periodic,10485760,111149056,0.5673828125
4,3,3,periodic,12582912,113246208,0.55078125
4,3,3,periodic,14680064,115343360,0.5322265625
4,3,3,periodic,16777216,117440512,0.537109375
4,3,3,periodic,18874368,119537664,0.556640625
4,3,3,periodic,20971520,121634816,0.529296875
4,3,3,periodic,23068672,123731968,0.5341796875
4,3,3,periodic,25165824,125829120,0.5302734375
4,3,3,periodic,27262976,127926272,0.5361328125
4,3,3,periodic,29360128,130023424,0.5322265625
4,3,3,periodic,31457280,132120576,0.5625
4,3,3,periodic,33554432,134217728,0.5341796875
4,3,3,periodic,35651584,136314880,0.5390625
4,3,3,periodic,37748736,138412032,0.541015625
4,3,3,periodic,39845888,140509184,0.568359375
4,3,3,periodic,41943040,142606336,0.568359375
4,3,3,periodic,44040192,144703488,0.5400390625
4,3,3,periodic,46137344,146800640,0.5498046875
4,3,3,periodic,48234496,148897792,0.546875
4,3,3,periodic,50331648,150994944,0.5498046875
4,3,3,phase_end,50331648,150994944,0.5498046875
4,3,4,phase_start,0,150994944,0.376953125
4,3,4,periodic,2097152,153092096,0.376953125
4,3,4,periodic,4194304,155189248,0.41015625
4,3,4,periodic,6291456,157286400,0.3857421875
4,3,4,periodic,8388608,159383552,0.361328125
4,3,4,periodic,10485760,161480704,0.3779296875
4,3,4,periodic,12582912,163577856,0.3876953125
4,3,4,periodic,14680064,165675008,0.3603515625
4,3,4,periodic,16777216,167772160,0.376953125
4,3,4,periodic,18874368,169869312,0.3896484375
4,3,4,periodic,20971520,171966464,0.3935546875
4,3,4,periodic,23068672,174063616,0.3740234375
4,3,4,periodic,25165824,176160768,0.4013671875
4,3,4,periodic,27262976,178257920,0.384765625
4,3,4,periodic,29360128,180355072,0.3837890625
4,3,4,periodic,31457280,182452224,0.38671875
4,3,4,periodic,33554432,184549376,0.388671875
4,3,4,periodic,35651584,186646528,0.412109375
4,3,4,periodic,37748736,188743680,0.392578125
4,3,4,periodic,39845888,190840832,0.3916015625
4,3,4,periodic,41943040,192937984,0.376953125
4,3,4,periodic,44040192,195035136,0.3720703125
4,3,4,periodic,46137344,197132288,0.3779296875
4,3,4,periodic,48234496,199229440,0.4111328125
4,3,4,periodic,50331648,201326592,0.3662109375
4,3,4,phase_end,50331648,201326592,0.3662109375
4,4,1,phase_start,0,0,0.0546875
4,4,1,periodic,2097152,2097152,0.6923828125
4,4,1,periodic,4194304,4194304,0.712890625
4,4,1,periodic,6291456,6291456,0.7158203125
4,4,1,periodic,8388608,8388608,0.634765625
4,4,1,periodic,10485760,10485760,0.7275390625
4,4,1,periodic,12582912,12582912,0.689453125
4,4,1,periodic,14680064,14680064,0.6806640625
4,4,1,periodic,16777216,16777216,0.70703125
4,4,1,periodic,18874368,18874368,0.697265625
4,4,1,periodic,20971520,20971520,0.705078125
4,4,1,periodic,23068672,23068672,0.7431640625
4,4,1,periodic,25165824,25165824,0.7080078125
4,4,1,periodic,27262976,27262976,0.7109375
4,4,1,periodic,29360128,29360128,0.6943359375
4,4,1,periodic,31457280,31457280,0.6787109375
4,4,1,periodic,33554432,33554432,0.693359375
4,4,1,periodic,35651584,35651584,0.6904296875
4,4,1,periodic,37748736,37748736,0.72265625
4,4,1,periodic,39845888,39845888,0.6591796875
4,4,1,periodic,41943040,41943040,0.6689453125
4,4,1,periodic,44040192,44040192,0.6728515625
4,4,1,periodic,46137344,46137344,0.7314453125
4,4,1,periodic,48234496,48234496,0.6689453125
4,4,1,periodic,50331648,50331648,0.68359375
4,4,1,phase_end,50331648,50331648,0.68359375
4,4,2,phase_start,0,50331648,0.2939453125
4,4,2,periodic,2097152,52428800,0.2822265625
4,4,2,periodic,4194304,54525952,0.283203125
4,4,2,periodic,6291456,56623104,0.27734375
4,4,2,periodic,8388608,58720256,0.2861328125
4,4,2,periodic,10485760,60817408,0.2744140625
4,4,2,periodic,12582912,62914560,0.2861328125
4,4,2,periodic,14680064,65011712,0.2734375
4,4,2,periodic,16777216,67108864,0.3076171875
4,4,2,periodic,18874368,69206016,0.2734375
4,4,2,periodic,20971520,71303168,0.3271484375
4,4,2,periodic,23068672,73400320,0.291015625
4,4,2,periodic,25165824,75497472,0.29296875
4,4,2,periodic,27262976,77594624,0.30078125
4,4,2,periodic,29360128,79691776,0.30078125
4,4,2,periodic,31457280,81788928,0.3037109375
4,4,2,periodic,33554432,83886080,0.2900390625
4,4,2,periodic,35651584,85983232,0.3037109375
4,4,2,periodic,37748736,88080384,0.2734375
4,4,2,periodic,39845888,90177536,0.2958984375
4,4,2,periodic,41943040,92274688,0.2978515625
4,4,2,periodic,44040192,94371840,0.275390625
4,4,2,periodic,46137344,96468992,0.3017578125
4,4,2,periodic,48234496,98566144,0.2919921875
4,4,2,periodic,50331648,100663296,0.2724609375
4,4,2,phase_end,50331648,100663296,0.2724609375
4,4,3,phase_start,0,100663296,0.546875
4,4,3,periodic,2097152,102760448,0.5263671875
4,4,3,periodic,4194304,104857600,0.5595703125
4,4,3,periodic,6291456,106954752,0.541015625
4,4,3,periodic,8388608,109051904,0.5166015625
4,4,3,periodic,10485760,111149056,0.544921875
4,4,3,periodic,12582912,113246208,0.52734375
4,4,3,periodic,14680064,115343360,0.5537109375
4,4,3,periodic,16777216,117440512,0.533203125
4,4,3,periodic,18874368,119537664,0.544921875
4,4,3,periodic,20971520,121634816,0.5263671875
4,4,3,periodic,23068672,123731968,0.548828125
4,4,3,periodic,25165824,125829120,0.5458984375
4,4,3,periodic,27262976,127926272,0.5263671875
4,4,3,periodic,29360128,130023424,0.5537109375
4,4,3,periodic,31457280,132120576,0.5283203125
4,4,3,periodic,33554432,134217728,0.5361328125
4,4,3,periodic,35651584,136314880,0.537109375
4,4,3,periodic,37748736,138412032,0.55078125
4,4,3,periodic,39845888,140509184,0.5361328125
4,4,3,periodic,41943040,142606336,0.5341796875
4,4,3,periodic,44040192,144703488,0.517578125
4,4,3,periodic,46137344,146800640,0.5302734375
4,4,3,periodic,48234496,148897792,0.5537109375
4,4,3,periodic,50331648,150994944,0.5517578125
4,4,3,phase_end,50331648,150994944,0.5517578125
4,4,4,phase_start,0,150994944,0.390625
4,4,4,periodic,2097152,153092096,0.419921875
4,4,4,periodic,4194304,155189248,0.3759765625
4,4,4,periodic,6291456,157286400,0.4189453125
4,4,4,periodic,8388608,159383552,0.4150390625
4,4,4,periodic,10485760,161480704,0.419921875
4,4,4,periodic,12582912,163577856,0.392578125
4,4,4,periodic,14680064,165675008,0.4091796875
4,4,4,periodic,16777216,167772160,0.3671875
4,4,4,periodic,18874368,169869312,0.4052734375
4,4,4,periodic,20971520,171966464,0.396484375
4,4,4,periodic,23068672,174063616,0.3681640625
4,4,4,periodic,25165824,176160768,0.404296875
4,4,4,periodic,27262976,178257920,0.380859375
4,4,4,periodic,29360128,180355072,0.4072265625
4,4,4,periodic,31457280,182452224,0.396484375
4,4,4,periodic,33554432,184549376,0.3720703125
4,4,4,periodic,35651584,186646528,0.396484375
4,4,4,periodic,37748736,188743680,0.412109375
4,4,4,periodic,39845888,190840832,0.404296875
4,4,4,periodic,41943040,192937984,0.3720703125
4,4,4,periodic,44040192,195035136,0.4169921875
4,4,4,periodic,46137344,197132288,0.3955078125
4,4,4,periodic,48234496,199229440,0.416015625
4,4,4,periodic,50331648,201326592,0.38671875
4,4,4,phase_end,50331648,201326592,0.38671875
16,0,1,phase_start,0,0,0.0390625
16,0,1,periodic,2097152,2097152,0.3310546875
16,0,1,periodic,4194304,4194304,0.369140625
16,0,1,periodic,6291456,6291456,0.3408203125
16,0,1,periodic,8388608,8388608,0.3369140625
16,0,1,periodic,10485760,10485760,0.3447265625
16,0,1,periodic,12582912,12582912,0.35546875
16,0,1,periodic,14680064,14680064,0.38671875
16,0,1,periodic,16777216,16777216,0.3701171875
16,0,1,periodic,18874368,18874368,0.3671875
16,0,1,periodic,20971520,20971520,0.3515625
16,0,1,periodic,23068672,23068672,0.3466796875
16,0,1,periodic,25165824,25165824,0.34375
16,0,1,periodic,27262976,27262976,0.359375
16,0,1,periodic,29360128,29360128,0.376953125
16,0,1,periodic,31457280,31457280,0.3251953125
16,0,1,periodic,33554432,33554432,0.369140625
16,0,1,periodic,35651584,35651584,0.33203125
16,0,1,periodic,37748736,37748736,0.3740234375
16,0,1,periodic,39845888,39845888,0.361328125
16,0,1,periodic,41943040,41943040,0.318359375
16,0,1,periodic,44040192,44040192,0.37109375
16,0,1,periodic,46137344,46137344,0.3232421875
16,0,1,periodic,48234496,48234496,0.357421875
16,0,1,periodic,50331648,50331648,0.3583984375
16,0,1,phase_end,50331648,50331648,0.3583984375
16,0,2,phase_start,0,50331648,0.5126953125
16,0,2,periodic,2097152,52428800,0.5078125
16,0,2,periodic,4194304,54525952,0.51171875
16,0,2,periodic,6291456,56623104,0.52734375
16,0,2,periodic,8388608,58720256,0.537109375
16,0,2,periodic,10485760,60817408,0.51171875
16,0,2,periodic,12582912,62914560,0.517578125
16,0,2,periodic,14680064,65011712,0.5283203125
16,0,2,periodic,16777216,67108864,0.513671875
16,0,2,periodic,18874368,69206016,0.525390625
16,0,2,periodic,20971520,71303168,0.4931640625
16,0,2,periodic,23068672,73400320,0.5205078125
16,0,2,periodic,25165824,75497472,0.5146484375
16,0,2,periodic,27262976,77594624,0.50390625
16,0,2,periodic,29360128,79691776,0.5087890625
16,0,2,periodic,31457280,81788928,0.5146484375
16,0,2,periodic,33554432,83886080,0.5126953125
16,0,2,periodic,35651584,85983232,0.5048828125
16,0,2,periodic,37748736,88080384,0.521484375
16,0,2,periodic,39845888,90177536,0.5224609375
16,0,2,periodic,41943040,92274688,0.513671875
16,0,2,periodic,44040192,94371840,0.51171875
16,0,2,periodic,46137344,96468992,0.517578125
16,0,2,periodic,48234496,98566144,0.5224609375
16,0,2,periodic,50331648,100663296,0.509765625
16,0,2,phase_end,50331648,100663296,0.509765625
16,0,3,phase_start,0,100663296,0.5107421875
16,0,3,periodic,2097152,102760448,0.474609375
16,0,3,periodic,4194304,104857600,0.5146484375
16,0,3,periodic,6291456,106954752,0.5009765625
16,0,3,periodic,8388608,109051904,0.4609375
16,0,3,periodic,10485760,111149056,0.4619140625
16,0,3,periodic,12582912,113246208,0.4560546875
16,0,3,periodic,14680064,115343360,0.5087890625
16,0,3,periodic,16777216,117440512,0.40234375
16,0,3,periodic,18874368,119537664,0.4892578125
16,0,3,periodic,20971520,121634816,0.486328125
16,0,3,periodic,23068672,123731968,0.4521484375
16,0,3,periodic,25165824,125829120,0.4638671875
16,0,3,periodic,27262976,127926272,0.48828125
16,0,3,periodic,29360128,130023424,0.5068359375
16,0,3,periodic,31457280,132120576,0.490234375
16,0,3,periodic,33554432,134217728,0.505859375
16,0,3,periodic,35651584,136314880,0.5009765625
16,0,3,periodic,37748736,138412032,0.5029296875
16,0,3,periodic,39845888,140509184,0.5048828125
16,0,3,periodic,41943040,142606336,0.466796875
16,0,3,periodic,44040192,144703488,0.5
16,0,3,periodic,46137344,146800640,0.5029296875
16,0,3,periodic,48234496,148897792,0.4716796875
16,0,3,periodic,50331648,150994944,0.4814453125
16,0,3,phase_end,50331648,150994944,0.4814453125
16,0,4,phase_start,0,150994944,0.3232421875
16,0,4,periodic,2097152,153092096,0.33984375
16,0,4,periodic,4194304,155189248,0.3330078125
16,0,4,periodic,6291456,157286400,0.3046875
16,0,4,periodic,8388608,159383552,0.33203125
16,0,4,periodic,10485760,161480704,0.31640625
16,0,4,periodic,12582912,163577856,0.3115234375
16,0,4,periodic,14680064,165675008,0.3466796875
16,0,4,periodic,16777216,167772160,0.3076171875
16,0,4,periodic,18874368,169869312,0.310546875
16,0,4,periodic,20971520,171966464,0.3134765625
16,0,4,periodic,23068672,174063616,0.326171875
16,0,4,periodic,25165824,176160768,0.302734375
16,0,4,periodic,27262976,178257920,0.3271484375
16,0,4,periodic,29360128,180355072,0.310546875
16,0,4,periodic,31457280,182452224,0.3212890625
16,0,4,periodic,33554432,184549376,0.3046875
16,0,4,periodic,35651584,186646528,0.328125
16,0,4,periodic,37748736,188743680,0.318359375
16,0,4,periodic,39845888,190840832,0.326171875
16,0,4,periodic,41943040,192937984,0.3212890625
16,0,4,periodic,44040192,195035136,0.32421875
16,0,4,periodic,46137344,197132288,0.3125
16,0,4,periodic,48234496,199229440,0.30859375
16,0,4,periodic,50331648,201326592,0.3212890625
16,0,4,phase_end,50331648,201326592,0.3212890625
16,1,1,phase_start,0,0,0.0263671875
16,1,1,periodic,2097152,2097152,0.3271484375
16,1,1,periodic,4194304,4194304,0.3369140625
16,1,1,periodic,6291456,6291456,0.333984375
16,1,1,periodic,8388608,8388608,0.3427734375
16,1,1,periodic,10485760,10485760,0.333984375
16,1,1,periodic,12582912,12582912,0.3525390625
16,1,1,periodic,14680064,14680064,0.3388671875
16,1,1,periodic,16777216,16777216,0.3603515625
16,1,1,periodic,18874368,18874368,0.33203125
16,1,1,periodic,20971520,20971520,0.373046875
16,1,1,periodic,23068672,23068672,0.376953125
16,1,1,periodic,25165824,25165824,0.36328125
16,1,1,periodic,27262976,27262976,0.3310546875
16,1,1,periodic,29360128,29360128,0.341796875
16,1,1,periodic,31457280,31457280,0.3232421875
16,1,1,periodic,33554432,33554432,0.3212890625
16,1,1,periodic,35651584,35651584,0.3408203125
16,1,1,periodic,37748736,37748736,0.3525390625
16,1,1,periodic,39845888,39845888,0.30859375
16,1,1,periodic,41943040,41943040,0.3232421875
16,1,1,periodic,44040192,44040192,0.328125
16,1,1,periodic,46137344,46137344,0.306640625
16,1,1,periodic,48234496,48234496,0.3818359375
16,1,1,periodic,50331648,50331648,0.3369140625
16,1,1,phase_end,50331648,50331648,0.3369140625
16,1,2,phase_start,0,50331648,0.5302734375
16,1,2,periodic,2097152,52428800,0.49609375
16,1,2,periodic,4194304,54525952,0.5146484375
16,1,2,periodic,6291456,56623104,0.509765625
16,1,2,periodic,8388608,58720256,0.5234375
16,1,2,periodic,10485760,60817408,0.513671875
16,1,2,periodic,12582912,62914560,0.521484375
16,1,2,periodic,14680064,65011712,0.5283203125
16,1,2,periodic,16777216,67108864,0.517578125
16,1,2,periodic,18874368,69206016,0.55078125
16,1,2,periodic,20971520,71303168,0.5244140625
16,1,2,periodic,23068672,73400320,0.509765625
16,1,2,periodic,25165824,75497472,0.5166015625
16,1,2,periodic,27262976,77594624,0.521484375
16,1,2,periodic,29360128,79691776,0.5146484375
16,1,2,periodic,31457280,81788928,0.5302734375
16,1,2,periodic,33554432,83886080,0.505859375
16,1,2,periodic,35651584,85983232,0.5107421875
16,1,2,periodic,37748736,88080384,0.5029296875
16,1,2,periodic,39845888,90177536,0.5107421875
16,1,2,periodic,41943040,92274688,0.5244140625
16,1,2,periodic,44040192,94371840,0.51171875
16,1,2,periodic,46137344,96468992,0.5341796875
16,1,2,periodic,48234496,98566144,0.513671875
16,1,2,periodic,50331648,100663296,0.513671875
16,1,2,phase_end,50331648,100663296,0.513671875
16,1,3,phase_start,0,100663296,0.5029296875
16,1,3,periodic,2097152,102760448,0.478515625
16,1,3,periodic,4194304,104857600,0.427734375
16,1,3,periodic,6291456,106954752,0.4716796875
16,1,3,periodic,8388608,109051904,0.458984375
16,1,3,periodic,10485760,111149056,0.4912109375
16,1,3,periodic,12582912,113246208,0.458984375
16,1,3,periodic,14680064,115343360,0.48828125
16,1,3,periodic,16777216,117440512,0.482421875
16,1,3,periodic,18874368,119537664,0.44921875
16,1,3,periodic,20971520,121634816,0.50390625
16,1,3,periodic,23068672,123731968,0.5068359375
16,1,3,periodic,25165824,125829120,0.5029296875
16,1,3,periodic,27262976,127926272,0.50390625
16,1,3,periodic,29360128,130023424,0.466796875
16,1,3,periodic,31457280,132120576,0.44921875
16,1,3,periodic,33554432,134217728,0.4931640625
16,1,3,periodic,35651584,136314880,0.4794921875
16,1,3,periodic,37748736,138412032,0.5
16,1,3,periodic,39845888,140509184,0.4951171875
16,1,3,periodic,41943040,142606336,0.5029296875
16,1,3,periodic,44040192,144703488,0.458984375
16,1,3,periodic,46137344,146800640,0.50390625
16,1,3,periodic,48234496,148897792,0.4296875
16,1,3,periodic,50331648,150994944,0.484375
16,1,3,phase_end,50331648,150994944,0.484375
16,1,4,phase_start,0,150994944,0.3349609375
16,1,4,periodic,2097152,153092096,0.30859375
16,1,4,periodic,4194304,155189248,0.3193359375
16,1,4,periodic,6291456,157286400,0.3388671875
16,1,4,periodic,8388608,159383552,0.3583984375
16,1,4,periodic,10485760,161480704,0.330078125
16,1,4,periodic,12582912,163577856,0.3369140625
16,1,4,periodic,14680064,165675008,0.3095703125
16,1,4,periodic,16777216,167772160,0.3125
16,1,4,periodic,18874368,169869312,0.296875
16,1,4,periodic,20971520,171966464,0.314453125
16,1,4,periodic,23068672,174063616,0.3115234375
16,1,4,periodic,25165824,176160768,0.3701171875
16,1,4,periodic,27262976,178257920,0.30078125
16,1,4,periodic,29360128,180355072,0.3271484375
16,1,4,periodic,31457280,182452224,0.33984375
16,1,4,periodic,33554432,184549376,0.341796875
16,1,4,periodic,35651584,186646528,0.3203125
16,1,4,periodic,37748736,188743680,0.30859375
16,1,4,periodic,39845888,190840832,0.328125
16,1,4,periodic,41943040,192937984,0.3212890625
16,1,4,periodic,44040192,195035136,0.30078125
16,1,4,periodic,46137344,197132288,0.298828125
16,1,4,periodic,48234496,199229440,0.328125
16,1,4,periodic,50331648,201326592,0.314453125
16,1,4,phase_end,50331648,201326592,0.314453125
16,2,1,phase_start,0,0,0.03515625
16,2,1,periodic,2097152,2097152,0.0
16,2,1,periodic,4194304,4194304,0.0
16,2,1,periodic,6291456,6291456,0.0
16,2,1,periodic,8388608,8388608,0.0
16,2,1,periodic,10485760,10485760,0.0
16,2,1,periodic,12582912,12582912,0.0
16,2,1,periodic,14680064,14680064,0.0078125
16,2,1,periodic,16777216,16777216,0.0
16,2,1,periodic,18874368,18874368,0.0
16,2,1,periodic,20971520,20971520,0.0
16,2,1,periodic,23068672,23068672,0.0
16,2,1,periodic,25165824,25165824,0.0
16,2,1,periodic,27262976,27262976,0.0
16,2,1,periodic,29360128,29360128,0.0
16,2,1,periodic,31457280,31457280,0.0
16,2,1,periodic,33554432,33554432,0.0
16,2,1,periodic,35651584,35651584,0.0
16,2,1,periodic,37748736,37748736,0.0
16,2,1,periodic,39845888,39845888,0.0
16,2,1,periodic,41943040,41943040,0.0
16,2,1,periodic,44040192,44040192,0.0
16,2,1,periodic,46137344,46137344,0.0
16,2,1,periodic,48234496,48234496,0.0
16,2,1,periodic,50331648,50331648,0.0
16,2,1,phase_end,50331648,50331648,0.0
16,2,2,phase_start,0,50331648,0.0
16,2,2,periodic,2097152,52428800,0.0
16,2,2,periodic,4194304,54525952,0.0
16,2,2,periodic,6291456,56623104,0.0
16,2,2,periodic,8388608,58720256,0.0
16,2,2,periodic,10485760,60817408,0.0
16,2,2,periodic,12582912,62914560,0.0
16,2,2,periodic,14680064,65011712,0.0
16,2,2,periodic,16777216,67108864,0.0
16,2,2,periodic,18874368,69206016,0.0
16,2,2,periodic,20971520,71303168,0.0
16,2,2,periodic,23068672,73400320,0.0
16,2,2,periodic,25165824,75497472,0.0
16,2,2,periodic,27262976,77594624,0.0
16,2,2,periodic,29360128,79691776,0.0
16,2,2,periodic,31457280,81788928,0.0
16,2,2,periodic,33554432,83886080,0.0
16,2,2,periodic,35651584,85983232,0.0
16,2,2,periodic,37748736,88080384,0.0
16,2,2,periodic,39845888,90177536,0.0
16,2,2,periodic,41943040,92274688,0.0
16,2,2,periodic,44040192,94371840,0.0
16,2,2,periodic,46137344,96468992,0.0
16,2,2,periodic,48234496,98566144,0.0
16,2,2,periodic,50331648,100663296,0.0
16,2,2,phase_end,50331648,100663296,0.0
16,2,3,phase_start,0,100663296,0.0
16,2,3,periodic,2097152,102760448,0.0
16,2,3,periodic,4194304,104857600,0.0
16,2,3,periodic,6291456,106954752,0.0
16,2,3,periodic,8388608,109051904,0.0
16,2,3,periodic,10485760,111149056,0.0
16,2,3,periodic,12582912,113246208,0.0
16,2,3,periodic,14680064,115343360,0.0
16,2,3,periodic,16777216,117440512,0.0
16,2,3,periodic,18874368,119537664,0.0
16,2,3,periodic,20971520,121634816,0.0
16,2,3,periodic,23068672,123731968,0.0
16,2,3,periodic,25165824,125829120,0.0
16,2,3,periodic,27262976,127926272,0.0
16,2,3,periodic,29360128,130023424,0.0
16,2,3,periodic,31457280,132120576,0.0
16,2,3,periodic,33554432,134217728,0.0
16,2,3,periodic,35651584,136314880,0.0
16,2,3,periodic,37748736,138412032,0.0
16,2,3,periodic,39845888,140509184,0.0
16,2,3,periodic,41943040,142606336,0.0
16,2,3,periodic,44040192,144703488,0.0
16,2,3,periodic,46137344,146800640,0.0
16,2,3,periodic,48234496,148897792,0.0
16,2,3,periodic,50331648,150994944,0.0
16,2,3,phase_end,50331648,150994944,0.0
16,2,4,phase_start,0,150994944,0.0
16,2,4,periodic,2097152,153092096,0.0
16,2,4,periodic,4194304,155189248,0.0
16,2,4,periodic,6291456,157286400,0.0
16,2,4,periodic,8388608,159383552,0.0
16,2,4,periodic,10485760,161480704,0.0
16,2,4,periodic,12582912,163577856,0.0
16,2,4,periodic,14680064,165675008,0.0
16,2,4,periodic,16777216,167772160,0.0
16,2,4,periodic,18874368,169869312,0.0
16,2,4,periodic,20971520,171966464,0.0
16,2,4,periodic,23068672,174063616,0.0
16,2,4,periodic,25165824,176160768,0.0
16,2,4,periodic,27262976,178257920,0.0
16,2,4,periodic,29360128,180355072,0.0
16,2,4,periodic,31457280,182452224,0.0
16,2,4,periodic,33554432,184549376,0.0
16,2,4,periodic,35651584,186646528,0.0
16,2,4,periodic,37748736,188743680,0.0
16,2,4,periodic,39845888,190840832,0.0
16,2,4,periodic,41943040,192937984,0.0
16,2,4,periodic,44040192,195035136,0.0
16,2,4,periodic,46137344,197132288,0.0
16,2,4,periodic,48234496,199229440,0.0
16,2,4,periodic,50331648,201326592,0.0
16,2,4,phase_end,50331648,201326592,0.0
16,3,1,phase_start,0,0,0.03125
16,3,1,periodic,2097152,2097152,0.15625
16,3,1,periodic,4194304,4194304,0.33984375
16,3,1,periodic,6291456,6291456,0.3505859375
16,3,1,periodic,8388608,8388608,0.3779296875
16,3,1,periodic,10485760,10485760,0.3388671875
16,3,1,periodic,12582912,12582912,0.3525390625
16,3,1,periodic,14680064,14680064,0.33984375
16,3,1,periodic,16777216,16777216,0.353515625
16,3,1,periodic,18874368,18874368,0.3583984375
16,3,1,periodic,20971520,20971520,0.345703125
16,3,1,periodic,23068672,23068672,0.34375
16,3,1,periodic,25165824,25165824,0.34375
16,3,1,periodic,27262976,27262976,0.35546875
16,3,1,periodic,29360128,29360128,0.3310546875
16,3,1,periodic,31457280,31457280,0.3740234375
16,3,1,periodic,33554432,33554432,0.32421875
16,3,1,periodic,35651584,35651584,0.3828125
16,3,1,periodic,37748736,37748736,0.322265625
16,3,1,periodic,39845888,39845888,0.357421875
16,3,1,periodic,41943040,41943040,0.32421875
16,3,1,periodic,44040192,44040192,0.322265625
16,3,1,periodic,46137344,46137344,0.345703125
16,3,1,periodic,48234496,48234496,0.3369140625
16,3,1,periodic,50331648,50331648,0.34765625
16,3,1,phase_end,50331648,50331648,0.34765625
16,3,2,phase_start,0,50331648,0.5087890625
16,3,2,periodic,2097152,52428800,0.5146484375
16,3,2,periodic,4194304,54525952,0.521484375
16,3,2,periodic,6291456,56623104,0.5078125
16,3,2,periodic,8388608,58720256,0.5009765625
16,3,2,periodic,10485760,60817408,0.5087890625
16,3,2,periodic,12582912,62914560,0.51953125
16,3,2,periodic,14680064,65011712,0.5107421875
16,3,2,periodic,16777216,67108864,0.53125
16,3,2,periodic,18874368,69206016,0.5283203125
16,3,2,periodic,20971520,71303168,0.5185546875
16,3,2,periodic,23068672,73400320,0.501953125
16,3,2,periodic,25165824,75497472,0.4921875
16,3,2,periodic,27262976,77594624,0.509765625
16,3,2,periodic,29360128,79691776,0.51171875
16,3,2,periodic,31457280,81788928,0.4990234375
16,3,2,periodic,33554432,83886080,0.5146484375
16,3,2,periodic,35651584,85983232,0.4873046875
16,3,2,periodic,37748736,88080384,0.513671875
16,3,2,periodic,39845888,90177536,0.5263671875
16,3,2,periodic,41943040,92274688,0.509765625
16,3,2,periodic,44040192,94371840,0.517578125
16,3,2,periodic,46137344,96468992,0.513671875
16,3,2,periodic,48234496,98566144,0.5107421875
16,3,2,periodic,50331648,100663296,0.5283203125
16,3,2,phase_end,50331648,100663296,0.5283203125
16,3,3,phase_start,0,100663296,0.5068359375
16,3,3,periodic,2097152,102760448,0.4609375
16,3,3,periodic,4194304,104857600,0.4912109375
16,3,3,periodic,6291456,106954752,0.482421875
16,3,3,periodic,8388608,109051904,0.4658203125
16,3,3,periodic,10485760,111149056,0.5009765625
16,3,3,periodic,12582912,113246208,0.4794921875
16,3,3,periodic,14680064,115343360,0.4619140625
16,3,3,periodic,16777216,117440512,0.5009765625
16,3,3,periodic,18874368,119537664,0.5
16,3,3,periodic,20971520,121634816,0.486328125
16,3,3,periodic,23068672,123731968,0.5029296875
16,3,3,periodic,25165824,125829120,0.4541015625
16,3,3,periodic,27262976,127926272,0.4990234375
16,3,3,periodic,29360128,130023424,0.4375
16,3,3,periodic,31457280,132120576,0.505859375
16,3,3,periodic,33554432,134217728,0.4609375
16,3,3,periodic,35651584,136314880,0.5
16,3,3,periodic,37748736,138412032,0.455078125
16,3,3,periodic,39845888,140509184,0.501953125
16,3,3,periodic,41943040,142606336,0.5087890625
16,3,3,periodic,44040192,144703488,0.470703125
16,3,3,periodic,46137344,146800640,0.5068359375
16,3,3,periodic,48234496,148897792,0.48828125
16,3,3,periodic,50331648,150994944,0.5029296875
16,3,3,phase_end,50331648,150994944,0.5029296875
16,3,4,phase_start,0,150994944,0.322265625
16,3,4,periodic,2097152,153092096,0.3212890625
16,3,4,periodic,4194304,155189248,0.3271484375
16,3,4,periodic,6291456,157286400,0.333984375
16,3,4,periodic,8388608,159383552,0.3330078125
16,3,4,periodic,10485760,161480704,0.318359375
16,3,4,periodic,12582912,163577856,0.3359375
16,3,4,periodic,14680064,165675008,0.318359375
16,3,4,periodic,16777216,167772160,0.3134765625
16,3,4,periodic,18874368,169869312,0.3173828125
16,3,4,periodic,20971520,171966464,0.3408203125
16,3,4,periodic,23068672,174063616,0.296875
16,3,4,periodic,25165824,176160768,0.341796875
16,3,4,periodic,27262976,178257920,0.306640625
16,3,4,periodic,29360128,180355072,0.3193359375
16,3,4,periodic,31457280,182452224,0.328125
16,3,4,periodic,33554432,184549376,0.3125
16,3,4,periodic,35651584,186646528,0.3388671875
16,3,4,periodic,37748736,188743680,0.3310546875
16,3,4,periodic,39845888,190840832,0.3388671875
16,3,4,periodic,41943040,192937984,0.32421875
16,3,4,periodic,44040192,195035136,0.3291015625
16,3,4,periodic,46137344,197132288,0.337890625
16,3,4,periodic,48234496,199229440,0.333984375
16,3,4,periodic,50331648,201326592,0.2919921875
16,3,4,phase_end,50331648,201326592,0.2919921875
16,4,1,phase_start,0,0,0.037109375
16,4,1,periodic,2097152,2097152,0.0185546875
16,4,1,periodic,4194304,4194304,0.359375
16,4,1,periodic,6291456,6291456,0.330078125
16,4,1,periodic,8388608,8388608,0.3193359375
16,4,1,periodic,10485760,10485760,0.330078125
16,4,1,periodic,12582912,12582912,0.361328125
16,4,1,periodic,14680064,14680064,0.3603515625
16,4,1,periodic,16777216,16777216,0.3310546875
16,4,1,periodic,18874368,18874368,0.3486328125
16,4,1,periodic,20971520,20971520,0.35546875
16,4,1,periodic,23068672,23068672,0.0
16,4,1,periodic,25165824,25165824,0.0
16,4,1,periodic,27262976,27262976,0.0
16,4,1,periodic,29360128,29360128,0.0
16,4,1,periodic,31457280,31457280,0.0
16,4,1,periodic,33554432,33554432,0.0
16,4,1,periodic,35651584,35651584,0.0
16,4,1,periodic,37748736,37748736,0.0
16,4,1,periodic,39845888,39845888,0.0029296875
16,4,1,periodic,41943040,41943040,0.3173828125
16,4,1,periodic,44040192,44040192,0.314453125
16,4,1,periodic,46137344,46137344,0.34765625
16,4,1,periodic,48234496,48234496,0.33203125
16,4,1,periodic,50331648,50331648,0.345703125
16,4,1,phase_end,50331648,50331648,0.345703125
16,4,2,phase_start,0,50331648,0.50390625
16,4,2,periodic,2097152,52428800,0.529296875
16,4,2,periodic,4194304,54525952,0.5166015625
16,4,2,periodic,6291456,56623104,0.5009765625
16,4,2,periodic,8388608,58720256,0.517578125
16,4,2,periodic,10485760,60817408,0.5107421875
16,4,2,periodic,12582912,62914560,0.521484375
16,4,2,periodic,14680064,65011712,0.5224609375
16,4,2,periodic,16777216,67108864,0.5126953125
16,4,2,periodic,18874368,69206016,0.5087890625
16,4,2,periodic,20971520,71303168,0.5419921875
16,4,2,periodic,23068672,73400320,0.505859375
16,4,2,periodic,25165824,75497472,0.505859375
16,4,2,periodic,27262976,77594624,0.5146484375
16,4,2,periodic,29360128,79691776,0.53125
16,4,2,periodic,31457280,81788928,0.525390625
16,4,2,periodic,33554432,83886080,0.5185546875
16,4,2,periodic,35651584,85983232,0.517578125
16,4,2,periodic,37748736,88080384,0.5302734375
16,4,2,periodic,39845888,90177536,0.515625
16,4,2,periodic,41943040,92274688,0.5146484375
16,4,2,periodic,44040192,94371840,0.5009765625
16,4,2,periodic,46137344,96468992,0.5107421875
16,4,2,periodic,48234496,98566144,0.5283203125
16,4,2,periodic,50331648,100663296,0.50390625
16,4,2,phase_end,50331648,100663296,0.50390625
16,4,3,phase_start,0,100663296,0.4736328125
16,4,3,periodic,2097152,102760448,0.453125
16,4,3,periodic,4194304,104857600,0.4921875
16,4,3,periodic,6291456,106954752,0.4453125
16,4,3,periodic,8388608,109051904,0.4677734375
16,4,3,periodic,10485760,111149056,0.5009765625
16,4,3,periodic,12582912,113246208,0.48828125
16,4,3,periodic,14680064,115343360,0.462890625
16,4,3,periodic,16777216,117440512,0.5029296875
16,4,3,periodic,18874368,119537664,0.5029296875
16,4,3,periodic,20971520,121634816,0.4677734375
16,4,3,periodic,23068672,123731968,0.505859375
16,4,3,periodic,25165824,125829120,0.5078125
16,4,3,periodic,27262976,127926272,0.4609375
16,4,3,periodic,29360128,130023424,0.5068359375
16,4,3,periodic,31457280,132120576,0.4892578125
16,4,3,periodic,33554432,134217728,0.5087890625
16,4,3,periodic,35651584,136314880,0.4853515625
16,4,3,periodic,37748736,138412032,0.4765625
16,4,3,periodic,39845888,140509184,0.48828125
16,4,3,periodic,41943040,142606336,0.4541015625
16,4,3,periodic,44040192,144703488,0.4853515625
16,4,3,periodic,46137344,146800640,0.470703125
16,4,3,periodic,48234496,148897792,0.5068359375
16,4,3,periodic,50331648,150994944,0.52734375
16,4,3,phase_end,50331648,150994944,0.52734375
16,4,4,phase_start,0,150994944,0.3125
16,4,4,periodic,2097152,153092096,0.3271484375
16,4,4,periodic,4194304,155189248,0.3134765625
16,4,4,periodic,6291456,157286400,0.3154296875
16,4,4,periodic,8388608,159383552,0.3076171875
16,4,4,periodic,10485760,161480704,0.3271484375
16,4,4,periodic,12582912,163577856,0.34765625
16,4,4,periodic,14680064,165675008,0.3134765625
16,4,4,periodic,16777216,167772160,0.33203125
16,4,4,periodic,18874368,169869312,0.3359375
16,4,4,periodic,20971520,171966464,0.2880859375
16,4,4,periodic,23068672,174063616,0.3154296875
16,4,4,periodic,25165824,176160768,0.3330078125
16,4,4,periodic,27262976,178257920,0.33203125
16,4,4,periodic,29360128,180355072,0.3310546875
16,4,4,periodic,31457280,182452224,0.3330078125
16,4,4,periodic,33554432,184549376,0.3125
16,4,4,periodic,35651584,186646528,0.30859375
16,4,4,periodic,37748736,188743680,0.3408203125
16,4,4,periodic,39845888,190840832,0.3212890625
16,4,4,periodic,41943040,192937984,0.3251953125
16,4,4,periodic,44040192,195035136,0.373046875
16,4,4,periodic,46137344,197132288,0.375
16,4,4,periodic,48234496,199229440,0.4951171875
16,4,4,periodic,50331648,201326592,0.501953125
16,4,4,phase_end,50331648,201326592,0.501953125
64,0,1,phase_start,0,0,0.037109375
64,0,1,periodic,2097152,2097152,0.3662109375
64,0,1,periodic,4194304,4194304,0.361328125
64,0,1,periodic,6291456,6291456,0.3779296875
64,0,1,periodic,8388608,8388608,0.3251953125
64,0,1,periodic,10485760,10485760,0.36328125
64,0,1,periodic,12582912,12582912,0.361328125
64,0,1,periodic,14680064,14680064,0.3818359375
64,0,1,periodic,16777216,16777216,0.3828125
64,0,1,periodic,18874368,18874368,0.39453125
64,0,1,periodic,20971520,20971520,0.361328125
64,0,1,periodic,23068672,23068672,0.38671875
64,0,1,periodic,25165824,25165824,0.3603515625
64,0,1,periodic,27262976,27262976,0.3994140625
64,0,1,periodic,29360128,29360128,0.36328125
64,0,1,periodic,31457280,31457280,0.3369140625
64,0,1,periodic,33554432,33554432,0.37890625
64,0,1,periodic,35651584,35651584,0.3583984375
64,0,1,periodic,37748736,37748736,0.3671875
64,0,1,periodic,39845888,39845888,0.3681640625
64,0,1,periodic,41943040,41943040,0.3583984375
64,0,1,periodic,44040192,44040192,0.38671875
64,0,1,periodic,46137344,46137344,0.3701171875
64,0,1,periodic,48234496,48234496,0.3779296875
64,0,1,periodic,50331648,50331648,0.373046875
64,0,1,phase_end,50331648,50331648,0.373046875
64,0,2,phase_start,0,50331648,0.451171875
64,0,2,periodic,2097152,52428800,0.5
64,0,2,periodic,4194304,54525952,0.455078125
64,0,2,periodic,6291456,56623104,0.501953125
64,0,2,periodic,8388608,58720256,0.5078125
64,0,2,periodic,10485760,60817408,0.4814453125
64,0,2,periodic,12582912,62914560,0.4658203125
64,0,2,periodic,14680064,65011712,0.466796875
64,0,2,periodic,16777216,67108864,0.42578125
64,0,2,periodic,18874368,69206016,0.5
64,0,2,periodic,20971520,71303168,0.4619140625
64,0,2,periodic,23068672,73400320,0.50390625
64,0,2,periodic,25165824,75497472,0.4287109375
64,0,2,periodic,27262976,77594624,0.421875
64,0,2,periodic,29360128,79691776,0.46875
64,0,2,periodic,31457280,81788928,0.501953125
64,0,2,periodic,33554432,83886080,0.4736328125
64,0,2,periodic,35651584,85983232,0.4072265625
64,0,2,periodic,37748736,88080384,0.498046875
64,0,2,periodic,39845888,90177536,0.4697265625
64,0,2,periodic,41943040,92274688,0.4677734375
64,0,2,periodic,44040192,94371840,0.466796875
64,0,2,periodic,46137344,96468992,0.4462890625
64,0,2,periodic,48234496,98566144,0.46875
64,0,2,periodic,50331648,100663296,0.490234375
64,0,2,phase_end,50331648,100663296,0.490234375
64,0,3,phase_start,0,100663296,0.443359375
64,0,3,periodic,2097152,102760448,0.3935546875
64,0,3,periodic,4194304,104857600,0.4443359375
64,0,3,periodic,6291456,106954752,0.3837890625
64,0,3,periodic,8388608,109051904,0.40234375
64,0,3,periodic,10485760,111149056,0.412109375
64,0,3,periodic,12582912,113246208,0.3974609375
64,0,3,periodic,14680064,115343360,0.4169921875
64,0,3,periodic,16777216,117440512,0.37109375
64,0,3,periodic,18874368,119537664,0.3955078125
64,0,3,periodic,20971520,121634816,0.4140625
64,0,3,periodic,23068672,123731968,0.40625
64,0,3,periodic,25165824,125829120,0.4228515625
64,0,3,periodic,27262976,127926272,0.40234375
64,0,3,periodic,29360128,130023424,0.3603515625
64,0,3,periodic,31457280,132120576,0.369140625
64,0,3,periodic,33554432,134217728,0.4267578125
64,0,3,periodic,35651584,136314880,0.3818359375
64,0,3,periodic,37748736,138412032,0.4052734375
64,0,3,periodic,39845888,140509184,0.42578125
64,0,3,periodic,41943040,142606336,0.4208984375
64,0,3,periodic,44040192,144703488,0.40625
64,0,3,periodic,46137344,146800640,0.369140625
64,0,3,periodic,48234496,148897792,0.419921875
64,0,3,periodic,50331648,150994944,0.390625
64,0,3,phase_end,50331648,150994944,0.390625
64,0,4,phase_start,0,150994944,0.3955078125
64,0,4,periodic,2097152,153092096,0.37109375
64,0,4,periodic,4194304,155189248,0.419921875
64,0,4,periodic,6291456,157286400,0.4013671875
64,0,4,periodic,8388608,159383552,0.3857421875
64,0,4,periodic,10485760,161480704,0.4208984375
64,0,4,periodic,12582912,163577856,0.4033203125
64,0,4,periodic,14680064,165675008,0.3984375
64,0,4,periodic,16777216,167772160,0.3720703125
64,0,4,periodic,18874368,169869312,0.4072265625
64,0,4,periodic,20971520,171966464,0.3955078125
64,0,4,periodic,23068672,174063616,0.39453125
64,0,4,periodic,25165824,176160768,0.42578125
64,0,4,periodic,27262976,178257920,0.392578125
64,0,4,periodic,29360128,180355072,0.421875
64,0,4,periodic,31457280,182452224,0.4169921875
64,0,4,periodic,33554432,184549376,0.408203125
64,0,4,periodic,35651584,186646528,0.41796875
64,0,4,periodic,37748736,188743680,0.3505859375
64,0,4,periodic,39845888,190840832,0.3876953125
64,0,4,periodic,41943040,192937984,0.4404296875
64,0,4,periodic,44040192,195035136,0.404296875
64,0,4,periodic,46137344,197132288,0.40234375
64,0,4,periodic,48234496,199229440,0.392578125
64,0,4,periodic,50331648,201326592,0.41015625
64,0,4,phase_end,50331648,201326592,0.41015625
64,1,1,phase_start,0,0,0.0302734375
64,1,1,periodic,2097152,2097152,0.3369140625
64,1,1,periodic,4194304,4194304,0.3662109375
64,1,1,periodic,6291456,6291456,0.3779296875
64,1,1,periodic,8388608,8388608,0.41796875
64,1,1,periodic,10485760,10485760,0.365234375
64,1,1,periodic,12582912,12582912,0.408203125
64,1,1,periodic,14680064,14680064,0.3857421875
64,1,1,periodic,16777216,16777216,0.3916015625
64,1,1,periodic,18874368,18874368,0.3759765625
64,1,1,periodic,20971520,20971520,0.357421875
64,1,1,periodic,23068672,23068672,0.3662109375
64,1,1,periodic,25165824,25165824,0.35546875
64,1,1,periodic,27262976,27262976,0.35546875
64,1,1,periodic,29360128,29360128,0.3564453125
64,1,1,periodic,31457280,31457280,0.349609375
64,1,1,periodic,33554432,33554432,0.3779296875
64,1,1,periodic,35651584,35651584,0.3681640625
64,1,1,periodic,37748736,37748736,0.3779296875
64,1,1,periodic,39845888,39845888,0.3681640625
64,1,1,periodic,41943040,41943040,0.357421875
64,1,1,periodic,44040192,44040192,0.36328125
64,1,1,periodic,46137344,46137344,0.3564453125
64,1,1,periodic,48234496,48234496,0.369140625
64,1,1,periodic,50331648,50331648,0.3828125
64,1,1,phase_end,50331648,50331648,0.3828125
64,1,2,phase_start,0,50331648,0.5029296875
64,1,2,periodic,2097152,52428800,0.4296875
64,1,2,periodic,4194304,54525952,0.470703125
64,1,2,periodic,6291456,56623104,0.4326171875
64,1,2,periodic,8388608,58720256,0.4599609375
64,1,2,periodic,10485760,60817408,0.482421875
64,1,2,periodic,12582912,62914560,0.46875
64,1,2,periodic,14680064,65011712,0.48046875
64,1,2,periodic,16777216,67108864,0.501953125
64,1,2,periodic,18874368,69206016,0.4951171875
64,1,2,periodic,20971520,71303168,0.4775390625
64,1,2,periodic,23068672,73400320,0.484375
64,1,2,periodic,25165824,75497472,0.4599609375
64,1,2,periodic,27262976,77594624,0.4150390625
64,1,2,periodic,29360128,79691776,0.439453125
64,1,2,periodic,31457280,81788928,0.44921875
64,1,2,periodic,33554432,83886080,0.498046875
64,1,2,periodic,35651584,85983232,0.4873046875
64,1,2,periodic,37748736,88080384,0.4609375
64,1,2,periodic,39845888,90177536,0.470703125
64,1,2,periodic,41943040,92274688,0.482421875
64,1,2,periodic,44040192,94371840,0.5
64,1,2,periodic,46137344,96468992,0.46484375
64,1,2,periodic,48234496,98566144,0.4658203125
64,1,2,periodic,50331648,100663296,0.4794921875
64,1,2,phase_end,50331648,100663296,0.4794921875
64,1,3,phase_start,0,100663296,0.4072265625
64,1,3,periodic,2097152,102760448,0.4033203125
64,1,3,periodic,4194304,104857600,0.37890625
64,1,3,periodic,6291456,106954752,0.4091796875
64,1,3,periodic,8388608,109051904,0.37890625
64,1,3,periodic,10485760,111149056,0.404296875
64,1,3,periodic,12582912,113246208,0.4365234375
64,1,3,periodic,14680064,115343360,0.4140625
64,1,3,periodic,16777216,117440512,0.4365234375
64,1,3,periodic,18874368,119537664,0.3828125
64,1,3,periodic,20971520,121634816,0.427734375
64,1,3,periodic,23068672,123731968,0.4306640625
64,1,3,periodic,25165824,125829120,0.4033203125
64,1,3,periodic,27262976,127926272,0.41015625
64,1,3,periodic,29360128,130023424,0.4296875
64,1,3,periodic,31457280,132120576,0.4296875
64,1,3,periodic,33554432,134217728,0.45703125
64,1,3,periodic,35651584,136314880,0.416015625
64,1,3,periodic,37748736,138412032,0.3984375
64,1,3,periodic,39845888,140509184,0.3994140625
64,1,3,periodic,41943040,142606336,0.4150390625
64,1,3,periodic,44040192,144703488,0.3779296875
64,1,3,periodic,46137344,146800640,0.384765625
64,1,3,periodic,48234496,148897792,0.376953125
64,1,3,periodic,50331648,150994944,0.4140625
64,1,3,phase_end,50331648,150994944,0.4140625
64,1,4,phase_start,0,150994944,0.40625
64,1,4,periodic,2097152,153092096,0.388671875
64,1,4,periodic,4194304,155189248,0.3984375
64,1,4,periodic,6291456,157286400,0.4482421875
64,1,4,periodic,8388608,159383552,0.3955078125
64,1,4,periodic,10485760,161480704,0.416015625
64,1,4,periodic,12582912,163577856,0.4150390625
64,1,4,periodic,14680064,165675008,0.3896484375
64,1,4,periodic,16777216,167772160,0.4111328125
64,1,4,periodic,18874368,169869312,0.376953125
64,1,4,periodic,20971520,171966464,0.4208984375
64,1,4,periodic,23068672,174063616,0.41015625
64,1,4,periodic,25165824,176160768,0.4482421875
64,1,4,periodic,27262976,178257920,0.3779296875
64,1,4,periodic,29360128,180355072,0.392578125
64,1,4,periodic,31457280,182452224,0.40234375
64,1,4,periodic,33554432,184549376,0.412109375
64,1,4,periodic,35651584,186646528,0.408203125
64,1,4,periodic,37748736,188743680,0.3974609375
64,1,4,periodic,39845888,190840832,0.3662109375
64,1,4,periodic,41943040,192937984,0.4208984375
64,1,4,periodic,44040192,195035136,0.3994140625
64,1,4,periodic,46137344,197132288,0.3818359375
64,1,4,periodic,48234496,199229440,0.3994140625
64,1,4,periodic,50331648,201326592,0.404296875
64,1,4,phase_end,50331648,201326592,0.404296875
64,2,1,phase_start,0,0,0.033203125
64,2,1,periodic,2097152,2097152,0.0009765625
64,2,1,periodic,4194304,4194304,0.3798828125
64,2,1,periodic,6291456,6291456,0.3759765625
64,2,1,periodic,8388608,8388608,0.390625
64,2,1,periodic,10485760,10485760,0.390625
64,2,1,periodic,12582912,12582912,0.376953125
64,2,1,periodic,14680064,14680064,0.3642578125
64,2,1,periodic,16777216,16777216,0.365234375
64,2,1,periodic,18874368,18874368,0.3623046875
64,2,1,periodic,20971520,20971520,0.3642578125
64,2,1,periodic,23068672,23068672,0.3896484375
64,2,1,periodic,25165824,25165824,0.375
64,2,1,periodic,27262976,27262976,0.365234375
64,2,1,periodic,29360128,29360128,0.3515625
64,2,1,periodic,31457280,31457280,0.34765625
64,2,1,periodic,33554432,33554432,0.376953125
64,2,1,periodic,35651584,35651584,0.3740234375
64,2,1,periodic,37748736,37748736,0.3642578125
64,2,1,periodic,39845888,39845888,0.365234375
64,2,1,periodic,41943040,41943040,0.37890625
64,2,1,periodic,44040192,44040192,0.3662109375
64,2,1,periodic,46137344,46137344,0.3779296875
64,2,1,periodic,48234496,48234496,0.3955078125
64,2,1,periodic,50331648,50331648,0.3359375
64,2,1,phase_end,50331648,50331648,0.3359375
64,2,2,phase_start,0,50331648,0.4443359375
64,2,2,periodic,2097152,52428800,0.474609375
64,2,2,periodic,4194304,54525952,0.419921875
64,2,2,periodic,6291456,56623104,0.42578125
64,2,2,periodic,8388608,58720256,0.4765625
64,2,2,periodic,10485760,60817408,0.439453125
64,2,2,periodic,12582912,62914560,0.494140625
64,2,2,periodic,14680064,65011712,0.439453125
64,2,2,periodic,16777216,67108864,0.4990234375
64,2,2,periodic,18874368,69206016,0.4345703125
64,2,2,periodic,20971520,71303168,0.48046875
64,2,2,periodic,23068672,73400320,0.42578125
64,2,2,periodic,25165824,75497472,0.4619140625
64,2,2,periodic,27262976,77594624,0.46875
64,2,2,periodic,29360128,79691776,0.4697265625
64,2,2,periodic,31457280,81788928,0.5
64,2,2,periodic,33554432,83886080,0.4716796875
64,2,2,periodic,35651584,85983232,0.4873046875
64,2,2,periodic,37748736,88080384,0.46484375
64,2,2,periodic,39845888,90177536,0.4365234375
64,2,2,periodic,41943040,92274688,0.4130859375
64,2,2,periodic,44040192,94371840,0.4306640625
64,2,2,periodic,46137344,96468992,0.4482421875
64,2,2,periodic,48234496,98566144,0.46875
64,2,2,periodic,50331648,100663296,0.431640625
64,2,2,phase_end,50331648,100663296,0.431640625
64,2,3,phase_start,0,100663296,0.404296875
64,2,3,periodic,2097152,102760448,0.4072265625
64,2,3,periodic,4194304,104857600,0.4248046875
64,2,3,periodic,6291456,106954752,0.4208984375
64,2,3,periodic,8388608,109051904,0.392578125
64,2,3,periodic,10485760,111149056,0.408203125
64,2,3,periodic,12582912,113246208,0.3974609375
64,2,3,periodic,14680064,115343360,0.439453125
64,2,3,periodic,16777216,117440512,0.3994140625
64,2,3,periodic,18874368,119537664,0.369140625
64,2,3,periodic,20971520,121634816,0.423828125
64,2,3,periodic,23068672,123731968,0.4267578125
64,2,3,periodic,25165824,125829120,0.4326171875
64,2,3,periodic,27262976,127926272,0.3720703125
64,2,3,periodic,29360128,130023424,0.404296875
64,2,3,periodic,31457280,132120576,0.4169921875
64,2,3,periodic,33554432,134217728,0.4013671875
64,2,3,periodic,35651584,136314880,0.4189453125
64,2,3,periodic,37748736,138412032,0.3857421875
64,2,3,periodic,39845888,140509184,0.4267578125
64,2,3,periodic,41943040,142606336,0.451171875
64,2,3,periodic,44040192,144703488,0.4111328125
64,2,3,periodic,46137344,146800640,0.4560546875
64,2,3,periodic,48234496,148897792,0.40625
64,2,3,periodic,50331648,150994944,0.392578125
64,2,3,phase_end,50331648,150994944,0.392578125
64,2,4,phase_start,0,150994944,0.416015625
64,2,4,periodic,2097152,153092096,0.4189453125
64,2,4,periodic,4194304,155189248,0.42578125
64,2,4,periodic,6291456,157286400,0.4013671875
64,2,4,periodic,8388608,159383552,0.3955078125
64,2,4,periodic,10485760,161480704,0.3837890625
64,2,4,periodic,12582912,163577856,0.41015625
64,2,4,periodic,14680064,165675008,0.3955078125
64,2,4,periodic,16777216,167772160,0.3857421875
64,2,4,periodic,18874368,169869312,0.392578125
64,2,4,periodic,20971520,171966464,0.4140625
64,2,4,periodic,23068672,174063616,0.4423828125
64,2,4,periodic,25165824,176160768,0.3984375
64,2,4,periodic,27262976,178257920,0.408203125
64,2,4,periodic,29360128,180355072,0.412109375
64,2,4,periodic,31457280,182452224,0.4052734375
64,2,4,periodic,33554432,184549376,0.392578125
64,2,4,periodic,35651584,186646528,0.3701171875
64,2,4,periodic,37748736,188743680,0.3974609375
64,2,4,periodic,39845888,190840832,0.3701171875
64,2,4,periodic,41943040,192937984,0.4208984375
64,2,4,periodic,44040192,195035136,0.412109375
64,2,4,periodic,46137344,197132288,0.41015625
64,2,4,periodic,48234496,199229440,0.423828125
64,2,4,periodic,50331648,201326592,0.42578125
64,2,4,phase_end,50331648,201326592,0.42578125
64,3,1,phase_start,0,0,0.03515625
64,3,1,periodic,2097152,2097152,0.0302734375
64,3,1,periodic,4194304,4194304,0.369140625
64,3,1,periodic,6291456,6291456,0.3759765625
64,3,1,periodic,8388608,8388608,0.3740234375
64,3,1,periodic,10485760,10485760,0.3818359375
64,3,1,periodic,12582912,12582912,0.3955078125
64,3,1,periodic,14680064,14680064,0.3525390625
64,3,1,periodic,16777216,16777216,0.35546875
64,3,1,periodic,18874368,18874368,0.36328125
64,3,1,periodic,20971520,20971520,0.373046875
64,3,1,periodic,23068672,23068672,0.3623046875
64,3,1,periodic,25165824,25165824,0.3740234375
64,3,1,periodic,27262976,27262976,0.3720703125
64,3,1,periodic,29360128,29360128,0.365234375
64,3,1,periodic,31457280,31457280,0.388671875
64,3,1,periodic,33554432,33554432,0.3359375
64,3,1,periodic,35651584,35651584,0.3876953125
64,3,1,periodic,37748736,37748736,0.3671875
64,3,1,periodic,39845888,39845888,0.3583984375
64,3,1,periodic,41943040,41943040,0.369140625
64,3,1,periodic,44040192,44040192,0.36328125
64,3,1,periodic,46137344,46137344,0.408203125
64,3,1,periodic,48234496,48234496,0.3681640625
64,3,1,periodic,50331648,50331648,0.3515625
64,3,1,phase_end,50331648,50331648,0.3515625
64,3,2,phase_start,0,50331648,0.4736328125
64,3,2,periodic,2097152,52428800,0.484375
64,3,2,periodic,4194304,54525952,0.451171875
64,3,2,periodic,6291456,56623104,0.478515625
64,3,2,periodic,8388608,58720256,0.4560546875
64,3,2,periodic,10485760,60817408,0.4599609375
64,3,2,periodic,12582912,62914560,0.4404296875
64,3,2,periodic,14680064,65011712,0.501953125
64,3,2,periodic,16777216,67108864,0.44140625
64,3,2,periodic,18874368,69206016,0.46484375
64,3,2,periodic,20971520,71303168,0.4580078125
64,3,2,periodic,23068672,73400320,0.4736328125
64,3,2,periodic,25165824,75497472,0.44921875
64,3,2,periodic,27262976,77594624,0.4443359375
64,3,2,periodic,29360128,79691776,0.44921875
64,3,2,periodic,31457280,81788928,0.486328125
64,3,2,periodic,33554432,83886080,0.458984375
64,3,2,periodic,35651584,85983232,0.4580078125
64,3,2,periodic,37748736,88080384,0.501953125
64,3,2,periodic,39845888,90177536,0.486328125
64,3,2,periodic,41943040,92274688,0.44140625
64,3,2,periodic,44040192,94371840,0.4755859375
64,3,2,periodic,46137344,96468992,0.478515625
64,3,2,periodic,48234496,98566144,0.478515625
64,3,2,periodic,50331648,100663296,0.466796875
64,3,2,phase_end,50331648,100663296,0.466796875
64,3,3,phase_start,0,100663296,0.40234375
64,3,3,periodic,2097152,102760448,0.3857421875
64,3,3,periodic,4194304,104857600,0.412109375
64,3,3,periodic,6291456,106954752,0.3984375
64,3,3,periodic,8388608,109051904,0.4326171875
64,3,3,periodic,10485760,111149056,0.4130859375
64,3,3,periodic,12582912,113246208,0.4091796875
64,3,3,periodic,14680064,115343360,0.4140625
64,3,3,periodic,16777216,117440512,0.4052734375
64,3,3,periodic,18874368,119537664,0.408203125
64,3,3,periodic,20971520,121634816,0.380859375
64,3,3,periodic,23068672,123731968,0.4228515625
64,3,3,periodic,25165824,125829120,0.408203125
64,3,3,periodic,27262976,127926272,0.3935546875
64,3,3,periodic,29360128,130023424,0.384765625
64,3,3,periodic,31457280,132120576,0.423828125
64,3,3,periodic,33554432,134217728,0.3974609375
64,3,3,periodic,35651584,136314880,0.4296875
64,3,3,periodic,37748736,138412032,0.41796875
64,3,3,periodic,39845888,140509184,0.4345703125
64,3,3,periodic,41943040,142606336,0.38671875
64,3,3,periodic,44040192,144703488,0.4072265625
64,3,3,periodic,46137344,146800640,0.4091796875
64,3,3,periodic,48234496,148897792,0.4375
64,3,3,periodic,50331648,150994944,0.4033203125
64,3,3,phase_end,50331648,150994944,0.4033203125
64,3,4,phase_start,0,150994944,0.3984375
64,3,4,periodic,2097152,153092096,0.388671875
64,3,4,periodic,4194304,155189248,0.4052734375
64,3,4,periodic,6291456,157286400,0.3935546875
64,3,4,periodic,8388608,159383552,0.390625
64,3,4,periodic,10485760,161480704,0.41796875
64,3,4,periodic,12582912,163577856,0.4345703125
64,3,4,periodic,14680064,165675008,0.400390625
64,3,4,periodic,16777216,167772160,0.3916015625
64,3,4,periodic,18874368,169869312,0.4599609375
64,3,4,periodic,20971520,171966464,0.38671875
64,3,4,periodic,23068672,174063616,0.3994140625
64,3,4,periodic,25165824,176160768,0.408203125
64,3,4,periodic,27262976,178257920,0.380859375
64,3,4,periodic,29360128,180355072,0.404296875
64,3,4,periodic,31457280,182452224,0.38671875
64,3,4,periodic,33554432,184549376,0.412109375
64,3,4,periodic,35651584,186646528,0.3984375
64,3,4,periodic,37748736,188743680,0.4052734375
64,3,4,periodic,39845888,190840832,0.38671875
64,3,4,periodic,41943040,192937984,0.3779296875
64,3,4,periodic,44040192,195035136,0.4111328125
64,3,4,periodic,46137344,197132288,0.3828125
64,3,4,periodic,48234496,199229440,0.4130859375
64,3,4,periodic,50331648,201326592,0.4033203125
64,3,4,phase_end,50331648,201326592,0.4033203125
64,4,1,phase_start,0,0,0.0419921875
64,4,1,periodic,2097152,2097152,0.359375
64,4,1,periodic,4194304,4194304,0.35546875
64,4,1,periodic,6291456,6291456,0.35546875
64,4,1,periodic,8388608,8388608,0.359375
64,4,1,periodic,10485760,10485760,0.4150390625
64,4,1,periodic,12582912,12582912,0.4169921875
64,4,1,periodic,14680064,14680064,0.34765625
64,4,1,periodic,16777216,16777216,0.404296875
64,4,1,periodic,18874368,18874368,0.361328125
64,4,1,periodic,20971520,20971520,0.384765625
64,4,1,periodic,23068672,23068672,0.369140625
64,4,1,periodic,25165824,25165824,0.3486328125
64,4,1,periodic,27262976,27262976,0.3623046875
64,4,1,periodic,29360128,29360128,0.3388671875
64,4,1,periodic,31457280,31457280,0.3564453125
64,4,1,periodic,33554432,33554432,0.353515625
64,4,1,periodic,35651584,35651584,0.3955078125
64,4,1,periodic,37748736,37748736,0.375
64,4,1,periodic,39845888,39845888,0.365234375
64,4,1,periodic,41943040,41943040,0.361328125
64,4,1,periodic,44040192,44040192,0.353515625
64,4,1,periodic,46137344,46137344,0.3720703125
64,4,1,periodic,48234496,48234496,0.3271484375
64,4,1,periodic,50331648,50331648,0.375
64,4,1,phase_end,50331648,50331648,0.375
64,4,2,phase_start,0,50331648,0.4697265625
64,4,2,periodic,2097152,52428800,0.4775390625
64,4,2,periodic,4194304,54525952,0.4306640625
64,4,2,periodic,6291456,56623104,0.4228515625
64,4,2,periodic,8388608,58720256,0.509765625
64,4,2,periodic,10485760,60817408,0.48046875
64,4,2,periodic,12582912,62914560,0.462890625
64,4,2,periodic,14680064,65011712,0.4970703125
64,4,2,periodic,16777216,67108864,0.47265625
64,4,2,periodic,18874368,69206016,0.443359375
64,4,2,periodic,20971520,71303168,0.5009765625
64,4,2,periodic,23068672,73400320,0.44140625
64,4,2,periodic,25165824,75497472,0.466796875
64,4,2,periodic,27262976,77594624,0.4775390625
64,4,2,periodic,29360128,79691776,0.4951171875
64,4,2,periodic,31457280,81788928,0.4658203125
64,4,2,periodic,33554432,83886080,0.4521484375
64,4,2,periodic,35651584,85983232,0.501953125
64,4,2,periodic,37748736,88080384,0.443359375
64,4,2,periodic,39845888,90177536,0.4853515625
64,4,2,periodic,41943040,92274688,0.4619140625
64,4,2,periodic,44040192,94371840,0.4287109375
64,4,2,periodic,46137344,96468992,0.44140625
64,4,2,periodic,48234496,98566144,0.5
64,4,2,periodic,50331648,100663296,0.44140625
64,4,2,phase_end,50331648,100663296,0.44140625
64,4,3,phase_start,0,100663296,0.4013671875
64,4,3,periodic,2097152,102760448,0.375
64,4,3,periodic,4194304,104857600,0.4345703125
64,4,3,periodic,6291456,106954752,0.4296875
64,4,3,periodic,8388608,109051904,0.369140625
64,4,3,periodic,10485760,111149056,0.412109375
64,4,3,periodic,12582912,113246208,0.404296875
64,4,3,periodic,14680064,115343360,0.3916015625
64,4,3,periodic,16777216,117440512,0.4072265625
64,4,3,periodic,18874368,119537664,0.412109375
64,4,3,periodic,20971520,121634816,0.419921875
64,4,3,periodic,23068672,123731968,0.4248046875
64,4,3,periodic,25165824,125829120,0.4072265625
64,4,3,periodic,27262976,127926272,0.3623046875
64,4,3,periodic,29360128,130023424,0.3857421875
64,4,3,periodic,31457280,132120576,0.4130859375
64,4,3,periodic,33554432,134217728,0.4052734375
64,4,3,periodic,35651584,136314880,0.3876953125
64,4,3,periodic,37748736,138412032,0.40625
64,4,3,periodic,39845888,140509184,0.3994140625
64,4,3,periodic,41943040,142606336,0.41796875
64,4,3,periodic,44040192,144703488,0.380859375
64,4,3,periodic,46137344,146800640,0.416015625
64,4,3,periodic,48234496,148897792,0.3876953125
64,4,3,periodic,50331648,150994944,0.43359375
64,4,3,phase_end,50331648,150994944,0.43359375
64,4,4,phase_start,0,150994944,0.39453125
64,4,4,periodic,2097152,153092096,0.3935546875
64,4,4,periodic,4194304,155189248,0.380859375
64,4,4,periodic,6291456,157286400,0.4140625
64,4,4,periodic,8388608,159383552,0.4384765625
64,4,4,periodic,10485760,161480704,0.3837890625
64,4,4,periodic,12582912,163577856,0.3974609375
64,4,4,periodic,14680064,165675008,0.3974609375
64,4,4,periodic,16777216,167772160,0.408203125
64,4,4,periodic,18874368,169869312,0.39453125
64,4,4,periodic,20971520,171966464,0.3876953125
64,4,4,periodic,23068672,174063616,0.4140625
64,4,4,periodic,25165824,176160768,0.431640625
64,4,4,periodic,27262976,178257920,0.4189453125
64,4,4,periodic,29360128,180355072,0.4169921875
64,4,4,periodic,31457280,182452224,0.3916015625
64,4,4,periodic,33554432,184549376,0.365234375
64,4,4,periodic,35651584,186646528,0.1376953125
64,4,4,periodic,37748736,188743680,0.412109375
64,4,4,periodic,39845888,190840832,0.38671875
64,4,4,periodic,41943040,192937984,0.373046875
64,4,4,periodic,44040192,195035136,0.4140625
64,4,4,periodic,46137344,197132288,0.40234375
64,4,4,periodic,48234496,199229440,0.43359375
64,4,4,periodic,50331648,201326592,0.380859375
64,4,4,phase_end,50331648,201326592,0.380859375
256,0,1,phase_start,0,0,0.0419921875
256,0,1,periodic,2097152,2097152,0.3623046875
256,0,1,periodic,4194304,4194304,0.37890625
256,0,1,periodic,6291456,6291456,0.37109375
256,0,1,periodic,8388608,8388608,0.3701171875
256,0,1,periodic,10485760,10485760,0.3818359375
256,0,1,periodic,12582912,12582912,0.36328125
256,0,1,periodic,14680064,14680064,0.357421875
256,0,1,periodic,16777216,16777216,0.3740234375
256,0,1,periodic,18874368,18874368,0.3779296875
256,0,1,periodic,20971520,20971520,0.3603515625
256,0,1,periodic,23068672,23068672,0.3505859375
256,0,1,periodic,25165824,25165824,0.3662109375
256,0,1,periodic,27262976,27262976,0.3876953125
256,0,1,periodic,29360128,29360128,0.3671875
256,0,1,periodic,31457280,31457280,0.3486328125
256,0,1,periodic,33554432,33554432,0.4033203125
256,0,1,periodic,35651584,35651584,0.3486328125
256,0,1,periodic,37748736,37748736,0.396484375
256,0,1,periodic,39845888,39845888,0.3623046875
256,0,1,periodic,41943040,41943040,0.3515625
256,0,1,periodic,44040192,44040192,0.42578125
256,0,1,periodic,46137344,46137344,0.3984375
256,0,1,periodic,48234496,48234496,0.3818359375
256,0,1,periodic,50331648,50331648,0.3798828125
256,0,1,phase_end,50331648,50331648,0.3798828125
256,0,2,phase_start,0,50331648,0.4169921875
256,0,2,periodic,2097152,52428800,0.41796875
256,0,2,periodic,4194304,54525952,0.4072265625
256,0,2,periodic,6291456,56623104,0.0
256,0,2,periodic,8388608,58720256,0.0
256,0,2,periodic,10485760,60817408,0.0
256,0,2,periodic,12582912,62914560,0.0
256,0,2,periodic,14680064,65011712,0.0
256,0,2,periodic,16777216,67108864,0.0
256,0,2,periodic,18874368,69206016,0.0
256,0,2,periodic,20971520,71303168,0.0
256,0,2,periodic,23068672,73400320,0.0
256,0,2,periodic,25165824,75497472,0.0
256,0,2,periodic,27262976,77594624,0.0
256,0,2,periodic,29360128,79691776,0.0
256,0,2,periodic,31457280,81788928,0.0
256,0,2,periodic,33554432,83886080,0.0
256,0,2,periodic,35651584,85983232,0.0
256,0,2,periodic,37748736,88080384,0.0
256,0,2,periodic,39845888,90177536,0.0
256,0,2,periodic,41943040,92274688,0.0
256,0,2,periodic,44040192,94371840,0.0
256,0,2,periodic,46137344,96468992,0.0
256,0,2,periodic,48234496,98566144,0.0
256,0,2,periodic,50331648,100663296,0.0263671875
256,0,2,phase_end,50331648,100663296,0.0263671875
256,0,3,phase_start,0,100663296,0.025390625
256,0,3,periodic,2097152,102760448,0.380859375
256,0,3,periodic,4194304,104857600,0.3955078125
256,0,3,periodic,6291456,106954752,0.376953125
256,0,3,periodic,8388608,109051904,0.3896484375
256,0,3,periodic,10485760,111149056,0.41015625
256,0,3,periodic,12582912,113246208,0.3798828125
256,0,3,periodic,14680064,115343360,0.4072265625
256,0,3,periodic,16777216,117440512,0.357421875
256,0,3,periodic,18874368,119537664,0.375
256,0,3,periodic,20971520,121634816,0.3740234375
256,0,3,periodic,23068672,123731968,0.369140625
256,0,3,periodic,25165824,125829120,0.3837890625
256,0,3,periodic,27262976,127926272,0.3828125
256,0,3,periodic,29360128,130023424,0.3759765625
256,0,3,periodic,31457280,132120576,0.384765625
256,0,3,periodic,33554432,134217728,0.3955078125
256,0,3,periodic,35651584,136314880,0.357421875
256,0,3,periodic,37748736,138412032,0.384765625
256,0,3,periodic,39845888,140509184,0.3935546875
256,0,3,periodic,41943040,142606336,0.3779296875
256,0,3,periodic,44040192,144703488,0.3642578125
256,0,3,periodic,46137344,146800640,0.36328125
256,0,3,periodic,48234496,148897792,0.3701171875
256,0,3,periodic,50331648,150994944,0.38671875
256,0,3,phase_end,50331648,150994944,0.38671875
256,0,4,phase_start,0,150994944,0.4013671875
256,0,4,periodic,2097152,153092096,0.3515625
256,0,4,periodic,4194304,155189248,0.3837890625
256,0,4,periodic,6291456,157286400,0.3828125
256,0,4,periodic,8388608,159383552,0.3828125
256,0,4,periodic,10485760,161480704,0.3916015625
256,0,4,periodic,12582912,163577856,0.3837890625
256,0,4,periodic,14680064,165675008,0.3818359375
256,0,4,periodic,16777216,167772160,0.376953125
256,0,4,periodic,18874368,169869312,0.3837890625
256,0,4,periodic,20971520,171966464,0.3447265625
256,0,4,periodic,23068672,174063616,0.4013671875
256,0,4,periodic,25165824,176160768,0.419921875
256,0,4,periodic,27262976,178257920,0.35546875
256,0,4,periodic,29360128,180355072,0.3671875
256,0,4,periodic,31457280,182452224,0.373046875
256,0,4,periodic,33554432,184549376,0.3515625
256,0,4,periodic,35651584,186646528,0.4072265625
256,0,4,periodic,37748736,188743680,0.365234375
256,0,4,periodic,39845888,190840832,0.3583984375
256,0,4,periodic,41943040,192937984,0.37109375
256,0,4,periodic,44040192,195035136,0.4052734375
256,0,4,periodic,46137344,197132288,0.3466796875
256,0,4,periodic,48234496,199229440,0.3857421875
256,0,4,periodic,50331648,201326592,0.3671875
256,0,4,phase_end,50331648,201326592,0.3671875
256,1,1,phase_start,0,0,0.03125
256,1,1,periodic,2097152,2097152,0.35546875
256,1,1,periodic,4194304,4194304,0.3740234375
256,1,1,periodic,6291456,6291456,0.3525390625
256,1,1,periodic,8388608,8388608,0.390625
256,1,1,periodic,10485760,10485760,0.3310546875
256,1,1,periodic,12582912,12582912,0.3701171875
256,1,1,periodic,14680064,14680064,0.35546875
256,1,1,periodic,16777216,16777216,0.3828125
256,1,1,periodic,18874368,18874368,0.388671875
256,1,1,periodic,20971520,20971520,0.3544921875
256,1,1,periodic,23068672,23068672,0.39453125
256,1,1,periodic,25165824,25165824,0.375
256,1,1,periodic,27262976,27262976,0.3515625
256,1,1,periodic,29360128,29360128,0.38671875
256,1,1,periodic,31457280,31457280,0.34765625
256,1,1,periodic,33554432,33554432,0.35546875
256,1,1,periodic,35651584,35651584,0.3896484375
256,1,1,periodic,37748736,37748736,0.408203125
256,1,1,periodic,39845888,39845888,0.353515625
256,1,1,periodic,41943040,41943040,0.341796875
256,1,1,periodic,44040192,44040192,0.3544921875
256,1,1,periodic,46137344,46137344,0.3681640625
256,1,1,periodic,48234496,48234496,0.3994140625
256,1,1,periodic,50331648,50331648,0.341796875
256,1,1,phase_end,50331648,50331648,0.341796875
256,1,2,phase_start,0,50331648,0.4052734375
256,1,2,periodic,2097152,52428800,0.361328125
256,1,2,periodic,4194304,54525952,0.396484375
256,1,2,periodic,6291456,56623104,0.404296875
256,1,2,periodic,8388608,58720256,0.423828125
256,1,2,periodic,10485760,60817408,0.38671875
256,1,2,periodic,12582912,62914560,0.408203125
256,1,2,periodic,14680064,65011712,0.3837890625
256,1,2,periodic,16777216,67108864,0.404296875
256,1,2,periodic,18874368,69206016,0.41015625
256,1,2,periodic,20971520,71303168,0.3857421875
256,1,2,periodic,23068672,73400320,0.3662109375
256,1,2,periodic,25165824,75497472,0.373046875
256,1,2,periodic,27262976,77594624,0.3916015625
256,1,2,periodic,29360128,79691776,0.3984375
256,1,2,periodic,31457280,81788928,0.4111328125
256,1,2,periodic,33554432,83886080,0.3779296875
256,1,2,periodic,35651584,85983232,0.400390625
256,1,2,periodic,37748736,88080384,0.4013671875
256,1,2,periodic,39845888,90177536,0.4033203125
256,1,2,periodic,41943040,92274688,0.419921875
256,1,2,periodic,44040192,94371840,0.40625
256,1,2,periodic,46137344,96468992,0.42578125
256,1,2,periodic,48234496,98566144,0.3984375
256,1,2,periodic,50331648,100663296,0.3974609375
256,1,2,phase_end,50331648,100663296,0.3974609375
256,1,3,phase_start,0,100663296,0.361328125
256,1,3,periodic,2097152,102760448,0.390625
256,1,3,periodic,4194304,104857600,0.365234375
256,1,3,periodic,6291456,106954752,0.3818359375
256,1,3,periodic,8388608,109051904,0.3876953125
256,1,3,periodic,10485760,111149056,0.37890625
256,1,3,periodic,12582912,113246208,0.3515625
256,1,3,periodic,14680064,115343360,0.34375
256,1,3,periodic,16777216,117440512,0.3671875
256,1,3,periodic,18874368,119537664,0.3564453125
256,1,3,periodic,20971520,121634816,0.3740234375
256,1,3,periodic,23068672,123731968,0.353515625
256,1,3,periodic,25165824,125829120,0.3876953125
256,1,3,periodic,27262976,127926272,0.3896484375
256,1,3,periodic,29360128,130023424,0.404296875
256,1,3,periodic,31457280,132120576,0.376953125
256,1,3,periodic,33554432,134217728,0.375
256,1,3,periodic,35651584,136314880,0.3818359375
256,1,3,periodic,37748736,138412032,0.3818359375
256,1,3,periodic,39845888,140509184,0.3740234375
256,1,3,periodic,41943040,142606336,0.3857421875
256,1,3,periodic,44040192,144703488,0.380859375
256,1,3,periodic,46137344,146800640,0.3525390625
256,1,3,periodic,48234496,148897792,0.404296875
256,1,3,periodic,50331648,150994944,0.3828125
256,1,3,phase_end,50331648,150994944,0.3828125
256,1,4,phase_start,0,150994944,0.3759765625
256,1,4,periodic,2097152,153092096,0.3779296875
256,1,4,periodic,4194304,155189248,0.3662109375
256,1,4,periodic,6291456,157286400,0.390625
256,1,4,periodic,8388608,159383552,0.361328125
256,1,4,periodic,10485760,161480704,0.3798828125
256,1,4,periodic,12582912,163577856,0.3994140625
256,1,4,periodic,14680064,165675008,0.3515625
256,1,4,periodic,16777216,167772160,0.365234375
256,1,4,periodic,18874368,169869312,0.3603515625
256,1,4,periodic,20971520,171966464,0.3896484375
256,1,4,periodic,23068672,174063616,0.3671875
256,1,4,periodic,25165824,176160768,0.37109375
256,1,4,periodic,27262976,178257920,0.3837890625
256,1,4,periodic,29360128,180355072,0.341796875
256,1,4,periodic,31457280,182452224,0.3828125
256,1,4,periodic,33554432,184549376,0.4130859375
256,1,4,periodic,35651584,186646528,0.39453125
256,1,4,periodic,37748736,188743680,0.3974609375
256,1,4,periodic,39845888,190840832,0.3701171875
256,1,4,periodic,41943040,192937984,0.3994140625
256,1,4,periodic,44040192,195035136,0.39453125
256,1,4,periodic,46137344,197132288,0.3740234375
256,1,4,periodic,48234496,199229440,0.349609375
256,1,4,periodic,50331648,201326592,0.380859375
256,1,4,phase_end,50331648,201326592,0.380859375
256,2,1,phase_start,0,0,0.037109375
256,2,1,periodic,2097152,2097152,0.349609375
256,2,1,periodic,4194304,4194304,0.3623046875
256,2,1,periodic,6291456,6291456,0.33984375
256,2,1,periodic,8388608,8388608,0.3623046875
256,2,1,periodic,10485760,10485760,0.3740234375
256,2,1,periodic,12582912,12582912,0.404296875
256,2,1,periodic,14680064,14680064,0.3720703125
256,2,1,periodic,16777216,16777216,0.3623046875
256,2,1,periodic,18874368,18874368,0.3525390625
256,2,1,periodic,20971520,20971520,0.3505859375
256,2,1,periodic,23068672,23068672,0.3310546875
256,2,1,periodic,25165824,25165824,0.3583984375
256,2,1,periodic,27262976,27262976,0.3916015625
256,2,1,periodic,29360128,29360128,0.34765625
256,2,1,periodic,31457280,31457280,0.3466796875
256,2,1,periodic,33554432,33554432,0.3916015625
256,2,1,periodic,35651584,35651584,0.3896484375
256,2,1,periodic,37748736,37748736,0.4033203125
256,2,1,periodic,39845888,39845888,0.390625
256,2,1,periodic,41943040,41943040,0.375
256,2,1,periodic,44040192,44040192,0.3681640625
256,2,1,periodic,46137344,46137344,0.3798828125
256,2,1,periodic,48234496,48234496,0.3935546875
256,2,1,periodic,50331648,50331648,0.3515625
256,2,1,phase_end,50331648,50331648,0.3515625
256,2,2,phase_start,0,50331648,0.3935546875
256,2,2,periodic,2097152,52428800,0.4072265625
256,2,2,periodic,4194304,54525952,0.390625
256,2,2,periodic,6291456,56623104,0.3876953125
256,2,2,periodic,8388608,58720256,0.359375
256,2,2,periodic,10485760,60817408,0.373046875
256,2,2,periodic,12582912,62914560,0.4033203125
256,2,2,periodic,14680064,65011712,0.39453125
256,2,2,periodic,16777216,67108864,0.400390625
256,2,2,periodic,18874368,69206016,0.412109375
256,2,2,periodic,20971520,71303168,0.4658203125
256,2,2,periodic,23068672,73400320,0.36328125
256,2,2,periodic,25165824,75497472,0.3916015625
256,2,2,periodic,27262976,77594624,0.39453125
256,2,2,periodic,29360128,79691776,0.421875
256,2,2,periodic,31457280,81788928,0.419921875
256,2,2,periodic,33554432,83886080,0.40234375
256,2,2,periodic,35651584,85983232,0.400390625
256,2,2,periodic,37748736,88080384,0.408203125
256,2,2,periodic,39845888,90177536,0.3671875
256,2,2,periodic,41943040,92274688,0.3642578125
256,2,2,periodic,44040192,94371840,0.3759765625
256,2,2,periodic,46137344,96468992,0.412109375
256,2,2,periodic,48234496,98566144,0.396484375
256,2,2,periodic,50331648,100663296,0.3896484375
256,2,2,phase_end,50331648,100663296,0.3896484375
256,2,3,phase_start,0,100663296,0.375
256,2,3,periodic,2097152,102760448,0.396484375
256,2,3,periodic,4194304,104857600,0.376953125
256,2,3,periodic,6291456,106954752,0.3779296875
256,2,3,periodic,8388608,109051904,0.37109375
256,2,3,periodic,10485760,111149056,0.37109375
256,2,3,periodic,12582912,113246208,0.3984375
256,2,3,periodic,14680064,115343360,0.3671875
256,2,3,periodic,16777216,117440512,0.4033203125
256,2,3,periodic,18874368,119537664,0.384765625
256,2,3,periodic,20971520,121634816,0.39453125
256,2,3,periodic,23068672,123731968,0.3671875
256,2,3,periodic,25165824,125829120,0.4052734375
256,2,3,periodic,27262976,127926272,0.361328125
256,2,3,periodic,29360128,130023424,0.388671875
256,2,3,periodic,31457280,132120576,0.4052734375
256,2,3,periodic,33554432,134217728,0.3623046875
256,2,3,periodic,35651584,136314880,0.40625
256,2,3,periodic,37748736,138412032,0.34765625
256,2,3,periodic,39845888,140509184,0.3662109375
256,2,3,periodic,41943040,142606336,0.373046875
256,2,3,periodic,44040192,144703488,0.3583984375
256,2,3,periodic,46137344,146800640,0.3876953125
256,2,3,periodic,48234496,148897792,0.3779296875
256,2,3,periodic,50331648,150994944,0.373046875
256,2,3,phase_end,50331648,150994944,0.373046875
256,2,4,phase_start,0,150994944,0.373046875
256,2,4,periodic,2097152,153092096,0.35546875
256,2,4,periodic,4194304,155189248,0.396484375
256,2,4,periodic,6291456,157286400,0.3798828125
256,2,4,periodic,8388608,159383552,0.3603515625
256,2,4,periodic,10485760,161480704,0.3642578125
256,2,4,periodic,12582912,163577856,0.3740234375
256,2,4,periodic,14680064,165675008,0.3974609375
256,2,4,periodic,16777216,167772160,0.390625
256,2,4,periodic,18874368,169869312,0.3837890625
256,2,4,periodic,20971520,171966464,0.388671875
256,2,4,periodic,23068672,174063616,0.39453125
256,2,4,periodic,25165824,176160768,0.3623046875
256,2,4,periodic,27262976,178257920,0.34375
256,2,4,periodic,29360128,180355072,0.3623046875
256,2,4,periodic,31457280,182452224,0.380859375
256,2,4,periodic,33554432,184549376,0.392578125
256,2,4,periodic,35651584,186646528,0.369140625
256,2,4,periodic,37748736,188743680,0.359375
256,2,4,periodic,39845888,190840832,0.341796875
256,2,4,periodic,41943040,192937984,0.3818359375
256,2,4,periodic,44040192,195035136,0.390625
256,2,4,periodic,46137344,197132288,0.38671875
256,2,4,periodic,48234496,199229440,0.359375
256,2,4,periodic,50331648,201326592,0.384765625
256,2,4,phase_end,50331648,201326592,0.384765625
256,3,1,phase_start,0,0,0.0439453125
256,3,1,periodic,2097152,2097152,0.3818359375
256,3,1,periodic,4194304,4194304,0.404296875
256,3,1,periodic,6291456,6291456,0.369140625
256,3,1,periodic,8388608,8388608,0.38671875
256,3,1,periodic,10485760,10485760,0.337890625
256,3,1,periodic,12582912,12582912,0.3857421875
256,3,1,periodic,14680064,14680064,0.3427734375
256,3,1,periodic,16777216,16777216,0.3935546875
256,3,1,periodic,18874368,18874368,0.3740234375
256,3,1,periodic,20971520,20971520,0.41015625
256,3,1,periodic,23068672,23068672,0.333984375
256,3,1,periodic,25165824,25165824,0.3662109375
256,3,1,periodic,27262976,27262976,0.38671875
256,3,1,periodic,29360128,29360128,0.3740234375
256,3,1,periodic,31457280,31457280,0.400390625
256,3,1,periodic,33554432,33554432,0.3212890625
256,3,1,periodic,35651584,35651584,0.396484375
256,3,1,periodic,37748736,37748736,0.359375
256,3,1,periodic,39845888,39845888,0.375
256,3,1,periodic,41943040,41943040,0.3779296875
256,3,1,periodic,44040192,44040192,0.3564453125
256,3,1,periodic,46137344,46137344,0.40234375
256,3,1,periodic,48234496,48234496,0.357421875
256,3,1,periodic,50331648,50331648,0.3515625
256,3,1,phase_end,50331648,50331648,0.3515625
256,3,2,phase_start,0,50331648,0.365234375
256,3,2,periodic,2097152,52428800,0.3984375
256,3,2,periodic,4194304,54525952,0.4267578125
256,3,2,periodic,6291456,56623104,0.3876953125
256,3,2,periodic,8388608,58720256,0.390625
256,3,2,periodic,10485760,60817408,0.3984375
256,3,2,periodic,12582912,62914560,0.38671875
256,3,2,periodic,14680064,65011712,0.421875
256,3,2,periodic,16777216,67108864,0.4013671875
256,3,2,periodic,18874368,69206016,0.4091796875
256,3,2,periodic,20971520,71303168,0.404296875
256,3,2,periodic,23068672,73400320,0.4111328125
256,3,2,periodic,25165824,75497472,0.38671875
256,3,2,periodic,27262976,77594624,0.396484375
256,3,2,periodic,29360128,79691776,0.4013671875
256,3,2,periodic,31457280,81788928,0.40234375
256,3,2,periodic,33554432,83886080,0.40234375
256,3,2,periodic,35651584,85983232,0.375
256,3,2,periodic,37748736,88080384,0.3662109375
256,3,2,periodic,39845888,90177536,0.39453125
256,3,2,periodic,41943040,92274688,0.4052734375
256,3,2,periodic,44040192,94371840,0.3974609375
256,3,2,periodic,46137344,96468992,0.392578125
256,3,2,periodic,48234496,98566144,0.400390625
256,3,2,periodic,50331648,100663296,0.4091796875
256,3,2,phase_end,50331648,100663296,0.4091796875
256,3,3,phase_start,0,100663296,0.3896484375
256,3,3,periodic,2097152,102760448,0.365234375
256,3,3,periodic,4194304,104857600,0.4013671875
256,3,3,periodic,6291456,106954752,0.3837890625
256,3,3,periodic,8388608,109051904,0.3681640625
256,3,3,periodic,10485760,111149056,0.3916015625
256,3,3,periodic,12582912,113246208,0.3544921875
256,3,3,periodic,14680064,115343360,0.3779296875
256,3,3,periodic,16777216,117440512,0.3974609375
256,3,3,periodic,18874368,119537664,0.396484375
256,3,3,periodic,20971520,121634816,0.0126953125
256,3,3,periodic,23068672,123731968,0.359375
256,3,3,periodic,25165824,125829120,0.40625
256,3,3,periodic,27262976,127926272,0.400390625
256,3,3,periodic,29360128,130023424,0.3740234375
256,3,3,periodic,31457280,132120576,0.3740234375
256,3,3,periodic,33554432,134217728,0.3662109375
256,3,3,periodic,35651584,136314880,0.392578125
256,3,3,periodic,37748736,138412032,0.3798828125
256,3,3,periodic,39845888,140509184,0.376953125
256,3,3,periodic,41943040,142606336,0.361328125
256,3,3,periodic,44040192,144703488,0.361328125
256,3,3,periodic,46137344,146800640,0.3701171875
256,3,3,periodic,48234496,148897792,0.392578125
256,3,3,periodic,50331648,150994944,0.3828125
256,3,3,phase_end,50331648,150994944,0.3828125
256,3,4,phase_start,0,150994944,0.4091796875
256,3,4,periodic,2097152,153092096,0.3798828125
256,3,4,periodic,4194304,155189248,0.369140625
256,3,4,periodic,6291456,157286400,0.3837890625
256,3,4,periodic,8388608,159383552,0.376953125
256,3,4,periodic,10485760,161480704,0.3779296875
256,3,4,periodic,12582912,163577856,0.4013671875
256,3,4,periodic,14680064,165675008,0.3798828125
256,3,4,periodic,16777216,167772160,0.38671875
256,3,4,periodic,18874368,169869312,0.400390625
256,3,4,periodic,20971520,171966464,0.3681640625
256,3,4,periodic,23068672,174063616,0.3740234375
256,3,4,periodic,25165824,176160768,0.375
256,3,4,periodic,27262976,178257920,0.3984375
256,3,4,periodic,29360128,180355072,0.3466796875
256,3,4,periodic,31457280,182452224,0.349609375
256,3,4,periodic,33554432,184549376,0.369140625
256,3,4,periodic,35651584,186646528,0.36328125
256,3,4,periodic,37748736,188743680,0.400390625
256,3,4,periodic,39845888,190840832,0.3837890625
256,3,4,periodic,41943040,192937984,0.3642578125
256,3,4,periodic,44040192,195035136,0.3955078125
256,3,4,periodic,46137344,197132288,0.3583984375
256,3,4,periodic,48234496,199229440,0.4033203125
256,3,4,periodic,50331648,201326592,0.3583984375
256,3,4,phase_end,50331648,201326592,0.3583984375
256,4,1,phase_start,0,0,0.0400390625
256,4,1,periodic,2097152,2097152,0.3486328125
256,4,1,periodic,4194304,4194304,0.400390625
256,4,1,periodic,6291456,6291456,0.3720703125
256,4,1,periodic,8388608,8388608,0.3779296875
256,4,1,periodic,10485760,10485760,0.3876953125
256,4,1,periodic,12582912,12582912,0.3662109375
256,4,1,periodic,14680064,14680064,0.3564453125
256,4,1,periodic,16777216,16777216,0.3642578125
256,4,1,periodic,18874368,18874368,0.388671875
256,4,1,periodic,20971520,20971520,0.3798828125
256,4,1,periodic,23068672,23068672,0.375
256,4,1,periodic,25165824,25165824,0.3505859375
256,4,1,periodic,27262976,27262976,0.376953125
256,4,1,periodic,29360128,29360128,0.380859375
256,4,1,periodic,31457280,31457280,0.357421875
256,4,1,periodic,33554432,33554432,0.34375
256,4,1,periodic,35651584,35651584,0.369140625
256,4,1,periodic,37748736,37748736,0.384765625
256,4,1,periodic,39845888,39845888,0.3388671875
256,4,1,periodic,41943040,41943040,0.35546875
256,4,1,periodic,44040192,44040192,0.369140625
256,4,1,periodic,46137344,46137344,0.384765625
256,4,1,periodic,48234496,48234496,0.375
256,4,1,periodic,50331648,50331648,0.3955078125
256,4,1,phase_end,50331648,50331648,0.3955078125
256,4,2,phase_start,0,50331648,0.3916015625
256,4,2,periodic,2097152,52428800,0.396484375
256,4,2,periodic,4194304,54525952,0.408203125
256,4,2,periodic,6291456,56623104,0.3759765625
256,4,2,periodic,8388608,58720256,0.3740234375
256,4,2,periodic,10485760,60817408,0.3740234375
256,4,2,periodic,12582912,62914560,0.390625
256,4,2,periodic,14680064,65011712,0.3935546875
256,4,2,periodic,16777216,67108864,0.41015625
256,4,2,periodic,18874368,69206016,0.408203125
256,4,2,periodic,20971520,71303168,0.396484375
256,4,2,periodic,23068672,73400320,0.375
256,4,2,periodic,25165824,75497472,0.3818359375
256,4,2,periodic,27262976,77594624,0.4091796875
256,4,2,periodic,29360128,79691776,0.423828125
256,4,2,periodic,31457280,81788928,0.39453125
256,4,2,periodic,33554432,83886080,0.404296875
256,4,2,periodic,35651584,85983232,0.390625
256,4,2,periodic,37748736,88080384,0.3857421875
256,4,2,periodic,39845888,90177536,0.4072265625
256,4,2,periodic,41943040,92274688,0.41796875
256,4,2,periodic,44040192,94371840,0.369140625
256,4,2,periodic,46137344,96468992,0.38671875
256,4,2,periodic,48234496,98566144,0.40625
256,4,2,periodic,50331648,100663296,0.353515625
256,4,2,phase_end,50331648,100663296,0.353515625
256,4,3,phase_start,0,100663296,0.3935546875
256,4,3,periodic,2097152,102760448,0.3935546875
256,4,3,periodic,4194304,104857600,0.384765625
256,4,3,periodic,6291456,106954752,0.3876953125
256,4,3,periodic,8388608,109051904,0.3544921875
256,4,3,periodic,10485760,111149056,0.435546875
256,4,3,periodic,12582912,113246208,0.3857421875
256,4,3,periodic,14680064,115343360,0.3681640625
256,4,3,periodic,16777216,117440512,0.3876953125
256,4,3,periodic,18874368,119537664,0.3681640625
256,4,3,periodic,20971520,121634816,0.37109375
256,4,3,periodic,23068672,123731968,0.3603515625
256,4,3,periodic,25165824,125829120,0.3701171875
256,4,3,periodic,27262976,127926272,0.3623046875
256,4,3,periodic,29360128,130023424,0.3671875
256,4,3,periodic,31457280,132120576,0.3837890625
256,4,3,periodic,33554432,134217728,0.373046875
256,4,3,periodic,35651584,136314880,0.3994140625
256,4,3,periodic,37748736,138412032,0.3857421875
256,4,3,periodic,39845888,140509184,0.392578125
256,4,3,periodic,41943040,142606336,0.3798828125
256,4,3,periodic,44040192,144703488,0.3369140625
256,4,3,periodic,46137344,146800640,0.3701171875
256,4,3,periodic,48234496,148897792,0.37890625
256,4,3,periodic,50331648,150994944,0.3779296875
256,4,3,phase_end,50331648,150994944,0.3779296875
256,4,4,phase_start,0,150994944,0.3779296875
256,4,4,periodic,2097152,153092096,0.390625
256,4,4,periodic,4194304,155189248,0.388671875
256,4,4,periodic,6291456,157286400,0.36328125
256,4,4,periodic,8388608,159383552,0.4140625
256,4,4,periodic,10485760,161480704,0.3779296875
256,4,4,periodic,12582912,163577856,0.3662109375
256,4,4,periodic,14680064,165675008,0.3369140625
256,4,4,periodic,16777216,167772160,0.3740234375
256,4,4,periodic,18874368,169869312,0.3876953125
256,4,4,periodic,20971520,171966464,0.35546875
256,4,4,periodic,23068672,174063616,0.3505859375
256,4,4,periodic,25165824,176160768,0.400390625
256,4,4,periodic,27262976,178257920,0.435546875
256,4,4,periodic,29360128,180355072,0.3798828125
256,4,4,periodic,31457280,182452224,0.3896484375
256,4,4,periodic,33554432,184549376,0.3515625
256,4,4,periodic,35651584,186646528,0.380859375
256,4,4,periodic,37748736,188743680,0.39453125
256,4,4,periodic,39845888,190840832,0.3623046875
256,4,4,periodic,41943040,192937984,0.3955078125
256,4,4,periodic,44040192,195035136,0.4072265625
256,4,4,periodic,46137344,197132288,0.40234375
256,4,4,periodic,48234496,199229440,0.390625
256,4,4,periodic,50331648,201326592,0.3837890625
256,4,4,phase_end,50331648,201326592,0.3837890625
