diversity,seed,phase,kind,phase_env_steps,total_env_steps,success_rate,success_depth_1,success_depth_2,success_depth_3,success_depth_4,success_depth_5,success_depth_6
1,0,1,phase_start,0,0,0.0537109375,0.2074468085106383,0.0963855421686747,0.0,0.0,0.0,0.0
1,0,1,periodic,2097152,2097152,0.3759765625,1.0,1.0,0.0,0.0,0.0,0.0
1,0,1,periodic,4194304,4194304,0.4267578125,1.0,1.0,0.0,0.0,0.0,0.0
1,0,1,periodic,6291456,6291456,0.4111328125,1.0,1.0,0.0,0.0,0.0,0.0
1,0,1,periodic,8388608,8388608,0.3623046875,1.0,0.994535519125683,0.0,0.0,0.0,0.0
1,0,1,periodic,10485760,10485760,0.3720703125,1.0,1.0,0.0,0.0,0.0,0.0
1,0,1,periodic,12582912,12582912,0.3603515625,1.0,1.0,0.0,0.0,0.0,0.0
1,0,1,periodic,14680064,14680064,0.3662109375,1.0,1.0,0.0,0.0,0.0,0.0
1,0,1,periodic,16777216,16777216,0.380859375,1.0,1.0,0.0,0.0,0.0,0.0
1,0,1,periodic,18874368,18874368,0.375,1.0,1.0,0.0,0.0,0.0,0.0
1,0,1,periodic,20971520,20971520,0.3212890625,1.0,1.0,0.0,0.0,0.0,0.0
1,0,1,periodic,23068672,23068672,0.3759765625,1.0,1.0,0.0,0.0,0.0,0.0
1,0,1,periodic,25165824,25165824,0.37890625,1.0,1.0,0.0,0.0,0.0,0.0
1,0,1,periodic,27262976,27262976,0.4208984375,1.0,1.0,0.0,0.0,0.0,0.0
1,0,1,periodic,29360128,29360128,0.3681640625,1.0,1.0,0.0,0.0,0.0,0.0
1,0,1,periodic,31457280,31457280,0.3505859375,1.0,1.0,0.0,0.0,0.0,0.0
1,0,1,periodic,33554432,33554432,0.3955078125,1.0,1.0,0.0,0.0,0.0,0.0
1,0,1,periodic,35651584,35651584,0.388671875,1.0,1.0,0.0,0.0,0.0,0.0
1,0,1,periodic,37748736,37748736,0.4072265625,1.0,1.0,0.0,0.0,0.0,0.0
1,0,1,periodic,39845888,39845888,0.390625,0.9950980392156863,1.0,0.0,0.0,0.0,0.0
1,0,1,periodic,41943040,41943040,0.4052734375,1.0,1.0,0.0,0.0,0.0,0.0
1,0,1,periodic,44040192,44040192,0.41796875,1.0,1.0,0.0,0.0,0.0,0.0
1,0,1,periodic,46137344,46137344,0.365234375,1.0,1.0,0.0,0.0,0.0,0.0
1,0,1,periodic,48234496,48234496,0.39453125,1.0,1.0,0.0,0.0,0.0,0.0
1,0,1,periodic,50331648,50331648,0.400390625,1.0,1.0,0.0,0.0,0.0,0.0
1,0,1,phase_end,50331648,50331648,0.400390625,1.0,1.0,0.0,0.0,0.0,0.0
1,0,2,phase_start,0,50331648,0.5634765625,1.0,1.0,1.0,0.0,0.0,0.0
1,0,2,periodic,2097152,52428800,0.58203125,1.0,1.0,1.0,0.0,0.0,0.0
1,0,2,periodic,4194304,54525952,0.609375,1.0,1.0,1.0,0.0,0.0,0.0
1,0,2,periodic,6291456,56623104,0.58203125,1.0,1.0,1.0,0.0,0.0,0.0
1,0,2,periodic,8388608,58720256,0.5888671875,1.0,1.0,1.0,0.0,0.0,0.0
1,0,2,periodic,10485760,60817408,0.5859375,1.0,1.0,1.0,0.0,0.0,0.0
1,0,2,periodic,12582912,62914560,0.60546875,1.0,1.0,1.0,0.0,0.0,0.0
1,0,2,periodic,14680064,65011712,0.5830078125,1.0,1.0,1.0,0.0,0.0,0.0
1,0,2,periodic,16777216,67108864,0.5927734375,1.0,1.0,1.0,0.0,0.0,0.0
1,0,2,periodic,18874368,69206016,0.60546875,1.0,1.0,1.0,0.0,0.0,0.0
1,0,2,periodic,20971520,71303168,0.5478515625,1.0,1.0,1.0,0.0,0.0,0.0
1,0,2,periodic,23068672,73400320,0.5888671875,1.0,1.0,1.0,0.0,0.0,0.0
1,0,2,periodic,25165824,75497472,0.5986328125,1.0,1.0,1.0,0.0,0.0,0.0
1,0,2,periodic,27262976,77594624,0.578125,1.0,1.0,1.0,0.0,0.0,0.0
1,0,2,periodic,29360128,79691776,0.5947265625,1.0,1.0,1.0,0.0,0.0,0.0
1,0,2,periodic,31457280,81788928,0.572265625,1.0,1.0,1.0,0.0,0.0,0.0
1,0,2,periodic,33554432,83886080,0.5546875,1.0,1.0,1.0,0.0,0.0,0.0
1,0,2,periodic,35651584,85983232,0.560546875,1.0,1.0,1.0,0.0,0.0,0.0
1,0,2,periodic,37748736,88080384,0.599609375,1.0,1.0,1.0,0.0,0.0,0.0
1,0,2,periodic,39845888,90177536,0.5830078125,1.0,1.0,1.0,0.0,0.0,0.0
1,0,2,periodic,41943040,92274688,0.568359375,1.0,1.0,1.0,0.0,0.0,0.0
1,0,2,periodic,44040192,94371840,0.595703125,1.0,1.0,1.0,0.0,0.0,0.0
1,0,2,periodic,46137344,96468992,0.5673828125,1.0,1.0,1.0,0.0,0.0,0.0
1,0,2,periodic,48234496,98566144,0.5810546875,1.0,1.0,1.0,0.0,0.0,0.0
1,0,2,periodic,50331648,100663296,0.5712890625,1.0,1.0,1.0,0.0,0.0,0.0
1,0,2,phase_end,50331648,100663296,0.5712890625,1.0,1.0,1.0,0.0,0.0,0.0
1,0,3,phase_start,0,100663296,0.7861328125,1.0,1.0,1.0,1.0,0.0,0.0
1,0,3,periodic,2097152,102760448,0.7861328125,1.0,1.0,1.0,1.0,0.0,0.0
1,0,3,periodic,4194304,104857600,0.7890625,1.0,1.0,1.0,1.0,0.0,0.0
1,0,3,periodic,6291456,106954752,0.78125,1.0,1.0,1.0,1.0,0.0,0.0
1,0,3,periodic,8388608,109051904,0.7724609375,1.0,1.0,1.0,1.0,0.0,0.0
1,0,3,periodic,10485760,111149056,0.7724609375,1.0,1.0,1.0,1.0,0.0,0.0
1,0,3,periodic,12582912,113246208,0.76171875,1.0,1.0,1.0,1.0,0.0,0.0
1,0,3,periodic,14680064,115343360,0.779296875,1.0,1.0,1.0,1.0,0.0,0.0
1,0,3,periodic,16777216,117440512,0.76171875,1.0,1.0,1.0,1.0,0.0,0.0
1,0,3,periodic,18874368,119537664,0.7998046875,1.0,1.0,1.0,1.0,0.0,0.0
1,0,3,periodic,20971520,121634816,0.78515625,1.0,1.0,1.0,1.0,0.0,0.0
1,0,3,periodic,23068672,123731968,0.7822265625,1.0,1.0,1.0,1.0,0.0,0.0
1,0,3,periodic,25165824,125829120,0.4111328125,0.6145833333333334,0.4768211920529801,0.7819148936170213,0.5454545454545454,0.0,0.0
1,0,3,periodic,27262976,127926272,0.7763671875,1.0,1.0,1.0,1.0,0.0,0.0
1,0,3,periodic,29360128,130023424,0.7783203125,1.0,1.0,1.0,1.0,0.0,0.0
1,0,3,periodic,31457280,132120576,0.7978515625,1.0,1.0,1.0,1.0,0.0,0.0
1,0,3,periodic,33554432,134217728,0.7841796875,1.0,1.0,1.0,1.0,0.0,0.0
1,0,3,periodic,35651584,136314880,0.7880859375,1.0,1.0,1.0,1.0,0.0,0.0
1,0,3,periodic,37748736,138412032,0.771484375,1.0,1.0,1.0,1.0,0.0,0.0
1,0,3,periodic,39845888,140509184,0.78515625,1.0,1.0,1.0,1.0,0.0,0.0
1,0,3,periodic,41943040,142606336,0.7734375,1.0,1.0,1.0,1.0,0.0,0.0
1,0,3,periodic,44040192,144703488,0.7705078125,1.0,1.0,1.0,1.0,0.0,0.0
1,0,3,periodic,46137344,146800640,0.7734375,1.0,1.0,1.0,1.0,0.0,0.0
1,0,3,periodic,48234496,148897792,0.7890625,1.0,1.0,1.0,1.0,0.0,0.0
1,0,3,periodic,50331648,150994944,0.7861328125,1.0,1.0,1.0,1.0,0.0,0.0
1,0,3,phase_end,50331648,150994944,0.7861328125,1.0,1.0,1.0,1.0,0.0,0.0
1,0,4,phase_start,0,150994944,0.771484375,1.0,1.0,1.0,1.0,0.0,0.0
1,0,4,periodic,2097152,153092096,0.779296875,1.0,1.0,1.0,1.0,0.0,0.0
1,0,4,periodic,4194304,155189248,0.7744140625,1.0,1.0,1.0,1.0,0.0,0.0
1,0,4,periodic,6291456,157286400,0.7734375,1.0,1.0,1.0,1.0,0.0,0.0
1,0,4,periodic,8388608,159383552,0.7880859375,1.0,1.0,1.0,1.0,0.0,0.0
1,0,4,periodic,10485760,161480704,0.7763671875,1.0,1.0,1.0,1.0,0.0,0.0
1,0,4,periodic,12582912,163577856,0.779296875,1.0,1.0,1.0,1.0,0.0,0.0
1,0,4,periodic,14680064,165675008,0.7744140625,1.0,1.0,1.0,1.0,0.0,0.0
1,0,4,periodic,16777216,167772160,0.7802734375,1.0,1.0,1.0,1.0,0.0,0.0
1,0,4,periodic,18874368,169869312,0.77734375,1.0,1.0,1.0,1.0,0.0,0.0
1,0,4,periodic,20971520,171966464,0.779296875,1.0,1.0,1.0,1.0,0.0,0.0
1,0,4,periodic,23068672,174063616,0.791015625,1.0,1.0,1.0,1.0,0.0,0.0
1,0,4,periodic,25165824,176160768,0.771484375,1.0,1.0,1.0,1.0,0.0,0.0
1,0,4,periodic,27262976,178257920,0.78125,1.0,1.0,1.0,1.0,0.0,0.0
1,0,4,periodic,29360128,180355072,0.7763671875,1.0,1.0,1.0,1.0,0.0,0.0
1,0,4,periodic,31457280,182452224,0.79296875,1.0,1.0,1.0,1.0,0.0,0.0
1,0,4,periodic,33554432,184549376,0.7802734375,1.0,1.0,1.0,1.0,0.0,0.0
1,0,4,periodic,35651584,186646528,0.78125,1.0,1.0,1.0,1.0,0.0,0.0
1,0,4,periodic,37748736,188743680,0.783203125,1.0,1.0,1.0,1.0,0.0,0.0
1,0,4,periodic,39845888,190840832,0.8017578125,1.0,1.0,1.0,1.0,0.0,0.0
1,0,4,periodic,41943040,192937984,0.7734375,1.0,1.0,1.0,1.0,0.0,0.0
1,0,4,periodic,44040192,195035136,0.78515625,1.0,1.0,1.0,1.0,0.0,0.0
1,0,4,periodic,46137344,197132288,0.7685546875,1.0,1.0,1.0,1.0,0.0,0.0
1,0,4,periodic,48234496,199229440,0.7841796875,1.0,1.0,1.0,1.0,0.0,0.0
1,0,4,periodic,50331648,201326592,0.767578125,1.0,1.0,1.0,1.0,0.0,0.0
1,0,4,phase_end,50331648,201326592,0.767578125,1.0,1.0,1.0,1.0,0.0,0.0
1,1,1,phase_start,0,0,0.04296875,0.1956521739130435,0.10059171597633136,0.0,0.0,0.0,0.0
1,1,1,periodic,2097152,2097152,0.3583984375,1.0,1.0,0.0,0.0,0.0,0.0
1,1,1,periodic,4194304,4194304,0.3740234375,1.0,1.0,0.0,0.0,0.0,0.0
1,1,1,periodic,6291456,6291456,0.3701171875,1.0,1.0,0.0,0.0,0.0,0.0
1,1,1,periodic,8388608,8388608,0.4169921875,1.0,1.0,0.0,0.0,0.0,0.0
1,1,1,periodic,10485760,10485760,0.3603515625,1.0,1.0,0.0,0.0,0.0,0.0
1,1,1,periodic,12582912,12582912,0.3994140625,1.0,1.0,0.0,0.0,0.0,0.0
1,1,1,periodic,14680064,14680064,0.376953125,1.0,1.0,0.0,0.0,0.0,0.0
1,1,1,periodic,16777216,16777216,0.3662109375,1.0,1.0,0.0,0.0,0.0,0.0
1,1,1,periodic,18874368,18874368,0.4228515625,1.0,1.0,0.0,0.0,0.0,0.0
1,1,1,periodic,20971520,20971520,0.3662109375,1.0,1.0,0.0,0.0,0.0,0.0
1,1,1,periodic,23068672,23068672,0.3828125,1.0,1.0,0.0,0.0,0.0,0.0
1,1,1,periodic,25165824,25165824,0.3857421875,1.0,0.995,0.0,0.0,0.0,0.0
1,1,1,periodic,27262976,27262976,0.3935546875,1.0,1.0,0.0,0.0,0.0,0.0
1,1,1,periodic,29360128,29360128,0.41015625,1.0,1.0,0.0,0.0,0.0,0.0
1,1,1,periodic,31457280,31457280,0.3740234375,1.0,1.0,0.0,0.0,0.0,0.0
1,1,1,periodic,33554432,33554432,0.3681640625,1.0,1.0,0.0,0.0,0.0,0.0
1,1,1,periodic,35651584,35651584,0.353515625,1.0,1.0,0.0,0.0,0.0,0.0
1,1,1,periodic,37748736,37748736,0.4052734375,1.0,1.0,0.0,0.0,0.0,0.0
1,1,1,periodic,39845888,39845888,0.34765625,1.0,1.0,0.0,0.0,0.0,0.0
1,1,1,periodic,41943040,41943040,0.39453125,1.0,1.0,0.0,0.0,0.0,0.0
1,1,1,periodic,44040192,44040192,0.3544921875,1.0,1.0,0.0,0.0,0.0,0.0
1,1,1,periodic,46137344,46137344,0.3818359375,1.0,1.0,0.0,0.0,0.0,0.0
1,1,1,periodic,48234496,48234496,0.3916015625,1.0,1.0,0.0,0.0,0.0,0.0
1,1,1,periodic,50331648,50331648,0.3759765625,1.0,1.0,0.0,0.0,0.0,0.0
1,1,1,phase_end,50331648,50331648,0.3759765625,1.0,1.0,0.0,0.0,0.0,0.0
1,1,2,phase_start,0,50331648,0.5849609375,1.0,1.0,1.0,0.0,0.0,0.0
1,1,2,periodic,2097152,52428800,0.5576171875,1.0,1.0,1.0,0.0,0.0,0.0
1,1,2,periodic,4194304,54525952,0.5771484375,1.0,1.0,1.0,0.0,0.0,0.0
1,1,2,periodic,6291456,56623104,0.568359375,1.0,1.0,1.0,0.0,0.0,0.0
1,1,2,periodic,8388608,58720256,0.57421875,1.0,1.0,1.0,0.0,0.0,0.0
1,1,2,periodic,10485760,60817408,0.5966796875,1.0,1.0,1.0,0.0,0.0,0.0
1,1,2,periodic,12582912,62914560,0.5986328125,1.0,1.0,1.0,0.0,0.0,0.0
1,1,2,periodic,14680064,65011712,0.595703125,1.0,1.0,1.0,0.0,0.0,0.0
1,1,2,periodic,16777216,67108864,0.599609375,1.0,1.0,1.0,0.0,0.0,0.0
1,1,2,periodic,18874368,69206016,0.5859375,1.0,1.0,1.0,0.0,0.0,0.0
1,1,2,periodic,20971520,71303168,0.59765625,1.0,1.0,1.0,0.0,0.0,0.0
1,1,2,periodic,23068672,73400320,0.5595703125,1.0,1.0,1.0,0.0,0.0,0.0
1,1,2,periodic,25165824,75497472,0.5576171875,1.0,1.0,1.0,0.0,0.0,0.0
1,1,2,periodic,27262976,77594624,0.576171875,1.0,1.0,1.0,0.0,0.0,0.0
1,1,2,periodic,29360128,79691776,0.5771484375,1.0,1.0,1.0,0.0,0.0,0.0
1,1,2,periodic,31457280,81788928,0.5908203125,1.0,1.0,1.0,0.0,0.0,0.0
1,1,2,periodic,33554432,83886080,0.580078125,1.0,1.0,1.0,0.0,0.0,0.0
1,1,2,periodic,35651584,85983232,0.5673828125,1.0,1.0,1.0,0.0,0.0,0.0
1,1,2,periodic,37748736,88080384,0.5869140625,1.0,1.0,1.0,0.0,0.0,0.0
1,1,2,periodic,39845888,90177536,0.5634765625,1.0,1.0,1.0,0.0,0.0,0.0
1,1,2,periodic,41943040,92274688,0.6220703125,1.0,1.0,1.0,0.0,0.0,0.0
1,1,2,periodic,44040192,94371840,0.5625,1.0,1.0,1.0,0.0,0.0,0.0
1,1,2,periodic,46137344,96468992,0.5927734375,1.0,1.0,1.0,0.0,0.0,0.0
1,1,2,periodic,48234496,98566144,0.5859375,1.0,1.0,1.0,0.0,0.0,0.0
1,1,2,periodic,50331648,100663296,0.5732421875,1.0,1.0,1.0,0.0,0.0,0.0
1,1,2,phase_end,50331648,100663296,0.5732421875,1.0,1.0,1.0,0.0,0.0,0.0
1,1,3,phase_start,0,100663296,0.779296875,1.0,1.0,1.0,1.0,0.0,0.0
1,1,3,periodic,2097152,102760448,0.7880859375,1.0,1.0,1.0,1.0,0.0,0.0
1,1,3,periodic,4194304,104857600,0.7724609375,1.0,1.0,1.0,1.0,0.0,0.0
1,1,3,periodic,6291456,106954752,0.771484375,1.0,1.0,1.0,1.0,0.0,0.0
1,1,3,periodic,8388608,109051904,0.7802734375,1.0,1.0,1.0,1.0,0.0,0.0
1,1,3,periodic,10485760,111149056,0.779296875,1.0,1.0,1.0,1.0,0.0,0.0
1,1,3,periodic,12582912,113246208,0.787109375,1.0,1.0,1.0,1.0,0.0,0.0
1,1,3,periodic,14680064,115343360,0.783203125,1.0,1.0,1.0,1.0,0.0,0.0
1,1,3,periodic,16777216,117440512,0.7724609375,1.0,1.0,1.0,1.0,0.0,0.0
1,1,3,periodic,18874368,119537664,0.77734375,1.0,1.0,1.0,1.0,0.0,0.0
1,1,3,periodic,20971520,121634816,0.7880859375,1.0,1.0,1.0,1.0,0.0,0.0
1,1,3,periodic,23068672,123731968,0.787109375,1.0,1.0,1.0,1.0,0.0,0.0
1,1,3,periodic,25165824,125829120,0.787109375,1.0,1.0,1.0,1.0,0.0,0.0
1,1,3,periodic,27262976,127926272,0.787109375,1.0,1.0,1.0,1.0,0.0,0.0
1,1,3,periodic,29360128,130023424,0.7919921875,1.0,1.0,1.0,1.0,0.0,0.0
1,1,3,periodic,31457280,132120576,0.7861328125,1.0,1.0,1.0,1.0,0.0,0.0
1,1,3,periodic,33554432,134217728,0.7880859375,1.0,1.0,1.0,1.0,0.0,0.0
1,1,3,periodic,35651584,136314880,0.7880859375,1.0,1.0,1.0,1.0,0.0,0.0
1,1,3,periodic,37748736,138412032,0.78515625,1.0,1.0,1.0,1.0,0.0,0.0
1,1,3,periodic,39845888,140509184,0.7724609375,1.0,1.0,1.0,1.0,0.0,0.0
1,1,3,periodic,41943040,142606336,0.7705078125,1.0,1.0,1.0,1.0,0.0,0.0
1,1,3,periodic,44040192,144703488,0.7880859375,1.0,1.0,1.0,1.0,0.0,0.0
1,1,3,periodic,46137344,146800640,0.7861328125,1.0,1.0,1.0,1.0,0.0,0.0
1,1,3,periodic,48234496,148897792,0.7685546875,1.0,1.0,1.0,1.0,0.0,0.0
1,1,3,periodic,50331648,150994944,0.77734375,1.0,1.0,1.0,1.0,0.0,0.0
1,1,3,phase_end,50331648,150994944,0.77734375,1.0,1.0,1.0,1.0,0.0,0.0
1,1,4,phase_start,0,150994944,0.2451171875,0.5523255813953488,0.41916167664670656,0.3870967741935484,0.08,0.0,0.0
1,1,4,periodic,2097152,153092096,0.78125,1.0,1.0,1.0,1.0,0.0,0.0
1,1,4,periodic,4194304,155189248,0.77734375,1.0,1.0,1.0,1.0,0.0,0.0
1,1,4,periodic,6291456,157286400,0.7900390625,1.0,1.0,1.0,1.0,0.0,0.0
1,1,4,periodic,8388608,159383552,0.77734375,1.0,1.0,1.0,1.0,0.0,0.0
1,1,4,periodic,10485760,161480704,0.7763671875,1.0,1.0,1.0,1.0,0.0,0.0
1,1,4,periodic,12582912,163577856,0.787109375,1.0,1.0,1.0,1.0,0.0,0.0
1,1,4,periodic,14680064,165675008,0.783203125,1.0,1.0,1.0,1.0,0.0,0.0
1,1,4,periodic,16777216,167772160,0.787109375,1.0,1.0,1.0,1.0,0.0,0.0
1,1,4,periodic,18874368,169869312,0.7802734375,1.0,1.0,1.0,1.0,0.0,0.0
1,1,4,periodic,20971520,171966464,0.77734375,1.0,1.0,1.0,1.0,0.0,0.0
1,1,4,periodic,23068672,174063616,0.78125,1.0,1.0,1.0,1.0,0.0,0.0
1,1,4,periodic,25165824,176160768,0.7841796875,1.0,1.0,1.0,1.0,0.0,0.0
1,1,4,periodic,27262976,178257920,0.77734375,1.0,1.0,1.0,1.0,0.0,0.0
1,1,4,periodic,29360128,180355072,0.7841796875,1.0,1.0,1.0,1.0,0.0,0.0
1,1,4,periodic,31457280,182452224,0.7861328125,1.0,1.0,1.0,1.0,0.0,0.0
1,1,4,periodic,33554432,184549376,0.78515625,1.0,1.0,1.0,1.0,0.0,0.0
1,1,4,periodic,35651584,186646528,0.7958984375,1.0,1.0,1.0,1.0,0.0,0.0
1,1,4,periodic,37748736,188743680,0.76171875,1.0,1.0,1.0,1.0,0.0,0.0
1,1,4,periodic,39845888,190840832,0.7705078125,1.0,1.0,1.0,1.0,0.0,0.0
1,1,4,periodic,41943040,192937984,0.77734375,1.0,1.0,1.0,1.0,0.0,0.0
1,1,4,periodic,44040192,195035136,0.77734375,1.0,1.0,1.0,1.0,0.0,0.0
1,1,4,periodic,46137344,197132288,0.765625,1.0,1.0,1.0,1.0,0.0,0.0
1,1,4,periodic,48234496,199229440,0.771484375,1.0,1.0,1.0,1.0,0.0,0.0
1,1,4,periodic,50331648,201326592,0.7802734375,1.0,1.0,1.0,1.0,0.0,0.0
1,1,4,phase_end,50331648,201326592,0.7802734375,1.0,1.0,1.0,1.0,0.0,0.0
1,2,1,phase_start,0,0,0.052734375,0.21142857142857144,0.1118421052631579,0.0,0.0,0.0,0.0
1,2,1,periodic,2097152,2097152,0.3720703125,1.0,0.985,0.0,0.0,0.0,0.0
1,2,1,periodic,4194304,4194304,0.4111328125,1.0,1.0,0.0,0.0,0.0,0.0
1,2,1,periodic,6291456,6291456,0.375,1.0,1.0,0.0,0.0,0.0,0.0
1,2,1,periodic,8388608,8388608,0.3955078125,1.0,1.0,0.0,0.0,0.0,0.0
1,2,1,periodic,10485760,10485760,0.416015625,1.0,0.9955156950672646,0.0,0.0,0.0,0.0
1,2,1,periodic,12582912,12582912,0.392578125,1.0,1.0,0.0,0.0,0.0,0.0
1,2,1,periodic,14680064,14680064,0.37109375,1.0,1.0,0.0,0.0,0.0,0.0
1,2,1,periodic,16777216,16777216,0.404296875,1.0,1.0,0.0,0.0,0.0,0.0
1,2,1,periodic,18874368,18874368,0.4072265625,1.0,1.0,0.0,0.0,0.0,0.0
1,2,1,periodic,20971520,20971520,0.380859375,1.0,1.0,0.0,0.0,0.0,0.0
1,2,1,periodic,23068672,23068672,0.4072265625,1.0,1.0,0.0,0.0,0.0,0.0
1,2,1,periodic,25165824,25165824,0.3935546875,1.0,1.0,0.0,0.0,0.0,0.0
1,2,1,periodic,27262976,27262976,0.3642578125,1.0,1.0,0.0,0.0,0.0,0.0
1,2,1,periodic,29360128,29360128,0.392578125,1.0,1.0,0.0,0.0,0.0,0.0
1,2,1,periodic,31457280,31457280,0.3779296875,1.0,1.0,0.0,0.0,0.0,0.0
1,2,1,periodic,33554432,33554432,0.4228515625,1.0,1.0,0.0,0.0,0.0,0.0
1,2,1,periodic,35651584,35651584,0.396484375,1.0,1.0,0.0,0.0,0.0,0.0
1,2,1,periodic,37748736,37748736,0.3759765625,1.0,1.0,0.0,0.0,0.0,0.0
1,2,1,periodic,39845888,39845888,0.3876953125,1.0,1.0,0.0,0.0,0.0,0.0
1,2,1,periodic,41943040,41943040,0.357421875,1.0,1.0,0.0,0.0,0.0,0.0
1,2,1,periodic,44040192,44040192,0.3740234375,1.0,1.0,0.0,0.0,0.0,0.0
1,2,1,periodic,46137344,46137344,0.4208984375,1.0,1.0,0.0,0.0,0.0,0.0
1,2,1,periodic,48234496,48234496,0.4169921875,1.0,1.0,0.0,0.0,0.0,0.0
1,2,1,periodic,50331648,50331648,0.408203125,1.0,1.0,0.0,0.0,0.0,0.0
1,2,1,phase_end,50331648,50331648,0.408203125,1.0,1.0,0.0,0.0,0.0,0.0
1,2,2,phase_start,0,50331648,0.552734375,1.0,0.9900990099009901,0.8,0.0,0.0,0.0
1,2,2,periodic,2097152,52428800,0.57421875,1.0,1.0,1.0,0.0,0.0,0.0
1,2,2,periodic,4194304,54525952,0.58984375,1.0,1.0,0.9253731343283582,0.0,0.0,0.0
1,2,2,periodic,6291456,56623104,0.5869140625,1.0,1.0,1.0,0.0,0.0,0.0
1,2,2,periodic,8388608,58720256,0.583984375,1.0,1.0,1.0,0.0,0.0,0.0
1,2,2,periodic,10485760,60817408,0.5556640625,1.0,1.0,1.0,0.0,0.0,0.0
1,2,2,periodic,12582912,62914560,0.5791015625,1.0,1.0,1.0,0.0,0.0,0.0
1,2,2,periodic,14680064,65011712,0.556640625,1.0,1.0,1.0,0.0,0.0,0.0
1,2,2,periodic,16777216,67108864,0.6015625,1.0,1.0,1.0,0.0,0.0,0.0
1,2,2,periodic,18874368,69206016,0.587890625,1.0,1.0,1.0,0.0,0.0,0.0
1,2,2,periodic,20971520,71303168,0.5830078125,1.0,1.0,1.0,0.0,0.0,0.0
1,2,2,periodic,23068672,73400320,0.548828125,1.0,1.0,1.0,0.0,0.0,0.0
1,2,2,periodic,25165824,75497472,0.58203125,1.0,1.0,1.0,0.0,0.0,0.0
1,2,2,periodic,27262976,77594624,0.5693359375,1.0,1.0,1.0,0.0,0.0,0.0
1,2,2,periodic,29360128,79691776,0.5927734375,1.0,1.0,1.0,0.0,0.0,0.0
1,2,2,periodic,31457280,81788928,0.5888671875,1.0,1.0,1.0,0.0,0.0,0.0
1,2,2,periodic,33554432,83886080,0.5703125,1.0,1.0,1.0,0.0,0.0,0.0
1,2,2,periodic,35651584,85983232,0.6240234375,1.0,1.0,1.0,0.0,0.0,0.0
1,2,2,periodic,37748736,88080384,0.6044921875,1.0,1.0,1.0,0.0,0.0,0.0
1,2,2,periodic,39845888,90177536,0.5712890625,1.0,1.0,1.0,0.0,0.0,0.0
1,2,2,periodic,41943040,92274688,0.5556640625,1.0,1.0,1.0,0.0,0.0,0.0
1,2,2,periodic,44040192,94371840,0.556640625,1.0,1.0,1.0,0.0,0.0,0.0
1,2,2,periodic,46137344,96468992,0.583984375,1.0,1.0,1.0,0.0,0.0,0.0
1,2,2,periodic,48234496,98566144,0.583984375,1.0,1.0,1.0,0.0,0.0,0.0
1,2,2,periodic,50331648,100663296,0.564453125,1.0,1.0,1.0,0.0,0.0,0.0
1,2,2,phase_end,50331648,100663296,0.564453125,1.0,1.0,1.0,0.0,0.0,0.0
1,2,3,phase_start,0,100663296,0.78125,1.0,1.0,1.0,1.0,0.0,0.0
1,2,3,periodic,2097152,102760448,0.7919921875,1.0,1.0,1.0,1.0,0.0,0.0
1,2,3,periodic,4194304,104857600,0.796875,1.0,1.0,1.0,1.0,0.0,0.0
1,2,3,periodic,6291456,106954752,0.771484375,1.0,1.0,1.0,1.0,0.0,0.0
1,2,3,periodic,8388608,109051904,0.7705078125,1.0,1.0,1.0,1.0,0.0,0.0
1,2,3,periodic,10485760,111149056,0.7734375,1.0,1.0,1.0,1.0,0.0,0.0
1,2,3,periodic,12582912,113246208,0.7783203125,1.0,1.0,1.0,1.0,0.0,0.0
1,2,3,periodic,14680064,115343360,0.7802734375,1.0,1.0,1.0,1.0,0.0,0.0
1,2,3,periodic,16777216,117440512,0.78515625,1.0,1.0,1.0,1.0,0.0,0.0
1,2,3,periodic,18874368,119537664,0.7822265625,1.0,1.0,1.0,1.0,0.0,0.0
1,2,3,periodic,20971520,121634816,0.783203125,1.0,1.0,1.0,1.0,0.0,0.0
1,2,3,periodic,23068672,123731968,0.8017578125,1.0,1.0,1.0,1.0,0.0,0.0
1,2,3,periodic,25165824,125829120,0.78515625,1.0,1.0,1.0,1.0,0.0,0.0
1,2,3,periodic,27262976,127926272,0.755859375,1.0,1.0,1.0,1.0,0.0,0.0
1,2,3,periodic,29360128,130023424,0.7734375,1.0,1.0,1.0,1.0,0.0,0.0
1,2,3,periodic,31457280,132120576,0.78515625,1.0,1.0,1.0,1.0,0.0,0.0
1,2,3,periodic,33554432,134217728,0.7734375,1.0,1.0,1.0,1.0,0.0,0.0
1,2,3,periodic,35651584,136314880,0.7685546875,1.0,1.0,1.0,1.0,0.0,0.0
1,2,3,periodic,37748736,138412032,0.787109375,1.0,1.0,1.0,1.0,0.0,0.0
1,2,3,periodic,39845888,140509184,0.77734375,1.0,1.0,1.0,1.0,0.0,0.0
1,2,3,periodic,41943040,142606336,0.791015625,1.0,1.0,1.0,1.0,0.0,0.0
1,2,3,periodic,44040192,144703488,0.783203125,1.0,1.0,1.0,1.0,0.0,0.0
1,2,3,periodic,46137344,146800640,0.78515625,1.0,1.0,1.0,1.0,0.0,0.0
1,2,3,periodic,48234496,148897792,0.7822265625,1.0,1.0,1.0,1.0,0.0,0.0
1,2,3,periodic,50331648,150994944,0.7626953125,1.0,1.0,1.0,1.0,0.0,0.0
1,2,3,phase_end,50331648,150994944,0.7626953125,1.0,1.0,1.0,1.0,0.0,0.0
1,2,4,phase_start,0,150994944,0.8037109375,1.0,1.0,1.0,0.9950248756218906,0.0,0.0
1,2,4,periodic,2097152,153092096,0.763671875,1.0,1.0,1.0,1.0,0.0,0.0
1,2,4,periodic,4194304,155189248,0.7939453125,1.0,1.0,1.0,1.0,0.0,0.0
1,2,4,periodic,6291456,157286400,0.783203125,1.0,1.0,1.0,1.0,0.0,0.0
1,2,4,periodic,8388608,159383552,0.7861328125,1.0,1.0,1.0,1.0,0.0,0.0
1,2,4,periodic,10485760,161480704,0.779296875,1.0,1.0,1.0,1.0,0.0,0.0
1,2,4,periodic,12582912,163577856,0.779296875,1.0,1.0,1.0,1.0,0.0,0.0
1,2,4,periodic,14680064,165675008,0.7841796875,1.0,1.0,1.0,1.0,0.0,0.0
1,2,4,periodic,16777216,167772160,0.7861328125,1.0,1.0,1.0,1.0,0.0,0.0
1,2,4,periodic,18874368,169869312,0.7880859375,1.0,1.0,1.0,1.0,0.0,0.0
1,2,4,periodic,20971520,171966464,0.7685546875,1.0,1.0,1.0,1.0,0.0,0.0
1,2,4,periodic,23068672,174063616,0.7646484375,1.0,1.0,1.0,1.0,0.0,0.0
1,2,4,periodic,25165824,176160768,0.7822265625,1.0,1.0,1.0,1.0,0.0,0.0
1,2,4,periodic,27262976,178257920,0.7998046875,1.0,1.0,1.0,1.0,0.0,0.0
1,2,4,periodic,29360128,180355072,0.7880859375,1.0,1.0,1.0,1.0,0.0,0.0
1,2,4,periodic,31457280,182452224,0.7861328125,1.0,1.0,1.0,1.0,0.0,0.0
1,2,4,periodic,33554432,184549376,0.79296875,1.0,1.0,1.0,1.0,0.0,0.0
1,2,4,periodic,35651584,186646528,0.779296875,1.0,1.0,1.0,1.0,0.0,0.0
1,2,4,periodic,37748736,188743680,0.78515625,1.0,1.0,1.0,1.0,0.0,0.0
1,2,4,periodic,39845888,190840832,0.765625,1.0,1.0,1.0,1.0,0.0,0.0
1,2,4,periodic,41943040,192937984,0.796875,1.0,1.0,1.0,1.0,0.0,0.0
1,2,4,periodic,44040192,195035136,0.7890625,1.0,1.0,1.0,1.0,0.0,0.0
1,2,4,periodic,46137344,197132288,0.7890625,1.0,1.0,1.0,1.0,0.0,0.0
1,2,4,periodic,48234496,199229440,0.7724609375,1.0,1.0,1.0,1.0,0.0,0.0
1,2,4,periodic,50331648,201326592,0.7763671875,1.0,1.0,1.0,1.0,0.0,0.0
1,2,4,phase_end,50331648,201326592,0.7763671875,1.0,1.0,1.0,1.0,0.0,0.0
1,3,1,phase_start,0,0,0.0517578125,0.21656050955414013,0.10227272727272728,0.005847953216374269,0.0,0.0,0.0
1,3,1,periodic,2097152,2097152,0.388671875,1.0,1.0,0.0,0.0,0.0,0.0
1,3,1,periodic,4194304,4194304,0.3818359375,1.0,1.0,0.0,0.0,0.0,0.0
1,3,1,periodic,6291456,6291456,0.3828125,1.0,1.0,0.0,0.0,0.0,0.0
1,3,1,periodic,8388608,8388608,0.3916015625,1.0,0.9941176470588236,0.0,0.0,0.0,0.0
1,3,1,periodic,10485760,10485760,0.390625,1.0,1.0,0.0,0.0,0.0,0.0
1,3,1,periodic,12582912,12582912,0.412109375,1.0,1.0,0.0,0.0,0.0,0.0
1,3,1,periodic,14680064,14680064,0.380859375,1.0,1.0,0.0,0.0,0.0,0.0
1,3,1,periodic,16777216,16777216,0.3818359375,1.0,1.0,0.0,0.0,0.0,0.0
1,3,1,periodic,18874368,18874368,0.3974609375,1.0,1.0,0.0,0.0,0.0,0.0
1,3,1,periodic,20971520,20971520,0.37890625,1.0,1.0,0.0,0.0,0.0,0.0
1,3,1,periodic,23068672,23068672,0.3505859375,1.0,1.0,0.0,0.0,0.0,0.0
1,3,1,periodic,25165824,25165824,0.3916015625,1.0,1.0,0.0,0.0,0.0,0.0
1,3,1,periodic,27262976,27262976,0.38671875,1.0,1.0,0.0,0.0,0.0,0.0
1,3,1,periodic,29360128,29360128,0.349609375,1.0,1.0,0.0,0.0,0.0,0.0
1,3,1,periodic,31457280,31457280,0.41796875,1.0,1.0,0.0,0.0,0.0,0.0
1,3,1,periodic,33554432,33554432,0.3798828125,1.0,1.0,0.0,0.0,0.0,0.0
1,3,1,periodic,35651584,35651584,0.400390625,1.0,1.0,0.0,0.0,0.0,0.0
1,3,1,periodic,37748736,37748736,0.404296875,1.0,1.0,0.0,0.0,0.0,0.0
1,3,1,periodic,39845888,39845888,0.4423828125,1.0,0.9952830188679245,0.0,0.0,0.0,0.0
1,3,1,periodic,41943040,41943040,0.3955078125,1.0,1.0,0.0,0.0,0.0,0.0
1,3,1,periodic,44040192,44040192,0.3671875,1.0,1.0,0.0,0.0,0.0,0.0
1,3,1,periodic,46137344,46137344,0.373046875,1.0,1.0,0.0,0.0,0.0,0.0
1,3,1,periodic,48234496,48234496,0.404296875,1.0,1.0,0.0,0.0,0.0,0.0
1,3,1,periodic,50331648,50331648,0.369140625,1.0,1.0,0.0,0.0,0.0,0.0
1,3,1,phase_end,50331648,50331648,0.369140625,1.0,1.0,0.0,0.0,0.0,0.0
1,3,2,phase_start,0,50331648,0.05078125,0.13043478260869565,0.1301775147928994,0.06593406593406594,0.0,0.0,0.0
1,3,2,periodic,2097152,52428800,0.58984375,1.0,1.0,1.0,0.0,0.0,0.0
1,3,2,periodic,4194304,54525952,0.5849609375,1.0,1.0,1.0,0.0,0.0,0.0
1,3,2,periodic,6291456,56623104,0.5771484375,1.0,1.0,1.0,0.0,0.0,0.0
1,3,2,periodic,8388608,58720256,0.5703125,1.0,1.0,1.0,0.0,0.0,0.0
1,3,2,periodic,10485760,60817408,0.5546875,1.0,1.0,1.0,0.0,0.0,0.0
1,3,2,periodic,12582912,62914560,0.59765625,1.0,1.0,1.0,0.0,0.0,0.0
1,3,2,periodic,14680064,65011712,0.58203125,1.0,1.0,1.0,0.0,0.0,0.0
1,3,2,periodic,16777216,67108864,0.58984375,1.0,1.0,1.0,0.0,0.0,0.0
1,3,2,periodic,18874368,69206016,0.587890625,1.0,1.0,1.0,0.0,0.0,0.0
1,3,2,periodic,20971520,71303168,0.580078125,1.0,1.0,1.0,0.0,0.0,0.0
1,3,2,periodic,23068672,73400320,0.572265625,1.0,1.0,1.0,0.0,0.0,0.0
1,3,2,periodic,25165824,75497472,0.6025390625,1.0,1.0,1.0,0.0,0.0,0.0
1,3,2,periodic,27262976,77594624,0.54296875,1.0,1.0,1.0,0.0,0.0,0.0
1,3,2,periodic,29360128,79691776,0.587890625,1.0,1.0,1.0,0.0,0.0,0.0
1,3,2,periodic,31457280,81788928,0.568359375,1.0,1.0,1.0,0.0,0.0,0.0
1,3,2,periodic,33554432,83886080,0.59375,1.0,1.0,1.0,0.0,0.0,0.0
1,3,2,periodic,35651584,85983232,0.5703125,1.0,1.0,1.0,0.0,0.0,0.0
1,3,2,periodic,37748736,88080384,0.6171875,1.0,1.0,1.0,0.0,0.0,0.0
1,3,2,periodic,39845888,90177536,0.5703125,1.0,1.0,1.0,0.0,0.0,0.0
1,3,2,periodic,41943040,92274688,0.5908203125,1.0,1.0,1.0,0.0,0.0,0.0
1,3,2,periodic,44040192,94371840,0.5693359375,1.0,1.0,1.0,0.0,0.0,0.0
1,3,2,periodic,46137344,96468992,0.578125,1.0,1.0,1.0,0.0,0.0,0.0
1,3,2,periodic,48234496,98566144,0.5703125,1.0,1.0,1.0,0.0,0.0,0.0
1,3,2,periodic,50331648,100663296,0.591796875,1.0,1.0,1.0,0.0,0.0,0.0
1,3,2,phase_end,50331648,100663296,0.591796875,1.0,1.0,1.0,0.0,0.0,0.0
1,3,3,phase_start,0,100663296,0.7802734375,1.0,1.0,1.0,1.0,0.0,0.0
1,3,3,periodic,2097152,102760448,0.779296875,1.0,1.0,1.0,1.0,0.0,0.0
1,3,3,periodic,4194304,104857600,0.7763671875,1.0,1.0,1.0,1.0,0.0,0.0
1,3,3,periodic,6291456,106954752,0.779296875,1.0,1.0,1.0,1.0,0.0,0.0
1,3,3,periodic,8388608,109051904,0.7802734375,1.0,1.0,1.0,1.0,0.0,0.0
1,3,3,periodic,10485760,111149056,0.7939453125,1.0,1.0,1.0,1.0,0.0,0.0
1,3,3,periodic,12582912,113246208,0.783203125,1.0,1.0,1.0,1.0,0.0,0.0
1,3,3,periodic,14680064,115343360,0.787109375,1.0,1.0,1.0,1.0,0.0,0.0
1,3,3,periodic,16777216,117440512,0.7783203125,1.0,1.0,1.0,1.0,0.0,0.0
1,3,3,periodic,18874368,119537664,0.7822265625,1.0,1.0,1.0,1.0,0.0,0.0
1,3,3,periodic,20971520,121634816,0.7783203125,1.0,1.0,1.0,1.0,0.0,0.0
1,3,3,periodic,23068672,123731968,0.78515625,1.0,1.0,1.0,1.0,0.0,0.0
1,3,3,periodic,25165824,125829120,0.765625,1.0,1.0,1.0,1.0,0.0,0.0
1,3,3,periodic,27262976,127926272,0.7646484375,1.0,1.0,1.0,1.0,0.0,0.0
1,3,3,periodic,29360128,130023424,0.771484375,1.0,1.0,1.0,1.0,0.0,0.0
1,3,3,periodic,31457280,132120576,0.7919921875,1.0,1.0,1.0,1.0,0.0,0.0
1,3,3,periodic,33554432,134217728,0.771484375,1.0,1.0,1.0,1.0,0.0,0.0
1,3,3,periodic,35651584,136314880,0.78125,1.0,1.0,1.0,1.0,0.0,0.0
1,3,3,periodic,37748736,138412032,0.7880859375,1.0,1.0,1.0,1.0,0.0,0.0
1,3,3,periodic,39845888,140509184,0.7919921875,1.0,1.0,1.0,1.0,0.0,0.0
1,3,3,periodic,41943040,142606336,0.779296875,1.0,1.0,1.0,1.0,0.0,0.0
1,3,3,periodic,44040192,144703488,0.7978515625,1.0,1.0,1.0,1.0,0.0,0.0
1,3,3,periodic,46137344,146800640,0.7939453125,1.0,1.0,1.0,1.0,0.0,0.0
1,3,3,periodic,48234496,148897792,0.7900390625,1.0,1.0,1.0,1.0,0.0,0.0
1,3,3,periodic,50331648,150994944,0.78125,1.0,1.0,1.0,1.0,0.0,0.0
1,3,3,phase_end,50331648,150994944,0.78125,1.0,1.0,1.0,1.0,0.0,0.0
1,3,4,phase_start,0,150994944,0.0,0.0,0.0,0.0,0.0,0.0,0.0
1,3,4,periodic,2097152,153092096,0.0,0.0,0.0,0.0,0.0,0.0,0.0
1,3,4,periodic,4194304,155189248,0.0,0.0,0.0,0.0,0.0,0.0,0.0
1,3,4,periodic,6291456,157286400,0.0,0.0,0.0,0.0,0.0,0.0,0.0
1,3,4,periodic,8388608,159383552,0.0,0.0,0.0,0.0,0.0,0.0,0.0
1,3,4,periodic,10485760,161480704,0.0,0.0,0.0,0.0,0.0,0.0,0.0
1,3,4,periodic,12582912,163577856,0.0,0.0,0.0,0.0,0.0,0.0,0.0
1,3,4,periodic,14680064,165675008,0.0,0.0,0.0,0.0,0.0,0.0,0.0
1,3,4,periodic,16777216,167772160,0.0,0.0,0.0,0.0,0.0,0.0,0.0
1,3,4,periodic,18874368,169869312,0.0,0.0,0.0,0.0,0.0,0.0,0.0
1,3,4,periodic,20971520,171966464,0.0,0.0,0.0,0.0,0.0,0.0,0.0
1,3,4,periodic,23068672,174063616,0.0,0.0,0.0,0.0,0.0,0.0,0.0
1,3,4,periodic,25165824,176160768,0.0,0.0,0.0,0.0,0.0,0.0,0.0
1,3,4,periodic,27262976,178257920,0.0,0.0,0.0,0.0,0.0,0.0,0.0
1,3,4,periodic,29360128,180355072,0.0,0.0,0.0,0.0,0.0,0.0,0.0
1,3,4,periodic,31457280,182452224,0.0,0.0,0.0,0.0,0.0,0.0,0.0
1,3,4,periodic,33554432,184549376,0.0,0.0,0.0,0.0,0.0,0.0,0.0
1,3,4,periodic,35651584,186646528,0.0,0.0,0.0,0.0,0.0,0.0,0.0
1,3,4,periodic,37748736,188743680,0.0,0.0,0.0,0.0,0.0,0.0,0.0
1,3,4,periodic,39845888,190840832,0.0,0.0,0.0,0.0,0.0,0.0,0.0
1,3,4,periodic,41943040,192937984,0.0,0.0,0.0,0.0,0.0,0.0,0.0
1,3,4,periodic,44040192,195035136,0.0,0.0,0.0,0.0,0.0,0.0,0.0
1,3,4,periodic,46137344,197132288,0.0,0.0,0.0,0.0,0.0,0.0,0.0
1,3,4,periodic,48234496,199229440,0.0,0.0,0.0,0.0,0.0,0.0,0.0
1,3,4,periodic,50331648,201326592,0.0,0.0,0.0,0.0,0.0,0.0,0.0
1,3,4,phase_end,50331648,201326592,0.0,0.0,0.0,0.0,0.0,0.0,0.0
1,4,1,phase_start,0,0,0.05078125,0.21022727272727273,0.09036144578313253,0.0,0.0,0.0,0.0
1,4,1,periodic,2097152,2097152,0.3662109375,1.0,1.0,0.0,0.0,0.0,0.0
1,4,1,periodic,4194304,4194304,0.4248046875,1.0,1.0,0.0,0.0,0.0,0.0
1,4,1,periodic,6291456,6291456,0.35546875,1.0,1.0,0.0,0.0,0.0,0.0
1,4,1,periodic,8388608,8388608,0.3701171875,1.0,1.0,0.0,0.0,0.0,0.0
1,4,1,periodic,10485760,10485760,0.412109375,1.0,1.0,0.0,0.0,0.0,0.0
1,4,1,periodic,12582912,12582912,0.4150390625,1.0,1.0,0.0,0.0,0.0,0.0
1,4,1,periodic,14680064,14680064,0.3857421875,1.0,1.0,0.0,0.0,0.0,0.0
1,4,1,periodic,16777216,16777216,0.3955078125,1.0,1.0,0.0,0.0,0.0,0.0
1,4,1,periodic,18874368,18874368,0.3779296875,1.0,1.0,0.0,0.0,0.0,0.0
1,4,1,periodic,20971520,20971520,0.376953125,1.0,1.0,0.0,0.0,0.0,0.0
1,4,1,periodic,23068672,23068672,0.4130859375,1.0,1.0,0.0,0.0,0.0,0.0
1,4,1,periodic,25165824,25165824,0.3603515625,1.0,1.0,0.0,0.0,0.0,0.0
1,4,1,periodic,27262976,27262976,0.3896484375,1.0,1.0,0.0,0.0,0.0,0.0
1,4,1,periodic,29360128,29360128,0.3818359375,1.0,1.0,0.0,0.0,0.0,0.0
1,4,1,periodic,31457280,31457280,0.3876953125,1.0,1.0,0.0,0.0,0.0,0.0
1,4,1,periodic,33554432,33554432,0.3779296875,1.0,1.0,0.0,0.0,0.0,0.0
1,4,1,periodic,35651584,35651584,0.4248046875,1.0,1.0,0.0,0.0,0.0,0.0
1,4,1,periodic,37748736,37748736,0.4072265625,1.0,1.0,0.0,0.0,0.0,0.0
1,4,1,periodic,39845888,39845888,0.3876953125,1.0,1.0,0.0,0.0,0.0,0.0
1,4,1,periodic,41943040,41943040,0.3779296875,1.0,1.0,0.0,0.0,0.0,0.0
1,4,1,periodic,44040192,44040192,0.3701171875,1.0,1.0,0.0,0.0,0.0,0.0
1,4,1,periodic,46137344,46137344,0.3779296875,1.0,1.0,0.0,0.0,0.0,0.0
1,4,1,periodic,48234496,48234496,0.392578125,1.0,1.0,0.0,0.0,0.0,0.0
1,4,1,periodic,50331648,50331648,0.0,0.0,0.0,0.0,0.0,0.0,0.0
1,4,1,phase_end,50331648,50331648,0.0,0.0,0.0,0.0,0.0,0.0,0.0
1,4,2,phase_start,0,50331648,0.0,0.0,0.0,0.0,0.0,0.0,0.0
1,4,2,periodic,2097152,52428800,0.0,0.0,0.0,0.0,0.0,0.0,0.0
1,4,2,periodic,4194304,54525952,0.0,0.0,0.0,0.0,0.0,0.0,0.0
1,4,2,periodic,6291456,56623104,0.0,0.0,0.0,0.0,0.0,0.0,0.0
1,4,2,periodic,8388608,58720256,0.0,0.0,0.0,0.0,0.0,0.0,0.0
1,4,2,periodic,10485760,60817408,0.0,0.0,0.0,0.0,0.0,0.0,0.0
1,4,2,periodic,12582912,62914560,0.0,0.0,0.0,0.0,0.0,0.0,0.0
1,4,2,periodic,14680064,65011712,0.0,0.0,0.0,0.0,0.0,0.0,0.0
1,4,2,periodic,16777216,67108864,0.0,0.0,0.0,0.0,0.0,0.0,0.0
1,4,2,periodic,18874368,69206016,0.0,0.0,0.0,0.0,0.0,0.0,0.0
1,4,2,periodic,20971520,71303168,0.0009765625,0.006211180124223602,0.0,0.0,0.0,0.0,0.0
1,4,2,periodic,23068672,73400320,0.5830078125,0.9950738916256158,1.0,1.0,0.0,0.0,0.0
1,4,2,periodic,25165824,75497472,0.56640625,1.0,1.0,1.0,0.0,0.0,0.0
1,4,2,periodic,27262976,77594624,0.5771484375,1.0,1.0,1.0,0.0,0.0,0.0
1,4,2,periodic,29360128,79691776,0.5732421875,1.0,1.0,1.0,0.0,0.0,0.0
1,4,2,periodic,31457280,81788928,0.5849609375,1.0,1.0,1.0,0.0,0.0,0.0
1,4,2,periodic,33554432,83886080,0.5888671875,1.0,1.0,1.0,0.0,0.0,0.0
1,4,2,periodic,35651584,85983232,0.5791015625,1.0,1.0,1.0,0.0,0.0,0.0
1,4,2,periodic,37748736,88080384,0.5849609375,1.0,1.0,1.0,0.0,0.0,0.0
1,4,2,periodic,39845888,90177536,0.5634765625,1.0,1.0,1.0,0.0,0.0,0.0
1,4,2,periodic,41943040,92274688,0.583984375,1.0,1.0,1.0,0.0,0.0,0.0
1,4,2,periodic,44040192,94371840,0.560546875,1.0,1.0,1.0,0.0,0.0,0.0
1,4,2,periodic,46137344,96468992,0.5712890625,1.0,1.0,1.0,0.0,0.0,0.0
1,4,2,periodic,48234496,98566144,0.609375,1.0,1.0,1.0,0.0,0.0,0.0
1,4,2,periodic,50331648,100663296,0.5537109375,1.0,1.0,1.0,0.0,0.0,0.0
1,4,2,phase_end,50331648,100663296,0.5537109375,1.0,1.0,1.0,0.0,0.0,0.0
1,4,3,phase_start,0,100663296,0.79296875,1.0,1.0,1.0,1.0,0.0,0.0
1,4,3,periodic,2097152,102760448,0.7783203125,1.0,1.0,1.0,1.0,0.0,0.0
1,4,3,periodic,4194304,104857600,0.791015625,1.0,1.0,1.0,1.0,0.0,0.0
1,4,3,periodic,6291456,106954752,0.7861328125,1.0,1.0,1.0,1.0,0.0,0.0
1,4,3,periodic,8388608,109051904,0.7900390625,1.0,1.0,1.0,1.0,0.0,0.0
1,4,3,periodic,10485760,111149056,0.80078125,1.0,1.0,1.0,1.0,0.0,0.0
1,4,3,periodic,12582912,113246208,0.7666015625,1.0,1.0,1.0,1.0,0.0,0.0
1,4,3,periodic,14680064,115343360,0.7841796875,1.0,1.0,1.0,1.0,0.0,0.0
1,4,3,periodic,16777216,117440512,0.7841796875,1.0,1.0,1.0,1.0,0.0,0.0
1,4,3,periodic,18874368,119537664,0.7763671875,1.0,1.0,1.0,1.0,0.0,0.0
1,4,3,periodic,20971520,121634816,0.779296875,1.0,1.0,1.0,1.0,0.0,0.0
1,4,3,periodic,23068672,123731968,0.7939453125,1.0,1.0,1.0,1.0,0.0,0.0
1,4,3,periodic,25165824,125829120,0.779296875,1.0,1.0,1.0,1.0,0.0,0.0
1,4,3,periodic,27262976,127926272,0.76953125,1.0,1.0,1.0,1.0,0.0,0.0
1,4,3,periodic,29360128,130023424,0.7861328125,1.0,1.0,1.0,1.0,0.0,0.0
1,4,3,periodic,31457280,132120576,0.78515625,1.0,1.0,1.0,1.0,0.0,0.0
1,4,3,periodic,33554432,134217728,0.7841796875,1.0,1.0,1.0,1.0,0.0,0.0
1,4,3,periodic,35651584,136314880,0.7978515625,1.0,1.0,1.0,1.0,0.0,0.0
1,4,3,periodic,37748736,138412032,0.7890625,1.0,1.0,1.0,1.0,0.0,0.0
1,4,3,periodic,39845888,140509184,0.779296875,1.0,1.0,1.0,1.0,0.0,0.0
1,4,3,periodic,41943040,142606336,0.796875,1.0,1.0,1.0,1.0,0.0,0.0
1,4,3,periodic,44040192,144703488,0.771484375,1.0,1.0,1.0,1.0,0.0,0.0
1,4,3,periodic,46137344,146800640,0.7744140625,1.0,1.0,1.0,1.0,0.0,0.0
1,4,3,periodic,48234496,148897792,0.7763671875,1.0,1.0,1.0,1.0,0.0,0.0
1,4,3,periodic,50331648,150994944,0.7861328125,1.0,1.0,1.0,1.0,0.0,0.0
1,4,3,phase_end,50331648,150994944,0.7861328125,1.0,1.0,1.0,1.0,0.0,0.0
1,4,4,phase_start,0,150994944,0.78515625,1.0,1.0,1.0,1.0,0.0,0.0
1,4,4,periodic,2097152,153092096,0.779296875,1.0,1.0,1.0,1.0,0.0,0.0
1,4,4,periodic,4194304,155189248,0.787109375,1.0,1.0,1.0,1.0,0.0,0.0
1,4,4,periodic,6291456,157286400,0.775390625,1.0,1.0,1.0,1.0,0.0,0.0
1,4,4,periodic,8388608,159383552,0.8125,1.0,1.0,1.0,1.0,0.0,0.0
1,4,4,periodic,10485760,161480704,0.7880859375,1.0,1.0,1.0,1.0,0.0,0.0
1,4,4,periodic,12582912,163577856,0.7802734375,1.0,1.0,1.0,1.0,0.0,0.0
1,4,4,periodic,14680064,165675008,0.78515625,1.0,1.0,1.0,1.0,0.0,0.0
1,4,4,periodic,16777216,167772160,0.78125,1.0,1.0,1.0,1.0,0.0,0.0
1,4,4,periodic,18874368,169869312,0.7666015625,1.0,1.0,1.0,1.0,0.0,0.0
1,4,4,periodic,20971520,171966464,0.7763671875,1.0,1.0,1.0,1.0,0.0,0.0
1,4,4,periodic,23068672,174063616,0.77734375,1.0,1.0,1.0,1.0,0.0,0.0
1,4,4,periodic,25165824,176160768,0.76953125,1.0,1.0,1.0,1.0,0.0,0.0
1,4,4,periodic,27262976,178257920,0.7919921875,1.0,1.0,1.0,1.0,0.0,0.0
1,4,4,periodic,29360128,180355072,0.7919921875,1.0,1.0,1.0,1.0,0.0,0.0
1,4,4,periodic,31457280,182452224,0.8125,1.0,1.0,1.0,1.0,0.0,0.0
1,4,4,periodic,33554432,184549376,0.767578125,1.0,1.0,1.0,1.0,0.0,0.0
1,4,4,periodic,35651584,186646528,0.77734375,1.0,1.0,1.0,1.0,0.0,0.0
1,4,4,periodic,37748736,188743680,0.798828125,1.0,1.0,1.0,1.0,0.0,0.0
1,4,4,periodic,39845888,190840832,0.7724609375,1.0,1.0,1.0,1.0,0.0,0.0
1,4,4,periodic,41943040,192937984,0.798828125,1.0,1.0,1.0,1.0,0.0,0.0
1,4,4,periodic,44040192,195035136,0.80859375,1.0,1.0,1.0,1.0,0.0,0.0
1,4,4,periodic,46137344,197132288,0.775390625,1.0,1.0,1.0,1.0,0.0,0.0
1,4,4,periodic,48234496,199229440,0.7900390625,1.0,1.0,1.0,1.0,0.0,0.0
1,4,4,periodic,50331648,201326592,0.7822265625,1.0,1.0,1.0,1.0,0.0,0.0
1,4,4,phase_end,50331648,201326592,0.7822265625,1.0,1.0,1.0,1.0,0.0,0.0
4,0,1,phase_start,0,0,0.052734375,0.20454545454545456,0.08125,0.022598870056497175,0.006024096385542169,0.0,0.0
4,0,1,periodic,2097152,2097152,0.671875,1.0,1.0,0.825,0.5911949685534591,0.3611111111111111,0.0
4,0,1,periodic,4194304,4194304,0.748046875,1.0,1.0,0.8622448979591837,0.6835443037974683,0.4,0.0
4,0,1,periodic,6291456,6291456,0.6875,1.0,0.9948717948717949,0.7794871794871795,0.6148648648648649,0.35251798561151076,0.0
4,0,1,periodic,8388608,8388608,0.634765625,1.0,0.9932885906040269,0.7964071856287425,0.5987654320987654,0.313953488372093,0.0
4,0,1,periodic,10485760,10485760,0.677734375,1.0,1.0,0.8311688311688312,0.5892857142857143,0.3,0.0
4,0,1,periodic,12582912,12582912,0.6591796875,1.0,1.0,0.7807486631016043,0.5882352941176471,0.2642857142857143,0.0
4,0,1,periodic,14680064,14680064,0.7431640625,1.0,1.0,0.8208092485549133,0.7374301675977654,0.41818181818181815,0.0
4,0,1,periodic,16777216,16777216,0.701171875,1.0,1.0,0.8226600985221675,0.6619718309859155,0.3829787234042553,0.0
4,0,1,periodic,18874368,18874368,0.7080078125,1.0,1.0,0.8181818181818182,0.6666666666666666,0.3656716417910448,0.0
4,0,1,periodic,20971520,20971520,0.658203125,1.0,1.0,0.7981220657276995,0.6075949367088608,0.29931972789115646,0.0
4,0,1,periodic,23068672,23068672,0.736328125,1.0,1.0,0.8785046728971962,0.6050955414012739,0.4322033898305085,0.0
4,0,1,periodic,25165824,25165824,0.75,1.0,1.0,0.8697916666666666,0.6975308641975309,0.4125874125874126,0.0
4,0,1,periodic,27262976,27262976,0.6904296875,1.0,1.0,0.8571428571428571,0.625,0.3333333333333333,0.0
4,0,1,periodic,29360128,29360128,0.671875,1.0,1.0,0.7956989247311828,0.5414012738853503,0.31724137931034485,0.0
4,0,1,periodic,31457280,31457280,0.6572265625,1.0,1.0,0.8095238095238095,0.5960264900662252,0.33540372670807456,0.0
4,0,1,periodic,33554432,33554432,0.72265625,1.0,1.0,0.819672131147541,0.6064516129032258,0.47863247863247865,0.0
4,0,1,periodic,35651584,35651584,0.6826171875,1.0,1.0,0.8389261744966443,0.6686390532544378,0.3563218390804598,0.0
4,0,1,periodic,37748736,37748736,0.7333984375,1.0,1.0,0.8372093023255814,0.6234567901234568,0.3384615384615385,0.0
4,0,1,periodic,39845888,39845888,0.6962890625,1.0,1.0,0.7795698924731183,0.5828220858895705,0.3897058823529412,0.0
4,0,1,periodic,41943040,41943040,0.6943359375,1.0,1.0,0.868421052631579,0.6054421768707483,0.3125,0.0
4,0,1,periodic,44040192,44040192,0.75,1.0,1.0,0.8429319371727748,0.6578947368421053,0.34814814814814815,0.0
4,0,1,periodic,46137344,46137344,0.705078125,1.0,1.0,0.8260869565217391,0.61875,0.37593984962406013,0.0
4,0,1,periodic,48234496,48234496,0.7060546875,1.0,1.0,0.8308457711442786,0.6753246753246753,0.4032258064516129,0.0
4,0,1,periodic,50331648,50331648,0.73828125,1.0,1.0,0.8021978021978022,0.6687116564417178,0.4166666666666667,0.0
4,0,1,phase_end,50331648,50331648,0.73828125,1.0,1.0,0.8021978021978022,0.6687116564417178,0.4166666666666667,0.0
4,0,2,phase_start,0,50331648,0.3095703125,1.0,0.2824858757062147,0.3068181818181818,0.0,0.0,0.0
4,0,2,periodic,2097152,52428800,0.3076171875,1.0,0.2934131736526946,0.3515151515151515,0.0,0.0,0.0
4,0,2,periodic,4194304,54525952,0.3466796875,1.0,0.37362637362637363,0.3108108108108108,0.0,0.0,0.0
4,0,2,periodic,6291456,56623104,0.3095703125,1.0,0.2925170068027211,0.2611111111111111,0.0,0.0,0.0
4,0,2,periodic,8388608,58720256,0.291015625,1.0,0.30337078651685395,0.25,0.0,0.0,0.0
4,0,2,periodic,10485760,60817408,0.2939453125,1.0,0.2722222222222222,0.31521739130434784,0.0,0.0,0.0
4,0,2,periodic,12582912,62914560,0.310546875,1.0,0.2751322751322751,0.3353658536585366,0.0,0.0,0.0
4,0,2,periodic,14680064,65011712,0.29296875,1.0,0.2925531914893617,0.30612244897959184,0.0,0.0,0.0
4,0,2,periodic,16777216,67108864,0.3046875,1.0,0.29207920792079206,0.30434782608695654,0.0,0.0,0.0
4,0,2,periodic,18874368,69206016,0.318359375,1.0,0.31645569620253167,0.30319148936170215,0.0,0.0,0.0
4,0,2,periodic,20971520,71303168,0.2939453125,1.0,0.35294117647058826,0.22916666666666666,0.0,0.0,0.0
4,0,2,periodic,23068672,73400320,0.3095703125,1.0,0.2722222222222222,0.3624161073825503,0.0,0.0,0.0
4,0,2,periodic,25165824,75497472,0.2880859375,1.0,0.2634730538922156,0.28125,0.0,0.0,0.0
4,0,2,periodic,27262976,77594624,0.2919921875,1.0,0.3058823529411765,0.31343283582089554,0.0,0.0,0.0
4,0,2,periodic,29360128,79691776,0.283203125,1.0,0.32515337423312884,0.2677595628415301,0.0,0.0,0.0
4,0,2,periodic,31457280,81788928,0.28515625,1.0,0.2786885245901639,0.27044025157232704,0.0,0.0,0.0
4,0,2,periodic,33554432,83886080,0.3095703125,1.0,0.3103448275862069,0.3037974683544304,0.0,0.0,0.0
4,0,2,periodic,35651584,85983232,0.2890625,1.0,0.32679738562091504,0.30409356725146197,0.0,0.0,0.0
4,0,2,periodic,37748736,88080384,0.30078125,1.0,0.28662420382165604,0.27461139896373055,0.0,0.0,0.0
4,0,2,periodic,39845888,90177536,0.283203125,1.0,0.25146198830409355,0.32338308457711445,0.0,0.0,0.0
4,0,2,periodic,41943040,92274688,0.28515625,1.0,0.3231707317073171,0.23353293413173654,0.0,0.0,0.0
4,0,2,periodic,44040192,94371840,0.2880859375,1.0,0.3142857142857143,0.2647058823529412,0.0,0.0,0.0
4,0,2,periodic,46137344,96468992,0.28515625,1.0,0.2833333333333333,0.24375,0.0,0.0,0.0
4,0,2,periodic,48234496,98566144,0.2783203125,1.0,0.25,0.2138364779874214,0.0,0.0,0.0
4,0,2,periodic,50331648,100663296,0.291015625,1.0,0.2988505747126437,0.2532467532467532,0.0,0.0,0.0
4,0,2,phase_end,50331648,100663296,0.291015625,1.0,0.2988505747126437,0.2532467532467532,0.0,0.0,0.0
4,0,3,phase_start,0,100663296,0.5400390625,1.0,0.8159203980099502,0.5911949685534591,0.5276073619631901,0.0,0.0
4,0,3,periodic,2097152,102760448,0.5390625,1.0,0.7837837837837838,0.5632183908045977,0.5875706214689266,0.0,0.0
4,0,3,periodic,4194304,104857600,0.5546875,1.0,0.8229166666666666,0.5519125683060109,0.6226415094339622,0.0,0.0
4,0,3,periodic,6291456,106954752,0.5283203125,1.0,0.8214285714285714,0.6342857142857142,0.43790849673202614,0.0,0.0
4,0,3,periodic,8388608,109051904,0.5322265625,1.0,0.8,0.5393939393939394,0.6467391304347826,0.0,0.0
4,0,3,periodic,10485760,111149056,0.52734375,1.0,0.8047337278106509,0.5714285714285714,0.6012658227848101,0.0,0.0
4,0,3,periodic,12582912,113246208,0.515625,1.0,0.75,0.5901639344262295,0.5555555555555556,0.0,0.0
4,0,3,periodic,14680064,115343360,0.54296875,1.0,0.8296703296703297,0.5606936416184971,0.5494505494505495,0.0,0.0
4,0,3,periodic,16777216,117440512,0.5263671875,1.0,0.8208092485549133,0.5517241379310345,0.5849056603773585,0.0,0.0
4,0,3,periodic,18874368,119537664,0.533203125,1.0,0.7511961722488039,0.5636363636363636,0.5602094240837696,0.0,0.0
4,0,3,periodic,20971520,121634816,0.5517578125,1.0,0.8295454545454546,0.5783132530120482,0.6071428571428571,0.0,0.0
4,0,3,periodic,23068672,123731968,0.5205078125,1.0,0.7609756097560976,0.5647058823529412,0.6107784431137725,0.0,0.0
4,0,3,periodic,25165824,125829120,0.5546875,1.0,0.7796610169491526,0.6153846153846154,0.6620689655172414,0.0,0.0
4,0,3,periodic,27262976,127926272,0.5615234375,1.0,0.8457446808510638,0.61875,0.5969387755102041,0.0,0.0
4,0,3,periodic,29360128,130023424,0.5302734375,1.0,0.7473118279569892,0.5317919075144508,0.6407185628742516,0.0,0.0
4,0,3,periodic,31457280,132120576,0.548828125,1.0,0.8450704225352113,0.5585106382978723,0.59375,0.0,0.0
4,0,3,periodic,33554432,134217728,0.529296875,1.0,0.7837837837837838,0.5207100591715976,0.5714285714285714,0.0,0.0
4,0,3,periodic,35651584,136314880,0.5458984375,1.0,0.8214285714285714,0.5872093023255814,0.5398773006134969,0.0,0.0
4,0,3,periodic,37748736,138412032,0.5234375,1.0,0.7751479289940828,0.5548387096774193,0.5965909090909091,0.0,0.0
4,0,3,periodic,39845888,140509184,0.5517578125,1.0,0.8074866310160428,0.5930232558139535,0.5903614457831325,0.0,0.0
4,0,3,periodic,41943040,142606336,0.529296875,1.0,0.8409090909090909,0.5294117647058824,0.6368421052631579,0.0,0.0
4,0,3,periodic,44040192,144703488,0.5205078125,1.0,0.7692307692307693,0.5737704918032787,0.5868263473053892,0.0,0.0
4,0,3,periodic,46137344,146800640,0.55078125,1.0,0.8288770053475936,0.611764705882353,0.5882352941176471,0.0,0.0
4,0,3,periodic,48234496,148897792,0.5361328125,1.0,0.8313253012048193,0.5544041450777202,0.563953488372093,0.0,0.0
4,0,3,periodic,50331648,150994944,0.525390625,1.0,0.772972972972973,0.5647058823529412,0.5212765957446809,0.0,0.0
4,0,3,phase_end,50331648,150994944,0.525390625,1.0,0.772972972972973,0.5647058823529412,0.5212765957446809,0.0,0.0
4,0,4,phase_start,0,150994944,0.3515625,0.7868852459016393,0.8166666666666667,0.21518987341772153,0.23333333333333334,0.0,0.0
4,0,4,periodic,2097152,153092096,0.3955078125,0.828125,0.7875647668393783,0.2569832402234637,0.32432432432432434,0.0,0.0
4,0,4,periodic,4194304,155189248,0.3974609375,0.8229166666666666,0.8167539267015707,0.22905027932960895,0.29545454545454547,0.0,0.0
4,0,4,periodic,6291456,157286400,0.3662109375,0.7759562841530054,0.72,0.3018867924528302,0.25625,0.0,0.0
4,0,4,periodic,8388608,159383552,0.392578125,0.8138297872340425,0.7754010695187166,0.2727272727272727,0.3259668508287293,0.0,0.0
4,0,4,periodic,10485760,161480704,0.4140625,0.8205128205128205,0.7936507936507936,0.3157894736842105,0.35294117647058826,0.0,0.0
4,0,4,periodic,12582912,163577856,0.3994140625,0.782608695652174,0.8342245989304813,0.3067484662576687,0.2611464968152866,0.0,0.0
4,0,4,periodic,14680064,165675008,0.4033203125,0.8756218905472637,0.7679558011049724,0.29714285714285715,0.30666666666666664,0.0,0.0
4,0,4,periodic,16777216,167772160,0.3818359375,0.7564766839378239,0.7848837209302325,0.31213872832369943,0.3333333333333333,0.0,0.0
4,0,4,periodic,18874368,169869312,0.390625,0.8272251308900523,0.7905759162303665,0.33974358974358976,0.25675675675675674,0.0,0.0
4,0,4,periodic,20971520,171966464,0.3935546875,0.819047619047619,0.7670454545454546,0.2787878787878788,0.3246753246753247,0.0,0.0
4,0,4,periodic,23068672,174063616,0.4130859375,0.8138297872340425,0.7978142076502732,0.31446540880503143,0.3756345177664975,0.0,0.0
4,0,4,periodic,25165824,176160768,0.37890625,0.73,0.8494623655913979,0.2711864406779661,0.23376623376623376,0.0,0.0
4,0,4,periodic,27262976,178257920,0.3662109375,0.7923497267759563,0.7965116279069767,0.2717391304347826,0.25903614457831325,0.0,0.0
4,0,4,periodic,29360128,180355072,0.400390625,0.8085106382978723,0.7759562841530054,0.3785310734463277,0.28,0.0,0.0
4,0,4,periodic,31457280,182452224,0.384765625,0.8379888268156425,0.7606382978723404,0.3312883435582822,0.25824175824175827,0.0,0.0
4,0,4,periodic,33554432,184549376,0.388671875,0.8138297872340425,0.746268656716418,0.3373493975903614,0.2653061224489796,0.0,0.0
4,0,4,periodic,35651584,186646528,0.380859375,0.8031914893617021,0.7803468208092486,0.28488372093023256,0.30386740331491713,0.0,0.0
4,0,4,periodic,37748736,188743680,0.4013671875,0.7692307692307693,0.8368421052631579,0.30357142857142855,0.3674698795180723,0.0,0.0
4,0,4,periodic,39845888,190840832,0.3974609375,0.7772020725388601,0.7760416666666666,0.2849162011173184,0.3313953488372093,0.0,0.0
4,0,4,periodic,41943040,192937984,0.3857421875,0.7551020408163265,0.7633136094674556,0.2947976878612717,0.38953488372093026,0.0,0.0
4,0,4,periodic,44040192,195035136,0.3935546875,0.8707865168539326,0.8103448275862069,0.2807017543859649,0.33146067415730335,0.0,0.0
4,0,4,periodic,46137344,197132288,0.3662109375,0.7602339181286549,0.7668393782383419,0.2832369942196532,0.3018867924528302,0.0,0.0
4,0,4,periodic,48234496,199229440,0.3671875,0.7474226804123711,0.75,0.2838709677419355,0.24157303370786518,0.0,0.0
4,0,4,periodic,50331648,201326592,0.4013671875,0.7777777777777778,0.7563451776649747,0.32919254658385094,0.34810126582278483,0.0,0.0
4,0,4,phase_end,50331648,201326592,0.4013671875,0.7777777777777778,0.7563451776649747,0.32919254658385094,0.34810126582278483,0.0,0.0
4,1,1,phase_start,0,0,0.0498046875,0.19047619047619047,0.0962566844919786,0.02158273381294964,0.00558659217877095,0.005076142131979695,0.0
4,1,1,periodic,2097152,2097152,0.677734375,1.0,1.0,0.8074866310160428,0.6289308176100629,0.3630573248407643,0.0
4,1,1,periodic,4194304,4194304,0.7138671875,1.0,1.0,0.8342857142857143,0.6666666666666666,0.3893129770992366,0.0
4,1,1,periodic,6291456,6291456,0.6552734375,1.0,1.0,0.8214285714285714,0.5961538461538461,0.27702702702702703,0.0
4,1,1,periodic,8388608,8388608,0.7509765625,1.0,1.0,0.8556701030927835,0.6339869281045751,0.4224137931034483,0.0
4,1,1,periodic,10485760,10485760,0.7041015625,1.0,1.0,0.8181818181818182,0.6795580110497238,0.3602941176470588,0.0
4,1,1,periodic,12582912,12582912,0.681640625,1.0,1.0,0.8272251308900523,0.6114649681528662,0.30128205128205127,0.0
4,1,1,periodic,14680064,14680064,0.6884765625,1.0,1.0,0.8033707865168539,0.6285714285714286,0.3493150684931507,0.0
4,1,1,periodic,16777216,16777216,0.7060546875,1.0,1.0,0.8502673796791443,0.639751552795031,0.3695652173913043,0.0
4,1,1,periodic,18874368,18874368,0.693359375,1.0,1.0,0.8373493975903614,0.608433734939759,0.3916083916083916,0.0
4,1,1,periodic,20971520,20971520,0.66796875,1.0,1.0,0.7586206896551724,0.5714285714285714,0.4152046783625731,0.0
4,1,1,periodic,23068672,23068672,0.7509765625,1.0,1.0,0.8539325842696629,0.6890243902439024,0.45901639344262296,0.0
4,1,1,periodic,25165824,25165824,0.6796875,1.0,1.0,0.8021390374331551,0.5941176470588235,0.32919254658385094,0.0
4,1,1,periodic,27262976,27262976,0.6630859375,1.0,1.0,0.8285714285714286,0.5167785234899329,0.34591194968553457,0.0
4,1,1,periodic,29360128,29360128,0.693359375,1.0,1.0,0.8532608695652174,0.5625,0.3088235294117647,0.0
4,1,1,periodic,31457280,31457280,0.6884765625,1.0,1.0,0.8323699421965318,0.6257668711656442,0.3231707317073171,0.0
4,1,1,periodic,33554432,33554432,0.6435546875,1.0,1.0,0.7309941520467836,0.5695364238410596,0.3092105263157895,0.0
4,1,1,periodic,35651584,35651584,0.6982421875,1.0,1.0,0.8011363636363636,0.6900584795321637,0.34415584415584416,0.0
4,1,1,periodic,37748736,37748736,0.685546875,1.0,1.0,0.8624338624338624,0.5569620253164557,0.2903225806451613,0.0
4,1,1,periodic,39845888,39845888,0.6806640625,1.0,1.0,0.7934782608695652,0.6178010471204188,0.3475177304964539,0.0
4,1,1,periodic,41943040,41943040,0.6787109375,1.0,1.0,0.798941798941799,0.6326530612244898,0.4421768707482993,0.0
4,1,1,periodic,44040192,44040192,0.6943359375,1.0,1.0,0.828125,0.6754966887417219,0.3375796178343949,0.0
4,1,1,periodic,46137344,46137344,0.7041015625,1.0,1.0,0.8260869565217391,0.6416184971098265,0.32432432432432434,0.0
4,1,1,periodic,48234496,48234496,0.6953125,1.0,1.0,0.8655913978494624,0.5961538461538461,0.2846715328467153,0.0
4,1,1,periodic,50331648,50331648,0.681640625,1.0,1.0,0.8351648351648352,0.5508982035928144,0.348993288590604,0.0
4,1,1,phase_end,50331648,50331648,0.681640625,1.0,1.0,0.8351648351648352,0.5508982035928144,0.348993288590604,0.0
4,1,2,phase_start,0,50331648,0.2880859375,1.0,0.2625,0.2833333333333333,0.0,0.0,0.0
4,1,2,periodic,2097152,52428800,0.2841796875,1.0,0.2976190476190476,0.2802197802197802,0.0,0.0,0.0
4,1,2,periodic,4194304,54525952,0.2998046875,1.0,0.26704545454545453,0.33974358974358976,0.0,0.0,0.0
4,1,2,periodic,6291456,56623104,0.287109375,1.0,0.2894736842105263,0.21428571428571427,0.0,0.0,0.0
4,1,2,periodic,8388608,58720256,0.2890625,1.0,0.310126582278481,0.2967032967032967,0.0,0.0,0.0
4,1,2,periodic,10485760,60817408,0.28515625,1.0,0.3202247191011236,0.22727272727272727,0.0,0.0,0.0
4,1,2,periodic,12582912,62914560,0.271484375,1.0,0.2756756756756757,0.2468354430379747,0.0,0.0,0.0
4,1,2,periodic,14680064,65011712,0.2802734375,1.0,0.27586206896551724,0.24691358024691357,0.0,0.0,0.0
4,1,2,periodic,16777216,67108864,0.3046875,1.0,0.25925925925925924,0.27058823529411763,0.0,0.0,0.0
4,1,2,periodic,18874368,69206016,0.287109375,1.0,0.23414634146341465,0.2732919254658385,0.0,0.0,0.0
4,1,2,periodic,20971520,71303168,0.2958984375,1.0,0.2275132275132275,0.32926829268292684,0.0,0.0,0.0
4,1,2,periodic,23068672,73400320,0.3076171875,1.0,0.2542372881355932,0.2945205479452055,0.0,0.0,0.0
4,1,2,periodic,25165824,75497472,0.3017578125,1.0,0.2792207792207792,0.2911392405063291,0.0,0.0,0.0
4,1,2,periodic,27262976,77594624,0.2978515625,1.0,0.3493975903614458,0.32335329341317365,0.0,0.0,0.0
4,1,2,periodic,29360128,79691776,0.298828125,1.0,0.3314917127071823,0.2937853107344633,0.0,0.0,0.0
4,1,2,periodic,31457280,81788928,0.30078125,1.0,0.31547619047619047,0.2236842105263158,0.0,0.0,0.0
4,1,2,periodic,33554432,83886080,0.28515625,1.0,0.2598870056497175,0.3082706766917293,0.0,0.0,0.0
4,1,2,periodic,35651584,85983232,0.30078125,1.0,0.3717948717948718,0.2887700534759358,0.0,0.0,0.0
4,1,2,periodic,37748736,88080384,0.2802734375,1.0,0.2754491017964072,0.3067484662576687,0.0,0.0,0.0
4,1,2,periodic,39845888,90177536,0.2744140625,1.0,0.2994011976047904,0.24731182795698925,0.0,0.0,0.0
4,1,2,periodic,41943040,92274688,0.298828125,1.0,0.2754491017964072,0.288135593220339,0.0,0.0,0.0
4,1,2,periodic,44040192,94371840,0.291015625,1.0,0.2392638036809816,0.2981366459627329,0.0,0.0,0.0
4,1,2,periodic,46137344,96468992,0.3134765625,1.0,0.3546511627906977,0.288135593220339,0.0,0.0,0.0
4,1,2,periodic,48234496,98566144,0.2939453125,1.0,0.3419354838709677,0.28703703703703703,0.0,0.0,0.0
4,1,2,periodic,50331648,100663296,0.2783203125,1.0,0.28061224489795916,0.2787878787878788,0.0,0.0,0.0
4,1,2,phase_end,50331648,100663296,0.2783203125,1.0,0.28061224489795916,0.2787878787878788,0.0,0.0,0.0
4,1,3,phase_start,0,100663296,0.541015625,1.0,0.8195876288659794,0.6089743589743589,0.5340909090909091,0.0,0.0
4,1,3,periodic,2097152,102760448,0.5341796875,1.0,0.8361581920903954,0.5654450261780105,0.6094674556213018,0.0,0.0
4,1,3,periodic,4194304,104857600,0.5458984375,1.0,0.8444444444444444,0.5976331360946746,0.5975609756097561,0.0,0.0
4,1,3,periodic,6291456,106954752,0.5478515625,1.0,0.8031914893617021,0.5602409638554217,0.6170212765957447,0.0,0.0
4,1,3,periodic,8388608,109051904,0.515625,1.0,0.8529411764705882,0.5771428571428572,0.5224719101123596,0.0,0.0
4,1,3,periodic,10485760,111149056,0.537109375,1.0,0.8023255813953488,0.551948051948052,0.6441717791411042,0.0,0.0
4,1,3,periodic,12582912,113246208,0.5224609375,1.0,0.8044692737430168,0.569060773480663,0.5463917525773195,0.0,0.0
4,1,3,periodic,14680064,115343360,0.5390625,1.0,0.8159203980099502,0.6148648648648649,0.5359116022099447,0.0,0.0
4,1,3,periodic,16777216,117440512,0.5224609375,1.0,0.7900552486187845,0.543859649122807,0.5517241379310345,0.0,0.0
4,1,3,periodic,18874368,119537664,0.537109375,1.0,0.8208092485549133,0.5921787709497207,0.6120218579234973,0.0,0.0
4,1,3,periodic,20971520,121634816,0.5478515625,1.0,0.8415841584158416,0.5487804878048781,0.5568862275449101,0.0,0.0
4,1,3,periodic,23068672,123731968,0.529296875,1.0,0.798941798941799,0.5317919075144508,0.5612244897959183,0.0,0.0
4,1,3,periodic,25165824,125829120,0.5478515625,1.0,0.7771739130434783,0.5576923076923077,0.6331360946745562,0.0,0.0
4,1,3,periodic,27262976,127926272,0.537109375,1.0,0.7650273224043715,0.5548780487804879,0.5449101796407185,0.0,0.0
4,1,3,periodic,29360128,130023424,0.5546875,1.0,0.8125,0.6036585365853658,0.5932203389830508,0.0,0.0
4,1,3,periodic,31457280,132120576,0.5166015625,1.0,0.7453416149068323,0.5665024630541872,0.5875,0.0,0.0
4,1,3,periodic,33554432,134217728,0.5390625,1.0,0.8440860215053764,0.5617977528089888,0.5542857142857143,0.0,0.0
4,1,3,periodic,35651584,136314880,0.5263671875,1.0,0.8021390374331551,0.5828571428571429,0.5769230769230769,0.0,0.0
4,1,3,periodic,37748736,138412032,0.5439453125,1.0,0.8505747126436781,0.559322033898305,0.56,0.0,0.0
4,1,3,periodic,39845888,140509184,0.5341796875,1.0,0.84,0.5813953488372093,0.5808383233532934,0.0,0.0
4,1,3,periodic,41943040,142606336,0.5341796875,1.0,0.8172043010752689,0.5389221556886228,0.6419753086419753,0.0,0.0
4,1,3,periodic,44040192,144703488,0.55859375,1.0,0.8342245989304813,0.601123595505618,0.591715976331361,0.0,0.0
4,1,3,periodic,46137344,146800640,0.541015625,1.0,0.8534031413612565,0.5614973262032086,0.5416666666666666,0.0,0.0
4,1,3,periodic,48234496,148897792,0.5380859375,1.0,0.8260869565217391,0.5925925925925926,0.6163522012578616,0.0,0.0
4,1,3,periodic,50331648,150994944,0.5390625,1.0,0.8223350253807107,0.631578947368421,0.5973154362416108,0.0,0.0
4,1,3,phase_end,50331648,150994944,0.5390625,1.0,0.8223350253807107,0.631578947368421,0.5973154362416108,0.0,0.0
4,1,4,phase_start,0,150994944,0.333984375,0.7314285714285714,0.6885245901639344,0.2716049382716049,0.2430939226519337,0.0,0.0
4,1,4,periodic,2097152,153092096,0.3984375,0.8022598870056498,0.8226600985221675,0.28125,0.2983425414364641,0.0,0.0
4,1,4,periodic,4194304,155189248,0.40625,0.7736842105263158,0.8112244897959183,0.3248407643312102,0.33714285714285713,0.0,0.0
4,1,4,periodic,6291456,157286400,0.427734375,0.8240740740740741,0.8333333333333334,0.3081395348837209,0.32298136645962733,0.0,0.0
4,1,4,periodic,8388608,159383552,0.404296875,0.8432432432432433,0.8078817733990148,0.29559748427672955,0.2781065088757396,0.0,0.0
4,1,4,periodic,10485760,161480704,0.3642578125,0.7469879518072289,0.8157894736842105,0.2891566265060241,0.3026315789473684,0.0,0.0
4,1,4,periodic,12582912,163577856,0.419921875,0.83,0.8028846153846154,0.3216374269005848,0.2545454545454545,0.0,0.0
4,1,4,periodic,14680064,165675008,0.412109375,0.8041237113402062,0.7960199004975125,0.32142857142857145,0.3270440251572327,0.0,0.0
4,1,4,periodic,16777216,167772160,0.3916015625,0.8135593220338984,0.7894736842105263,0.3068181818181818,0.29120879120879123,0.0,0.0
4,1,4,periodic,18874368,169869312,0.3994140625,0.765,0.8351648351648352,0.327683615819209,0.2987012987012987,0.0,0.0
4,1,4,periodic,20971520,171966464,0.3935546875,0.7967032967032966,0.8051282051282052,0.3160919540229885,0.27218934911242604,0.0,0.0
4,1,4,periodic,23068672,174063616,0.400390625,0.7936507936507936,0.8031088082901554,0.34831460674157305,0.2792207792207792,0.0,0.0
4,1,4,periodic,25165824,176160768,0.4052734375,0.8153153153153153,0.7458563535911602,0.288135593220339,0.2909090909090909,0.0,0.0
4,1,4,periodic,27262976,178257920,0.3857421875,0.8,0.7740384615384616,0.30666666666666664,0.2247191011235955,0.0,0.0
4,1,4,periodic,29360128,180355072,0.3720703125,0.8034682080924855,0.8095238095238095,0.294478527607362,0.22905027932960895,0.0,0.0
4,1,4,periodic,31457280,182452224,0.365234375,0.8152173913043478,0.7650273224043715,0.28313253012048195,0.21511627906976744,0.0,0.0
4,1,4,periodic,33554432,184549376,0.39453125,0.8205128205128205,0.7948717948717948,0.23030303030303031,0.30177514792899407,0.0,0.0
4,1,4,periodic,35651584,186646528,0.4189453125,0.7727272727272727,0.8384279475982532,0.3149171270718232,0.27848101265822783,0.0,0.0
4,1,4,periodic,37748736,188743680,0.4052734375,0.7924528301886793,0.8457142857142858,0.2857142857142857,0.3107344632768362,0.0,0.0
4,1,4,periodic,39845888,190840832,0.359375,0.7514450867052023,0.7634408602150538,0.35135135135135137,0.25287356321839083,0.0,0.0
4,1,4,periodic,41943040,192937984,0.4013671875,0.8080357142857143,0.7790697674418605,0.3067484662576687,0.2948717948717949,0.0,0.0
4,1,4,periodic,44040192,195035136,0.353515625,0.7527472527472527,0.7230769230769231,0.22972972972972974,0.29069767441860467,0.0,0.0
4,1,4,periodic,46137344,197132288,0.3935546875,0.7512953367875648,0.7868020304568528,0.3072289156626506,0.32298136645962733,0.0,0.0
4,1,4,periodic,48234496,199229440,0.3671875,0.7485380116959064,0.8111111111111111,0.3411764705882353,0.2543352601156069,0.0,0.0
4,1,4,periodic,50331648,201326592,0.3740234375,0.7319587628865979,0.7925531914893617,0.2543352601156069,0.2711864406779661,0.0,0.0
4,1,4,phase_end,50331648,201326592,0.3740234375,0.7319587628865979,0.7925531914893617,0.2543352601156069,0.2711864406779661,0.0,0.0
4,2,1,phase_start,0,0,0.05078125,0.18435754189944134,0.08024691358024691,0.018072289156626505,0.011976047904191617,0.00558659217877095,0.0
4,2,1,periodic,2097152,2097152,0.6787109375,1.0,1.0,0.8100558659217877,0.5647058823529412,0.4041095890410959,0.0
4,2,1,periodic,4194304,4194304,0.72265625,1.0,1.0,0.8248587570621468,0.6045197740112994,0.3875968992248062,0.0
4,2,1,periodic,6291456,6291456,0.7255859375,1.0,1.0,0.8531073446327684,0.743421052631579,0.37583892617449666,0.0
4,2,1,periodic,8388608,8388608,0.7509765625,1.0,1.0,0.8743455497382199,0.7337662337662337,0.34146341463414637,0.0
4,2,1,periodic,10485760,10485760,0.75,1.0,1.0,0.8453038674033149,0.7345679012345679,0.4041095890410959,0.0
4,2,1,periodic,12582912,12582912,0.6650390625,1.0,1.0,0.7731958762886598,0.6064516129032258,0.3076923076923077,0.0
4,2,1,periodic,14680064,14680064,0.693359375,1.0,1.0,0.8324022346368715,0.654320987654321,0.33774834437086093,0.0
4,2,1,periodic,16777216,16777216,0.7080078125,1.0,1.0,0.8055555555555556,0.6586826347305389,0.3424657534246575,0.0
4,2,1,periodic,18874368,18874368,0.708984375,1.0,1.0,0.8035714285714286,0.6826347305389222,0.3958333333333333,0.0
4,2,1,periodic,20971520,20971520,0.6826171875,1.0,1.0,0.8192771084337349,0.650887573964497,0.30344827586206896,0.0
4,2,1,periodic,23068672,23068672,0.681640625,1.0,1.0,0.7925531914893617,0.593939393939394,0.38513513513513514,0.0
4,2,1,periodic,25165824,25165824,0.6572265625,1.0,1.0,0.8181818181818182,0.532051282051282,0.3422818791946309,0.0
4,2,1,periodic,27262976,27262976,0.7412109375,1.0,1.0,0.9010416666666666,0.6013513513513513,0.4461538461538462,0.0
4,2,1,periodic,29360128,29360128,0.7138671875,1.0,1.0,0.8274111675126904,0.6292134831460674,0.37593984962406013,0.0
4,2,1,periodic,31457280,31457280,0.6845703125,1.0,1.0,0.8502673796791443,0.6666666666666666,0.3028169014084507,0.0
4,2,1,periodic,33554432,33554432,0.7548828125,1.0,1.0,0.882051282051282,0.6942675159235668,0.37398373983739835,0.0
4,2,1,periodic,35651584,35651584,0.6767578125,1.0,1.0,0.8313953488372093,0.5714285714285714,0.3120567375886525,0.0
4,2,1,periodic,37748736,37748736,0.673828125,1.0,1.0,0.8136645962732919,0.5808383233532934,0.2753623188405797,0.0
4,2,1,periodic,39845888,39845888,0.736328125,1.0,1.0,0.8428571428571429,0.6609195402298851,0.3627450980392157,0.0
4,2,1,periodic,41943040,41943040,0.6923828125,1.0,1.0,0.8138297872340425,0.6234567901234568,0.31645569620253167,0.0
4,2,1,periodic,44040192,44040192,0.69140625,1.0,1.0,0.8109452736318408,0.6073619631901841,0.3511450381679389,0.0
4,2,1,periodic,46137344,46137344,0.7509765625,1.0,1.0,0.8349514563106796,0.6778523489932886,0.3560606060606061,0.0
4,2,1,periodic,48234496,48234496,0.7509765625,1.0,1.0,0.8810810810810811,0.6467065868263473,0.4580152671755725,0.0
4,2,1,periodic,50331648,50331648,0.6962890625,1.0,1.0,0.8100558659217877,0.5973154362416108,0.4378698224852071,0.0
4,2,1,phase_end,50331648,50331648,0.6962890625,1.0,1.0,0.8100558659217877,0.5973154362416108,0.4378698224852071,0.0
4,2,2,phase_start,0,50331648,0.2900390625,1.0,0.24043715846994534,0.2822085889570552,0.0,0.0,0.0
4,2,2,periodic,2097152,52428800,0.2841796875,1.0,0.3136094674556213,0.28125,0.0,0.0,0.0
4,2,2,periodic,4194304,54525952,0.314453125,1.0,0.3312883435582822,0.3028571428571429,0.0,0.0,0.0
4,2,2,periodic,6291456,56623104,0.2900390625,1.0,0.3137254901960784,0.328042328042328,0.0,0.0,0.0
4,2,2,periodic,8388608,58720256,0.2783203125,1.0,0.25824175824175827,0.25,0.0,0.0,0.0
4,2,2,periodic,10485760,60817408,0.291015625,1.0,0.32142857142857145,0.2893081761006289,0.0,0.0,0.0
4,2,2,periodic,12582912,62914560,0.2958984375,1.0,0.2696629213483146,0.2694610778443114,0.0,0.0,0.0
4,2,2,periodic,14680064,65011712,0.294921875,1.0,0.3105590062111801,0.27647058823529413,0.0,0.0,0.0
4,2,2,periodic,16777216,67108864,0.31640625,1.0,0.23780487804878048,0.32,0.0,0.0,0.0
4,2,2,periodic,18874368,69206016,0.2939453125,1.0,0.2611464968152866,0.2541436464088398,0.0,0.0,0.0
4,2,2,periodic,20971520,71303168,0.3125,1.0,0.3081395348837209,0.2754491017964072,0.0,0.0,0.0
4,2,2,periodic,23068672,73400320,0.271484375,1.0,0.30120481927710846,0.25477707006369427,0.0,0.0,0.0
4,2,2,periodic,25165824,75497472,0.2763671875,1.0,0.32044198895027626,0.2346368715083799,0.0,0.0,0.0
4,2,2,periodic,27262976,77594624,0.3095703125,1.0,0.28313253012048195,0.34782608695652173,0.0,0.0,0.0
4,2,2,periodic,29360128,79691776,0.2890625,1.0,0.3,0.3236994219653179,0.0,0.0,0.0
4,2,2,periodic,31457280,81788928,0.30859375,1.0,0.2903225806451613,0.3352272727272727,0.0,0.0,0.0
4,2,2,periodic,33554432,83886080,0.3212890625,1.0,0.32727272727272727,0.33695652173913043,0.0,0.0,0.0
4,2,2,periodic,35651584,85983232,0.2822265625,1.0,0.2717391304347826,0.3253012048192771,0.0,0.0,0.0
4,2,2,periodic,37748736,88080384,0.296875,1.0,0.32065217391304346,0.3212121212121212,0.0,0.0,0.0
4,2,2,periodic,39845888,90177536,0.29296875,1.0,0.2981366459627329,0.33112582781456956,0.0,0.0,0.0
4,2,2,periodic,41943040,92274688,0.29296875,1.0,0.34615384615384615,0.2578616352201258,0.0,0.0,0.0
4,2,2,periodic,44040192,94371840,0.2763671875,1.0,0.27972027972027974,0.3197278911564626,0.0,0.0,0.0
4,2,2,periodic,46137344,96468992,0.294921875,1.0,0.31351351351351353,0.2849162011173184,0.0,0.0,0.0
4,2,2,periodic,48234496,98566144,0.2900390625,1.0,0.26666666666666666,0.25149700598802394,0.0,0.0,0.0
4,2,2,periodic,50331648,100663296,0.2841796875,1.0,0.2786885245901639,0.26842105263157895,0.0,0.0,0.0
4,2,2,phase_end,50331648,100663296,0.2841796875,1.0,0.2786885245901639,0.26842105263157895,0.0,0.0,0.0
4,2,3,phase_start,0,100663296,0.556640625,1.0,0.8282828282828283,0.5838509316770186,0.5738636363636364,0.0,0.0
4,2,3,periodic,2097152,102760448,0.5419921875,1.0,0.7905759162303665,0.5149700598802395,0.5903614457831325,0.0,0.0
4,2,3,periodic,4194304,104857600,0.5478515625,1.0,0.8048780487804879,0.5909090909090909,0.6022099447513812,0.0,0.0
4,2,3,periodic,6291456,106954752,0.5361328125,1.0,0.8010752688172043,0.5609756097560976,0.5580110497237569,0.0,0.0
4,2,3,periodic,8388608,109051904,0.5537109375,1.0,0.8306878306878307,0.5975609756097561,0.5652173913043478,0.0,0.0
4,2,3,periodic,10485760,111149056,0.541015625,1.0,0.8118811881188119,0.5704697986577181,0.5957446808510638,0.0,0.0
4,2,3,periodic,12582912,113246208,0.55078125,1.0,0.7903225806451613,0.5966850828729282,0.6338797814207651,0.0,0.0
4,2,3,periodic,14680064,115343360,0.544921875,1.0,0.775,0.5641025641025641,0.5966850828729282,0.0,0.0
4,2,3,periodic,16777216,117440512,0.533203125,1.0,0.7640449438202247,0.656441717791411,0.5297297297297298,0.0,0.0
4,2,3,periodic,18874368,119537664,0.5263671875,1.0,0.8285714285714286,0.5647058823529412,0.49696969696969695,0.0,0.0
4,2,3,periodic,20971520,121634816,0.5361328125,1.0,0.8159203980099502,0.5989010989010989,0.5099337748344371,0.0,0.0
4,2,3,periodic,23068672,123731968,0.53515625,1.0,0.7961165048543689,0.5421686746987951,0.5521472392638037,0.0,0.0
4,2,3,periodic,25165824,125829120,0.5546875,1.0,0.8201058201058201,0.5477707006369427,0.5869565217391305,0.0,0.0
4,2,3,periodic,27262976,127926272,0.5400390625,1.0,0.8181818181818182,0.6625766871165644,0.6060606060606061,0.0,0.0
4,2,3,periodic,29360128,130023424,0.525390625,1.0,0.8032786885245902,0.5333333333333333,0.5317919075144508,0.0,0.0
4,2,3,periodic,31457280,132120576,0.537109375,1.0,0.7688172043010753,0.5706214689265536,0.5459770114942529,0.0,0.0
4,2,3,periodic,33554432,134217728,0.533203125,1.0,0.8305084745762712,0.5642458100558659,0.5284090909090909,0.0,0.0
4,2,3,periodic,35651584,136314880,0.541015625,1.0,0.7906976744186046,0.610062893081761,0.656441717791411,0.0,0.0
4,2,3,periodic,37748736,138412032,0.5341796875,1.0,0.7727272727272727,0.5194805194805194,0.585635359116022,0.0,0.0
4,2,3,periodic,39845888,140509184,0.513671875,1.0,0.8043478260869565,0.4819277108433735,0.5769230769230769,0.0,0.0
4,2,3,periodic,41943040,142606336,0.572265625,1.0,0.8072916666666666,0.6424242424242425,0.5965909090909091,0.0,0.0
4,2,3,periodic,44040192,144703488,0.5400390625,1.0,0.7945945945945946,0.6216216216216216,0.6114649681528662,0.0,0.0
4,2,3,periodic,46137344,146800640,0.576171875,1.0,0.8787878787878788,0.577639751552795,0.6136363636363636,0.0,0.0
4,2,3,periodic,48234496,148897792,0.5185546875,1.0,0.7701149425287356,0.5661375661375662,0.5868263473053892,0.0,0.0
4,2,3,periodic,50331648,150994944,0.5302734375,1.0,0.7865168539325843,0.6012269938650306,0.5588235294117647,0.0,0.0
4,2,3,phase_end,50331648,150994944,0.5302734375,1.0,0.7865168539325843,0.6012269938650306,0.5588235294117647,0.0,0.0
4,2,4,phase_start,0,150994944,0.376953125,0.7456647398843931,0.801980198019802,0.29069767441860467,0.25862068965517243,0.0,0.0
4,2,4,periodic,2097152,153092096,0.3798828125,0.8307692307692308,0.7777777777777778,0.26857142857142857,0.23952095808383234,0.0,0.0
4,2,4,periodic,4194304,155189248,0.369140625,0.7839506172839507,0.7323943661971831,0.24431818181818182,0.30409356725146197,0.0,0.0
4,2,4,periodic,6291456,157286400,0.38671875,0.8507462686567164,0.7987804878048781,0.3271604938271605,0.2411764705882353,0.0,0.0
4,2,4,periodic,8388608,159383552,0.3779296875,0.7925531914893617,0.8208092485549133,0.3063583815028902,0.24293785310734464,0.0,0.0
4,2,4,periodic,10485760,161480704,0.38671875,0.838150289017341,0.8163265306122449,0.2986111111111111,0.2891566265060241,0.0,0.0
4,2,4,periodic,12582912,163577856,0.419921875,0.7865168539325843,0.8693467336683417,0.32620320855614976,0.37583892617449666,0.0,0.0
4,2,4,periodic,14680064,165675008,0.3857421875,0.8020833333333334,0.8010471204188482,0.26143790849673204,0.27586206896551724,0.0,0.0
4,2,4,periodic,16777216,167772160,0.39453125,0.8435754189944135,0.7569060773480663,0.36585365853658536,0.3333333333333333,0.0,0.0
4,2,4,periodic,18874368,169869312,0.357421875,0.7816091954022989,0.7861271676300579,0.23121387283236994,0.2857142857142857,0.0,0.0
4,2,4,periodic,20971520,171966464,0.3642578125,0.7853403141361257,0.732620320855615,0.2795031055900621,0.25625,0.0,0.0
4,2,4,periodic,23068672,174063616,0.3818359375,0.8076923076923077,0.8181818181818182,0.2839506172839506,0.2641509433962264,0.0,0.0
4,2,4,periodic,25165824,176160768,0.3798828125,0.7663551401869159,0.815028901734104,0.25949367088607594,0.25595238095238093,0.0,0.0
4,2,4,periodic,27262976,178257920,0.3828125,0.8,0.7860696517412935,0.21476510067114093,0.27218934911242604,0.0,0.0
4,2,4,periodic,29360128,180355072,0.380859375,0.8011695906432749,0.7741935483870968,0.3282051282051282,0.2631578947368421,0.0,0.0
4,2,4,periodic,31457280,182452224,0.3662109375,0.7595628415300546,0.7419354838709677,0.2556818181818182,0.29444444444444445,0.0,0.0
4,2,4,periodic,33554432,184549376,0.4111328125,0.8191489361702128,0.7733990147783252,0.3235294117647059,0.32934131736526945,0.0,0.0
4,2,4,periodic,35651584,186646528,0.3896484375,0.7948717948717948,0.7754010695187166,0.32941176470588235,0.27044025157232704,0.0,0.0
4,2,4,periodic,37748736,188743680,0.357421875,0.8198757763975155,0.7947368421052632,0.2727272727272727,0.21875,0.0,0.0
4,2,4,periodic,39845888,190840832,0.3984375,0.8850574712643678,0.7872340425531915,0.327683615819209,0.2874251497005988,0.0,0.0
4,2,4,periodic,41943040,192937984,0.431640625,0.8631578947368421,0.8285714285714286,0.30303030303030304,0.34615384615384615,0.0,0.0
4,2,4,periodic,44040192,195035136,0.39453125,0.8095238095238095,0.7731958762886598,0.2608695652173913,0.2692307692307692,0.0,0.0
4,2,4,periodic,46137344,197132288,0.4052734375,0.7673267326732673,0.8860103626943006,0.22023809523809523,0.3132530120481928,0.0,0.0
4,2,4,periodic,48234496,199229440,0.369140625,0.7052023121387283,0.8152173913043478,0.29842931937172773,0.2934131736526946,0.0,0.0
4,2,4,periodic,50331648,201326592,0.3828125,0.7806122448979592,0.8315217391304348,0.23417721518987342,0.29878048780487804,0.0,0.0
4,2,4,phase_end,50331648,201326592,0.3828125,0.7806122448979592,0.8315217391304348,0.23417721518987342,0.29878048780487804,0.0,0.0
4,3,1,phase_start,0,0,0.044921875,0.19883040935672514,0.05084745762711865,0.018072289156626505,0.0,0.0,0.0
4,3,1,periodic,2097152,2097152,0.6865234375,1.0,1.0,0.7696629213483146,0.6453488372093024,0.3402777777777778,0.0
4,3,1,periodic,4194304,4194304,0.7421875,1.0,1.0,0.9027027027027027,0.5747126436781609,0.46616541353383456,0.0
4,3,1,periodic,6291456,6291456,0.75,1.0,1.0,0.8805970149253731,0.6492537313432836,0.4383561643835616,0.0
4,3,1,periodic,8388608,8388608,0.7470703125,1.0,1.0,0.8432432432432433,0.6608187134502924,0.37398373983739835,0.0
4,3,1,periodic,10485760,10485760,0.6572265625,1.0,1.0,0.8427672955974843,0.5730337078651685,0.28846153846153844,0.0
4,3,1,periodic,12582912,12582912,0.6982421875,1.0,1.0,0.8208092485549133,0.6428571428571429,0.32857142857142857,0.0
4,3,1,periodic,14680064,14680064,0.6923828125,1.0,1.0,0.8216216216216217,0.5882352941176471,0.37254901960784315,0.0
4,3,1,periodic,16777216,16777216,0.6787109375,1.0,1.0,0.8083832335329342,0.5822784810126582,0.358974358974359,0.0
4,3,1,periodic,18874368,18874368,0.6552734375,1.0,1.0,0.8238636363636364,0.5894039735099338,0.2903225806451613,0.0
4,3,1,periodic,20971520,20971520,0.7119140625,1.0,1.0,0.8307692307692308,0.61875,0.35135135135135137,0.0
4,3,1,periodic,23068672,23068672,0.6943359375,1.0,1.0,0.8152173913043478,0.6190476190476191,0.3724137931034483,0.0
4,3,1,periodic,25165824,25165824,0.7138671875,1.0,1.0,0.8349514563106796,0.6583850931677019,0.3680555555555556,0.0
4,3,1,periodic,27262976,27262976,0.6943359375,1.0,1.0,0.8426966292134831,0.6303030303030303,0.3288590604026846,0.0
4,3,1,periodic,29360128,29360128,0.654296875,1.0,1.0,0.8115183246073299,0.5919540229885057,0.34285714285714286,0.0
4,3,1,periodic,31457280,31457280,0.7421875,1.0,1.0,0.8247422680412371,0.6730769230769231,0.4351145038167939,0.0
4,3,1,periodic,33554432,33554432,0.689453125,1.0,1.0,0.8448275862068966,0.5891891891891892,0.3793103448275862,0.0
4,3,1,periodic,35651584,35651584,0.7509765625,1.0,1.0,0.8682634730538922,0.6538461538461539,0.3937007874015748,0.0
4,3,1,periodic,37748736,37748736,0.7294921875,1.0,1.0,0.8878048780487805,0.5977653631284916,0.375,0.0
4,3,1,periodic,39845888,39845888,0.75,1.0,1.0,0.84375,0.6335403726708074,0.4424778761061947,0.0
4,3,1,periodic,41943040,41943040,0.6787109375,1.0,1.0,0.8316326530612245,0.609271523178808,0.3576158940397351,0.0
4,3,1,periodic,44040192,44040192,0.697265625,1.0,1.0,0.8333333333333334,0.6623376623376623,0.352112676056338,0.0
4,3,1,periodic,46137344,46137344,0.7177734375,1.0,1.0,0.8648648648648649,0.5906432748538012,0.31386861313868614,0.0
4,3,1,periodic,48234496,48234496,0.71484375,1.0,1.0,0.8260869565217391,0.6726190476190477,0.33088235294117646,0.0
4,3,1,periodic,50331648,50331648,0.650390625,1.0,1.0,0.7771739130434783,0.59375,0.2847222222222222,0.0
4,3,1,phase_end,50331648,50331648,0.650390625,1.0,1.0,0.7771739130434783,0.59375,0.2847222222222222,0.0
4,3,2,phase_start,0,50331648,0.267578125,1.0,0.2827586206896552,0.19767441860465115,0.0,0.0,0.0
4,3,2,periodic,2097152,52428800,0.29296875,1.0,0.33974358974358976,0.26436781609195403,0.0,0.0,0.0
4,3,2,periodic,4194304,54525952,0.2841796875,1.0,0.3149171270718232,0.27380952380952384,0.0,0.0,0.0
4,3,2,periodic,6291456,56623104,0.3095703125,1.0,0.3,0.3148148148148148,0.0,0.0,0.0
4,3,2,periodic,8388608,58720256,0.2890625,1.0,0.3090909090909091,0.30246913580246915,0.0,0.0,0.0
4,3,2,periodic,10485760,60817408,0.3056640625,1.0,0.31901840490797545,0.32432432432432434,0.0,0.0,0.0
4,3,2,periodic,12582912,62914560,0.279296875,1.0,0.2569444444444444,0.2931937172774869,0.0,0.0,0.0
4,3,2,periodic,14680064,65011712,0.2822265625,1.0,0.25139664804469275,0.26506024096385544,0.0,0.0,0.0
4,3,2,periodic,16777216,67108864,0.2978515625,1.0,0.29608938547486036,0.2896174863387978,0.0,0.0,0.0
4,3,2,periodic,18874368,69206016,0.310546875,1.0,0.2994011976047904,0.31875,0.0,0.0,0.0
4,3,2,periodic,20971520,71303168,0.306640625,1.0,0.3167701863354037,0.2716049382716049,0.0,0.0,0.0
4,3,2,periodic,23068672,73400320,0.2783203125,1.0,0.26136363636363635,0.34394904458598724,0.0,0.0,0.0
4,3,2,periodic,25165824,75497472,0.2919921875,1.0,0.3333333333333333,0.21341463414634146,0.0,0.0,0.0
4,3,2,periodic,27262976,77594624,0.2958984375,1.0,0.2893081761006289,0.36363636363636365,0.0,0.0,0.0
4,3,2,periodic,29360128,79691776,0.306640625,1.0,0.3235294117647059,0.2732919254658385,0.0,0.0,0.0
4,3,2,periodic,31457280,81788928,0.26171875,1.0,0.22285714285714286,0.30864197530864196,0.0,0.0,0.0
4,3,2,periodic,33554432,83886080,0.2998046875,1.0,0.29775280898876405,0.3045977011494253,0.0,0.0,0.0
4,3,2,periodic,35651584,85983232,0.29296875,1.0,0.2983425414364641,0.275,0.0,0.0,0.0
4,3,2,periodic,37748736,88080384,0.2900390625,1.0,0.3103448275862069,0.2552083333333333,0.0,0.0,0.0
4,3,2,periodic,39845888,90177536,0.3154296875,1.0,0.27607361963190186,0.3333333333333333,0.0,0.0,0.0
4,3,2,periodic,41943040,92274688,0.298828125,1.0,0.2916666666666667,0.2754491017964072,0.0,0.0,0.0
4,3,2,periodic,44040192,94371840,0.28125,1.0,0.2808988764044944,0.24074074074074073,0.0,0.0,0.0
4,3,2,periodic,46137344,96468992,0.2822265625,1.0,0.3235294117647059,0.2564102564102564,0.0,0.0,0.0
4,3,2,periodic,48234496,98566144,0.28125,1.0,0.3,0.25149700598802394,0.0,0.0,0.0
4,3,2,periodic,50331648,100663296,0.3193359375,1.0,0.3391812865497076,0.2905027932960894,0.0,0.0,0.0
4,3,2,phase_end,50331648,100663296,0.3193359375,1.0,0.3391812865497076,0.2905027932960894,0.0,0.0,0.0
4,3,3,phase_start,0,100663296,0.54296875,1.0,0.7766497461928934,0.5885714285714285,0.5898876404494382,0.0,0.0
4,3,3,periodic,2097152,102760448,0.52734375,1.0,0.7553191489361702,0.49673202614379086,0.6153846153846154,0.0,0.0
4,3,3,periodic,4194304,104857600,0.5400390625,1.0,0.8084112149532711,0.6036585365853658,0.4918032786885246,0.0,0.0
4,3,3,periodic,6291456,106954752,0.5498046875,1.0,0.8617021276595744,0.5706214689265536,0.6890243902439024,0.0,0.0
4,3,3,periodic,8388608,109051904,0.55078125,1.0,0.8415841584158416,0.5923566878980892,0.5852272727272727,0.0,0.0
4,3,3,periodic,10485760,111149056,0.5673828125,1.0,0.7835051546391752,0.664804469273743,0.6235294117647059,0.0,0.0
4,3,3,periodic,12582912,113246208,0.55078125,1.0,0.8168316831683168,0.6449704142011834,0.5494505494505495,0.0,0.0
4,3,3,periodic,14680064,115343360,0.5322265625,1.0,0.8177083333333334,0.5290697674418605,0.5543478260869565,0.0,0.0
4,3,3,periodic,16777216,117440512,0.537109375,1.0,0.803680981595092,0.5164835164835165,0.5873015873015873,0.0,0.0
4,3,3,periodic,18874368,119537664,0.556640625,1.0,0.8609625668449198,0.5798816568047337,0.5975609756097561,0.0,0.0
4,3,3,periodic,20971520,121634816,0.529296875,1.0,0.8452380952380952,0.5647058823529412,0.5411764705882353,0.0,0.0
4,3,3,periodic,23068672,123731968,0.5341796875,1.0,0.826530612244898,0.5031055900621118,0.5846994535519126,0.0,0.0
4,3,3,periodic,25165824,125829120,0.5302734375,1.0,0.7727272727272727,0.5706521739130435,0.589041095890411,0.0,0.0
4,3,3,periodic,27262976,127926272,0.5361328125,1.0,0.819672131147541,0.585635359116022,0.5364583333333334,0.0,0.0
4,3,3,periodic,29360128,130023424,0.5322265625,1.0,0.8287292817679558,0.56,0.572289156626506,0.0,0.0
4,3,3,periodic,31457280,132120576,0.5625,1.0,0.8260869565217391,0.5632183908045977,0.5722543352601156,0.0,0.0
4,3,3,periodic,33554432,134217728,0.5341796875,1.0,0.7966101694915254,0.5872093023255814,0.5573770491803278,0.0,0.0
4,3,3,periodic,35651584,136314880,0.5390625,1.0,0.8125,0.5380434782608695,0.572289156626506,0.0,0.0
4,3,3,periodic,37748736,138412032,0.541015625,1.0,0.8032786885245902,0.5290322580645161,0.6020408163265306,0.0,0.0
4,3,3,periodic,39845888,140509184,0.568359375,1.0,0.7978723404255319,0.5857988165680473,0.5988700564971752,0.0,0.0
4,3,3,periodic,41943040,142606336,0.568359375,1.0,0.8633879781420765,0.5515151515151515,0.6204819277108434,0.0,0.0
4,3,3,periodic,44040192,144703488,0.5400390625,1.0,0.7272727272727273,0.6075268817204301,0.656441717791411,0.0,0.0
4,3,3,periodic,46137344,146800640,0.5498046875,1.0,0.8383838383838383,0.5621621621621622,0.5853658536585366,0.0,0.0
4,3,3,periodic,48234496,148897792,0.546875,1.0,0.7939698492462312,0.6145833333333334,0.5668449197860963,0.0,0.0
4,3,3,periodic,50331648,150994944,0.5498046875,1.0,0.8383838383838383,0.5739644970414202,0.5958904109589042,0.0,0.0
4,3,3,phase_end,50331648,150994944,0.5498046875,1.0,0.8383838383838383,0.5739644970414202,0.5958904109589042,0.0,0.0
4,3,4,phase_start,0,150994944,0.376953125,0.7563451776649747,0.7979274611398963,0.25874125874125875,0.2875,0.0,0.0
4,3,4,periodic,2097152,153092096,0.376953125,0.768361581920904,0.7959183673469388,0.2839506172839506,0.2857142857142857,0.0,0.0
4,3,4,periodic,4194304,155189248,0.41015625,0.8153846153846154,0.8033707865168539,0.3333333333333333,0.32978723404255317,0.0,0.0
4,3,4,periodic,6291456,157286400,0.3857421875,0.8263157894736842,0.8128342245989305,0.27741935483870966,0.25595238095238093,0.0,0.0
4,3,4,periodic,8388608,159383552,0.361328125,0.7071823204419889,0.7884615384615384,0.2052980132450331,0.29936305732484075,0.0,0.0
4,3,4,periodic,10485760,161480704,0.3779296875,0.7486910994764397,0.7914438502673797,0.3246753246753247,0.2822085889570552,0.0,0.0
4,3,4,periodic,12582912,163577856,0.3876953125,0.7934782608695652,0.7927461139896373,0.29381443298969073,0.2808219178082192,0.0,0.0
4,3,4,periodic,14680064,165675008,0.3603515625,0.8092783505154639,0.7433155080213903,0.26143790849673204,0.19879518072289157,0.0,0.0
4,3,4,periodic,16777216,167772160,0.376953125,0.7461928934010152,0.7861271676300579,0.3355263157894737,0.2857142857142857,0.0,0.0
4,3,4,periodic,18874368,169869312,0.3896484375,0.8195121951219512,0.8021390374331551,0.25806451612903225,0.22905027932960895,0.0,0.0
4,3,4,periodic,20971520,171966464,0.3935546875,0.7608695652173914,0.815,0.2655367231638418,0.31176470588235294,0.0,0.0
4,3,4,periodic,23068672,174063616,0.3740234375,0.7732558139534884,0.7661691542288557,0.2905405405405405,0.3231707317073171,0.0,0.0
4,3,4,periodic,25165824,176160768,0.4013671875,0.7980295566502463,0.7868852459016393,0.3772455089820359,0.2727272727272727,0.0,0.0
4,3,4,periodic,27262976,178257920,0.384765625,0.797979797979798,0.7659574468085106,0.2929936305732484,0.2822085889570552,0.0,0.0
4,3,4,periodic,29360128,180355072,0.3837890625,0.8105263157894737,0.8076923076923077,0.30344827586206896,0.2909090909090909,0.0,0.0
4,3,4,periodic,31457280,182452224,0.38671875,0.8486238532110092,0.7926829268292683,0.25146198830409355,0.22485207100591717,0.0,0.0
4,3,4,periodic,33554432,184549376,0.388671875,0.8022598870056498,0.8190954773869347,0.28994082840236685,0.275,0.0,0.0
4,3,4,periodic,35651584,186646528,0.412109375,0.8325123152709359,0.7948717948717948,0.2721518987341772,0.3089887640449438,0.0,0.0
4,3,4,periodic,37748736,188743680,0.392578125,0.7821782178217822,0.7783783783783784,0.25308641975308643,0.3430232558139535,0.0,0.0
4,3,4,periodic,39845888,190840832,0.3916015625,0.8465346534653465,0.7650273224043715,0.2658959537572254,0.24444444444444444,0.0,0.0
4,3,4,periodic,41943040,192937984,0.376953125,0.8620689655172413,0.7904191616766467,0.30434782608695654,0.2594594594594595,0.0,0.0
4,3,4,periodic,44040192,195035136,0.3720703125,0.7846153846153846,0.8052631578947368,0.2670807453416149,0.18823529411764706,0.0,0.0
4,3,4,periodic,46137344,197132288,0.3779296875,0.7575757575757576,0.7875647668393783,0.24,0.28,0.0,0.0
4,3,4,periodic,48234496,199229440,0.4111328125,0.8497652582159625,0.7711442786069652,0.2469879518072289,0.29333333333333333,0.0,0.0
4,3,4,periodic,50331648,201326592,0.3662109375,0.7526881720430108,0.8159509202453987,0.2784090909090909,0.30113636363636365,0.0,0.0
4,3,4,phase_end,50331648,201326592,0.3662109375,0.7526881720430108,0.8159509202453987,0.2784090909090909,0.30113636363636365,0.0,0.0
4,4,1,phase_start,0,0,0.0546875,0.17613636363636365,0.0880503144654088,0.05625,0.012422360248447204,0.0,0.0
4,4,1,periodic,2097152,2097152,0.6923828125,1.0,1.0,0.8693181818181818,0.625,0.3597122302158273,0.0
4,4,1,periodic,4194304,4194304,0.712890625,1.0,1.0,0.8373493975903614,0.6167664670658682,0.29545454545454547,0.0
4,4,1,periodic,6291456,6291456,0.7158203125,1.0,1.0,0.821256038647343,0.6729559748427673,0.3586206896551724,0.0
4,4,1,periodic,8388608,8388608,0.634765625,1.0,1.0,0.765625,0.5485714285714286,0.24324324324324326,0.0
4,4,1,periodic,10485760,10485760,0.7275390625,1.0,1.0,0.8218390804597702,0.6440677966101694,0.37815126050420167,0.0
4,4,1,periodic,12582912,12582912,0.689453125,1.0,1.0,0.8362573099415205,0.5900621118012422,0.31386861313868614,0.0
4,4,1,periodic,14680064,14680064,0.6806640625,1.0,1.0,0.8305084745762712,0.5463917525773195,0.3247863247863248,0.0
4,4,1,periodic,16777216,16777216,0.70703125,1.0,1.0,0.8305084745762712,0.6703296703296703,0.35384615384615387,0.0
4,4,1,periodic,18874368,18874368,0.697265625,1.0,1.0,0.8457142857142858,0.6557377049180327,0.3237410071942446,0.0
4,4,1,periodic,20971520,20971520,0.705078125,1.0,1.0,0.8638743455497382,0.6335403726708074,0.34355828220858897,0.0
4,4,1,periodic,23068672,23068672,0.7431640625,1.0,1.0,0.8157894736842105,0.7102272727272727,0.3858267716535433,0.0
4,4,1,periodic,25165824,25165824,0.7080078125,1.0,1.0,0.8563829787234043,0.6352201257861635,0.41304347826086957,0.0
4,4,1,periodic,27262976,27262976,0.7109375,1.0,1.0,0.8275862068965517,0.6013513513513513,0.4148148148148148,0.0
4,4,1,periodic,29360128,29360128,0.6943359375,1.0,1.0,0.8502673796791443,0.581151832460733,0.3933333333333333,0.0
4,4,1,periodic,31457280,31457280,0.6787109375,1.0,1.0,0.8202247191011236,0.5714285714285714,0.31788079470198677,0.0
4,4,1,periodic,33554432,33554432,0.693359375,1.0,1.0,0.8478260869565217,0.5617977528089888,0.3310344827586207,0.0
4,4,1,periodic,35651584,35651584,0.6904296875,1.0,1.0,0.8253012048192772,0.5668789808917197,0.3522012578616352,0.0
4,4,1,periodic,37748736,37748736,0.72265625,1.0,1.0,0.8783068783068783,0.7080745341614907,0.3925925925925926,0.0
4,4,1,periodic,39845888,39845888,0.6591796875,1.0,1.0,0.7802197802197802,0.592814371257485,0.2945205479452055,0.0
4,4,1,periodic,41943040,41943040,0.6689453125,1.0,1.0,0.7881773399014779,0.6066666666666667,0.31875,0.0
4,4,1,periodic,44040192,44040192,0.6728515625,1.0,1.0,0.8181818181818182,0.5855263157894737,0.345679012345679,0.0
4,4,1,periodic,46137344,46137344,0.7314453125,1.0,1.0,0.8360655737704918,0.6875,0.39855072463768115,0.0
4,4,1,periodic,48234496,48234496,0.6689453125,1.0,1.0,0.8186813186813187,0.5802469135802469,0.3170731707317073,0.0
4,4,1,periodic,50331648,50331648,0.68359375,1.0,1.0,0.8206521739130435,0.6423357664233577,0.3225806451612903,0.0
4,4,1,phase_end,50331648,50331648,0.68359375,1.0,1.0,0.8206521739130435,0.6423357664233577,0.3225806451612903,0.0
4,4,2,phase_start,0,50331648,0.2939453125,1.0,0.3,0.28160919540229884,0.0,0.0,0.0
4,4,2,periodic,2097152,52428800,0.2822265625,1.0,0.2727272727272727,0.2875,0.0,0.0,0.0
4,4,2,periodic,4194304,54525952,0.283203125,1.0,0.2824858757062147,0.3068181818181818,0.0,0.0,0.0
4,4,2,periodic,6291456,56623104,0.27734375,1.0,0.2621951219512195,0.25625,0.0,0.0,0.0
4,4,2,periodic,8388608,58720256,0.2861328125,1.0,0.3277777777777778,0.3072289156626506,0.0,0.0,0.0
4,4,2,periodic,10485760,60817408,0.2744140625,1.0,0.2529411764705882,0.3179190751445087,0.0,0.0,0.0
4,4,2,periodic,12582912,62914560,0.2861328125,1.0,0.25925925925925924,0.2733333333333333,0.0,0.0,0.0
4,4,2,periodic,14680064,65011712,0.2734375,1.0,0.2956989247311828,0.25308641975308643,0.0,0.0,0.0
4,4,2,periodic,16777216,67108864,0.3076171875,1.0,0.27672955974842767,0.33714285714285713,0.0,0.0,0.0
4,4,2,periodic,18874368,69206016,0.2734375,1.0,0.27419354838709675,0.25625,0.0,0.0,0.0
4,4,2,periodic,20971520,71303168,0.3271484375,1.0,0.32142857142857145,0.2894736842105263,0.0,0.0,0.0
4,4,2,periodic,23068672,73400320,0.291015625,1.0,0.2972972972972973,0.33986928104575165,0.0,0.0,0.0
4,4,2,periodic,25165824,75497472,0.29296875,1.0,0.32947976878612717,0.3125,0.0,0.0,0.0
4,4,2,periodic,27262976,77594624,0.30078125,1.0,0.27388535031847133,0.3018867924528302,0.0,0.0,0.0
4,4,2,periodic,29360128,79691776,0.30078125,1.0,0.2598870056497175,0.313953488372093,0.0,0.0,0.0
4,4,2,periodic,31457280,81788928,0.3037109375,1.0,0.27647058823529413,0.35714285714285715,0.0,0.0,0.0
4,4,2,periodic,33554432,83886080,0.2900390625,1.0,0.3247422680412371,0.27167630057803466,0.0,0.0,0.0
4,4,2,periodic,35651584,85983232,0.3037109375,1.0,0.23118279569892472,0.2945205479452055,0.0,0.0,0.0
4,4,2,periodic,37748736,88080384,0.2734375,1.0,0.2874251497005988,0.2682926829268293,0.0,0.0,0.0
4,4,2,periodic,39845888,90177536,0.2958984375,1.0,0.2982456140350877,0.27058823529411763,0.0,0.0,0.0
4,4,2,periodic,41943040,92274688,0.2978515625,1.0,0.27044025157232704,0.29545454545454547,0.0,0.0,0.0
4,4,2,periodic,44040192,94371840,0.275390625,1.0,0.25862068965517243,0.2751677852348993,0.0,0.0,0.0
4,4,2,periodic,46137344,96468992,0.3017578125,1.0,0.30434782608695654,0.2733333333333333,0.0,0.0,0.0
4,4,2,periodic,48234496,98566144,0.2919921875,1.0,0.22727272727272727,0.25316455696202533,0.0,0.0,0.0
4,4,2,periodic,50331648,100663296,0.2724609375,1.0,0.3136094674556213,0.24157303370786518,0.0,0.0,0.0
4,4,2,phase_end,50331648,100663296,0.2724609375,1.0,0.3136094674556213,0.24157303370786518,0.0,0.0,0.0
4,4,3,phase_start,0,100663296,0.546875,1.0,0.782608695652174,0.5882352941176471,0.6231155778894473,0.0,0.0
4,4,3,periodic,2097152,102760448,0.5263671875,1.0,0.8297872340425532,0.56353591160221,0.5823529411764706,0.0,0.0
4,4,3,periodic,4194304,104857600,0.5595703125,1.0,0.797979797979798,0.6443298969072165,0.5614035087719298,0.0,0.0
4,4,3,periodic,6291456,106954752,0.541015625,1.0,0.7692307692307693,0.5935828877005348,0.6,0.0,0.0
4,4,3,periodic,8388608,109051904,0.5166015625,1.0,0.7393617021276596,0.5824175824175825,0.550561797752809,0.0,0.0
4,4,3,periodic,10485760,111149056,0.544921875,1.0,0.8131313131313131,0.5,0.5974842767295597,0.0,0.0
4,4,3,periodic,12582912,113246208,0.52734375,1.0,0.8055555555555556,0.6139240506329114,0.5217391304347826,0.0,0.0
4,4,3,periodic,14680064,115343360,0.5537109375,1.0,0.8097826086956522,0.6060606060606061,0.5956284153005464,0.0,0.0
4,4,3,periodic,16777216,117440512,0.533203125,1.0,0.8032786885245902,0.5918367346938775,0.5031055900621118,0.0,0.0
4,4,3,periodic,18874368,119537664,0.544921875,1.0,0.7961165048543689,0.5862068965517241,0.627906976744186,0.0,0.0
4,4,3,periodic,20971520,121634816,0.5263671875,1.0,0.7734806629834254,0.6130952380952381,0.5449101796407185,0.0,0.0
4,4,3,periodic,23068672,123731968,0.548828125,1.0,0.8033707865168539,0.6882352941176471,0.5808383233532934,0.0,0.0
4,4,3,periodic,25165824,125829120,0.5458984375,1.0,0.850828729281768,0.5975609756097561,0.5962732919254659,0.0,0.0
4,4,3,periodic,27262976,127926272,0.5263671875,1.0,0.7377049180327869,0.6296296296296297,0.5352941176470588,0.0,0.0
4,4,3,periodic,29360128,130023424,0.5537109375,1.0,0.8306878306878307,0.6181818181818182,0.553072625698324,0.0,0.0
4,4,3,periodic,31457280,132120576,0.5283203125,1.0,0.7738693467336684,0.541095890410959,0.5423728813559322,0.0,0.0
4,4,3,periodic,33554432,134217728,0.5361328125,1.0,0.8162162162162162,0.5406976744186046,0.5614035087719298,0.0,0.0
4,4,3,periodic,35651584,136314880,0.537109375,1.0,0.7614213197969543,0.5657894736842105,0.6666666666666666,0.0,0.0
4,4,3,periodic,37748736,138412032,0.55078125,1.0,0.8357487922705314,0.6265822784810127,0.5418994413407822,0.0,0.0
4,4,3,periodic,39845888,140509184,0.5361328125,1.0,0.7757575757575758,0.5542168674698795,0.5365853658536586,0.0,0.0
4,4,3,periodic,41943040,142606336,0.5341796875,1.0,0.8210526315789474,0.5180722891566265,0.6022099447513812,0.0,0.0
4,4,3,periodic,44040192,144703488,0.517578125,1.0,0.8285714285714286,0.5657894736842105,0.5340909090909091,0.0,0.0
4,4,3,periodic,46137344,146800640,0.5302734375,1.0,0.7817258883248731,0.5858585858585859,0.6280487804878049,0.0,0.0
4,4,3,periodic,48234496,148897792,0.5537109375,1.0,0.8051282051282052,0.5911949685534591,0.6071428571428571,0.0,0.0
4,4,3,periodic,50331648,150994944,0.5517578125,1.0,0.8341232227488151,0.5469613259668509,0.5625,0.0,0.0
4,4,3,phase_end,50331648,150994944,0.5517578125,1.0,0.8341232227488151,0.5469613259668509,0.5625,0.0,0.0
4,4,4,phase_start,0,150994944,0.390625,0.817258883248731,0.786096256684492,0.30718954248366015,0.2848101265822785,0.0,0.0
4,4,4,periodic,2097152,153092096,0.419921875,0.8138297872340425,0.8423645320197044,0.2980132450331126,0.33516483516483514,0.0,0.0
4,4,4,periodic,4194304,155189248,0.3759765625,0.7964071856287425,0.801980198019802,0.32450331125827814,0.24260355029585798,0.0,0.0
4,4,4,periodic,6291456,157286400,0.4189453125,0.7952380952380952,0.8020833333333334,0.2894736842105263,0.3595505617977528,0.0,0.0
4,4,4,periodic,8388608,159383552,0.4150390625,0.8153846153846154,0.7978723404255319,0.3160919540229885,0.3333333333333333,0.0,0.0
4,4,4,periodic,10485760,161480704,0.419921875,0.8063063063063063,0.8186528497409327,0.2916666666666667,0.2914285714285714,0.0,0.0
4,4,4,periodic,12582912,163577856,0.392578125,0.7760416666666666,0.8020304568527918,0.2756756756756757,0.2953020134228188,0.0,0.0
4,4,4,periodic,14680064,165675008,0.4091796875,0.8203592814371258,0.8325123152709359,0.3236994219653179,0.31666666666666665,0.0,0.0
4,4,4,periodic,16777216,167772160,0.3671875,0.7740112994350282,0.7512953367875648,0.3107344632768362,0.2671232876712329,0.0,0.0
4,4,4,periodic,18874368,169869312,0.4052734375,0.8316326530612245,0.7823834196891192,0.24074074074074073,0.3974358974358974,0.0,0.0
4,4,4,periodic,20971520,171966464,0.396484375,0.7673267326732673,0.796875,0.33783783783783783,0.294478527607362,0.0,0.0
4,4,4,periodic,23068672,174063616,0.3681640625,0.8022598870056498,0.8011363636363636,0.25748502994011974,0.31097560975609756,0.0,0.0
4,4,4,periodic,25165824,176160768,0.404296875,0.8032786885245902,0.8636363636363636,0.30666666666666664,0.31645569620253167,0.0,0.0
4,4,4,periodic,27262976,178257920,0.380859375,0.8181818181818182,0.8121546961325967,0.2742857142857143,0.2602040816326531,0.0,0.0
4,4,4,periodic,29360128,180355072,0.4072265625,0.851063829787234,0.7961165048543689,0.2543352601156069,0.29878048780487804,0.0,0.0
4,4,4,periodic,31457280,182452224,0.396484375,0.8282828282828283,0.7586206896551724,0.2962962962962963,0.3333333333333333,0.0,0.0
4,4,4,periodic,33554432,184549376,0.3720703125,0.788659793814433,0.8187134502923976,0.2727272727272727,0.2754491017964072,0.0,0.0
4,4,4,periodic,35651584,186646528,0.396484375,0.7692307692307693,0.842391304347826,0.29714285714285715,0.2722222222222222,0.0,0.0
4,4,4,periodic,37748736,188743680,0.412109375,0.7548076923076923,0.8029556650246306,0.3271604938271605,0.28488372093023256,0.0,0.0
4,4,4,periodic,39845888,190840832,0.404296875,0.8090452261306532,0.8081395348837209,0.34615384615384615,0.3072289156626506,0.0,0.0
4,4,4,periodic,41943040,192937984,0.3720703125,0.7783783783783784,0.7783783783783784,0.23563218390804597,0.30952380952380953,0.0,0.0
4,4,4,periodic,44040192,195035136,0.4169921875,0.7842105263157895,0.7989949748743719,0.29936305732484075,0.3891891891891892,0.0,0.0
4,4,4,periodic,46137344,197132288,0.3955078125,0.82,0.8181818181818182,0.2981366459627329,0.2916666666666667,0.0,0.0
4,4,4,periodic,48234496,199229440,0.416015625,0.8663101604278075,0.8247422680412371,0.3576158940397351,0.26737967914438504,0.0,0.0
4,4,4,periodic,50331648,201326592,0.38671875,0.7810945273631841,0.8333333333333334,0.2541436464088398,0.2550335570469799,0.0,0.0
4,4,4,phase_end,50331648,201326592,0.38671875,0.7810945273631841,0.8333333333333334,0.2541436464088398,0.2550335570469799,0.0,0.0
16,0,1,phase_start,0,0,0.0390625,0.16666666666666666,0.053691275167785234,0.011363636363636364,0.0,0.0,0.0
16,0,1,periodic,2097152,2097152,0.3310546875,0.7470588235294118,0.5862068965517241,0.358695652173913,0.22818791946308725,0.060240963855421686,0.0
16,0,1,periodic,4194304,4194304,0.369140625,0.755,0.6051282051282051,0.3468208092485549,0.2483221476510067,0.07317073170731707,0.0
16,0,1,periodic,6291456,6291456,0.3408203125,0.7934782608695652,0.5934065934065934,0.3048128342245989,0.17105263157894737,0.07058823529411765,0.0
16,0,1,periodic,8388608,8388608,0.3369140625,0.7802197802197802,0.5575757575757576,0.36363636363636365,0.22023809523809523,0.09032258064516129,0.0
16,0,1,periodic,10485760,10485760,0.3447265625,0.6785714285714286,0.5868263473053892,0.43703703703703706,0.29508196721311475,0.04945054945054945,0.0
16,0,1,periodic,12582912,12582912,0.35546875,0.745945945945946,0.6120218579234973,0.3620689655172414,0.2716049382716049,0.041666666666666664,0.0
16,0,1,periodic,14680064,14680064,0.38671875,0.7360406091370558,0.7052023121387283,0.3941176470588235,0.30113636363636365,0.0661764705882353,0.0
16,0,1,periodic,16777216,16777216,0.3701171875,0.7524752475247525,0.6182795698924731,0.3058823529411765,0.25625,0.1357142857142857,0.0
16,0,1,periodic,18874368,18874368,0.3671875,0.7422680412371134,0.6910112359550562,0.30625,0.2346368715083799,0.11464968152866242,0.0
16,0,1,periodic,20971520,20971520,0.3515625,0.7325581395348837,0.580110497237569,0.4263157894736842,0.23030303030303031,0.06493506493506493,0.0
16,0,1,periodic,23068672,23068672,0.3466796875,0.7526315789473684,0.7006802721088435,0.2988505747126437,0.2275132275132275,0.08484848484848485,0.0
16,0,1,periodic,25165824,25165824,0.34375,0.7133757961783439,0.6047619047619047,0.3431952662721893,0.23170731707317074,0.10429447852760736,0.0
16,0,1,periodic,27262976,27262976,0.359375,0.8118279569892473,0.6666666666666666,0.31137724550898205,0.19161676646706588,0.07586206896551724,0.0
16,0,1,periodic,29360128,29360128,0.376953125,0.7823834196891192,0.6336633663366337,0.3081761006289308,0.25,0.10828025477707007,0.0
16,0,1,periodic,31457280,31457280,0.3251953125,0.7754010695187166,0.5632911392405063,0.3485714285714286,0.20754716981132076,0.029069767441860465,0.0
16,0,1,periodic,33554432,33554432,0.369140625,0.732620320855615,0.5870646766169154,0.3697916666666667,0.26011560693641617,0.056910569105691054,0.0
16,0,1,periodic,35651584,35651584,0.33203125,0.7215909090909091,0.6111111111111112,0.3082191780821918,0.21428571428571427,0.06358381502890173,0.0
16,0,1,periodic,37748736,37748736,0.3740234375,0.7596153846153846,0.5913978494623656,0.34545454545454546,0.25,0.10666666666666667,0.0
16,0,1,periodic,39845888,39845888,0.361328125,0.7512953367875648,0.6078431372549019,0.3651685393258427,0.17985611510791366,0.06832298136645963,0.0
16,0,1,periodic,41943040,41943040,0.318359375,0.710691823899371,0.6079545454545454,0.3595505617977528,0.21084337349397592,0.044585987261146494,0.0
16,0,1,periodic,44040192,44040192,0.37109375,0.7521739130434782,0.5977011494252874,0.375,0.22839506172839505,0.03636363636363636,0.0
16,0,1,periodic,46137344,46137344,0.3232421875,0.679144385026738,0.6226415094339622,0.3016759776536313,0.20987654320987653,0.10119047619047619,0.0
16,0,1,periodic,48234496,48234496,0.357421875,0.7772020725388601,0.5487179487179488,0.3485714285714286,0.24528301886792453,0.05844155844155844,0.0
16,0,1,periodic,50331648,50331648,0.3583984375,0.7624309392265194,0.5978835978835979,0.3695652173913043,0.2057142857142857,0.08108108108108109,0.0
16,0,1,phase_end,50331648,50331648,0.3583984375,0.7624309392265194,0.5978835978835979,0.3695652173913043,0.2057142857142857,0.08108108108108109,0.0
16,0,2,phase_start,0,50331648,0.5126953125,0.9463414634146341,0.7663043478260869,0.5977653631284916,0.2913907284768212,0.23636363636363636,0.0
16,0,2,periodic,2097152,52428800,0.5078125,0.9543147208121827,0.8055555555555556,0.5808080808080808,0.20689655172413793,0.2692307692307692,0.0
16,0,2,periodic,4194304,54525952,0.51171875,0.9655172413793104,0.7848837209302325,0.5363128491620112,0.208955223880597,0.2808219178082192,0.0
16,0,2,periodic,6291456,56623104,0.52734375,0.937799043062201,0.813953488372093,0.6230366492146597,0.2413793103448276,0.29239766081871343,0.0
16,0,2,periodic,8388608,58720256,0.537109375,0.9674418604651163,0.7918552036199095,0.6211180124223602,0.19858156028368795,0.29770992366412213,0.0
16,0,2,periodic,10485760,60817408,0.51171875,0.9608938547486033,0.7920792079207921,0.5675675675675675,0.3063583815028902,0.22077922077922077,0.0
16,0,2,periodic,12582912,62914560,0.517578125,0.9509803921568627,0.7632850241545893,0.5469613259668509,0.25165562913907286,0.2867132867132867,0.0
16,0,2,periodic,14680064,65011712,0.5283203125,0.9711538461538461,0.8168316831683168,0.6234567901234568,0.21518987341772153,0.24375,0.0
16,0,2,periodic,16777216,67108864,0.513671875,0.9324324324324325,0.8391959798994975,0.5359477124183006,0.25316455696202533,0.19736842105263158,0.0
16,0,2,periodic,18874368,69206016,0.525390625,0.967391304347826,0.7843137254901961,0.5685279187817259,0.27388535031847133,0.27607361963190186,0.0
16,0,2,periodic,20971520,71303168,0.4931640625,0.9411764705882353,0.8051282051282052,0.6071428571428571,0.17880794701986755,0.26380368098159507,0.0
16,0,2,periodic,23068672,73400320,0.5205078125,0.9330143540669856,0.7942583732057417,0.625,0.2709677419354839,0.176056338028169,0.0
16,0,2,periodic,25165824,75497472,0.5146484375,0.9690721649484536,0.8360655737704918,0.5416666666666666,0.2564102564102564,0.26582278481012656,0.0
16,0,2,periodic,27262976,77594624,0.50390625,0.9597701149425287,0.7967914438502673,0.5970873786407767,0.22839506172839505,0.2962962962962963,0.0
16,0,2,periodic,29360128,79691776,0.5087890625,0.965,0.8172043010752689,0.5297297297297298,0.2206896551724138,0.24864864864864866,0.0
16,0,2,periodic,31457280,81788928,0.5146484375,0.9538461538461539,0.8029556650246306,0.5764705882352941,0.2517482517482518,0.2875816993464052,0.0
16,0,2,periodic,33554432,83886080,0.5126953125,0.9689119170984456,0.8010471204188482,0.5670731707317073,0.2787878787878788,0.2658959537572254,0.0
16,0,2,periodic,35651584,85983232,0.5048828125,0.9603960396039604,0.8275862068965517,0.5483870967741935,0.24861878453038674,0.21768707482993196,0.0
16,0,2,periodic,37748736,88080384,0.521484375,0.9433962264150944,0.8225806451612904,0.5911602209944752,0.2558139534883721,0.22388059701492538,0.0
16,0,2,periodic,39845888,90177536,0.5224609375,0.9392523364485982,0.8296703296703297,0.6063829787234043,0.21678321678321677,0.24675324675324675,0.0
16,0,2,periodic,41943040,92274688,0.513671875,0.9488372093023256,0.8070175438596491,0.5714285714285714,0.2905405405405405,0.2662337662337662,0.0
16,0,2,periodic,44040192,94371840,0.51171875,0.9629629629629629,0.7914438502673797,0.6096256684491979,0.24858757062146894,0.2465753424657534,0.0
16,0,2,periodic,46137344,96468992,0.517578125,0.9528795811518325,0.8226600985221675,0.5614035087719298,0.302158273381295,0.26380368098159507,0.0
16,0,2,periodic,48234496,98566144,0.5224609375,0.9296482412060302,0.8159203980099502,0.5824742268041238,0.23776223776223776,0.2549019607843137,0.0
16,0,2,periodic,50331648,100663296,0.509765625,0.9389671361502347,0.796875,0.5393939393939394,0.21935483870967742,0.3108108108108108,0.0
16,0,2,phase_end,50331648,100663296,0.509765625,0.9389671361502347,0.796875,0.5393939393939394,0.21935483870967742,0.3108108108108108,0.0
16,0,3,phase_start,0,100663296,0.5107421875,0.9568965517241379,0.7619047619047619,0.6568047337278107,0.3087248322147651,0.0,0.0
16,0,3,periodic,2097152,102760448,0.474609375,0.9436619718309859,0.7650602409638554,0.6134020618556701,0.23353293413173654,0.0,0.0
16,0,3,periodic,4194304,104857600,0.5146484375,0.9576271186440678,0.712707182320442,0.6384180790960452,0.3933333333333333,0.0,0.0
16,0,3,periodic,6291456,106954752,0.5009765625,0.9633507853403142,0.8046511627906977,0.5642458100558659,0.3716216216216216,0.0,0.0
16,0,3,periodic,8388608,109051904,0.4609375,0.9319371727748691,0.7604166666666666,0.5114942528735632,0.3710691823899371,0.0,0.0
16,0,3,periodic,10485760,111149056,0.4619140625,0.9560975609756097,0.7283236994219653,0.5911602209944752,0.2894736842105263,0.0,0.0
16,0,3,periodic,12582912,113246208,0.4560546875,0.9414634146341463,0.6741573033707865,0.5706521739130435,0.296969696969697,0.0,0.0
16,0,3,periodic,14680064,115343360,0.5087890625,0.9758454106280193,0.805,0.6075268817204301,0.28662420382165604,0.0,0.0
16,0,3,periodic,16777216,117440512,0.40234375,0.9289617486338798,0.7212121212121212,0.5094339622641509,0.2545454545454545,0.0,0.0
16,0,3,periodic,18874368,119537664,0.4892578125,0.9605911330049262,0.7461928934010152,0.6206896551724138,0.29310344827586204,0.0,0.0
16,0,3,periodic,20971520,121634816,0.486328125,0.9490740740740741,0.8076923076923077,0.5977011494252874,0.26582278481012656,0.0,0.0
16,0,3,periodic,23068672,123731968,0.4521484375,0.9464285714285714,0.7421052631578947,0.5754189944134078,0.3409090909090909,0.0,0.0
16,0,3,periodic,25165824,125829120,0.4638671875,0.919431279620853,0.7821229050279329,0.4891304347826087,0.30357142857142855,0.0,0.0
16,0,3,periodic,27262976,127926272,0.48828125,0.964824120603015,0.7631578947368421,0.5846994535519126,0.34355828220858897,0.0,0.0
16,0,3,periodic,29360128,130023424,0.5068359375,0.9817351598173516,0.7524752475247525,0.6206896551724138,0.2913907284768212,0.0,0.0
16,0,3,periodic,31457280,132120576,0.490234375,0.9655172413793104,0.7121212121212122,0.659217877094972,0.3263888888888889,0.0,0.0
16,0,3,periodic,33554432,134217728,0.505859375,0.9516908212560387,0.8206521739130435,0.5898876404494382,0.3651685393258427,0.0,0.0
16,0,3,periodic,35651584,136314880,0.5009765625,0.9248826291079812,0.8235294117647058,0.5439560439560439,0.3795180722891566,0.0,0.0
16,0,3,periodic,37748736,138412032,0.5029296875,0.9732142857142857,0.8192090395480226,0.575,0.36585365853658536,0.0,0.0
16,0,3,periodic,39845888,140509184,0.5048828125,0.9691629955947136,0.7734806629834254,0.5806451612903226,0.3872832369942196,0.0,0.0
16,0,3,periodic,41943040,142606336,0.466796875,0.934010152284264,0.755,0.5240963855421686,0.34146341463414637,0.0,0.0
16,0,3,periodic,44040192,144703488,0.5,0.9605911330049262,0.7722222222222223,0.6082474226804123,0.38961038961038963,0.0,0.0
16,0,3,periodic,46137344,146800640,0.5029296875,0.9780701754385965,0.7803468208092486,0.6117021276595744,0.3157894736842105,0.0,0.0
16,0,3,periodic,48234496,148897792,0.4716796875,0.9738219895287958,0.7891891891891892,0.5531914893617021,0.29559748427672955,0.0,0.0
16,0,3,periodic,50331648,150994944,0.4814453125,0.9759615384615384,0.7802197802197802,0.5738636363636364,0.26704545454545453,0.0,0.0
16,0,3,phase_end,50331648,150994944,0.4814453125,0.9759615384615384,0.7802197802197802,0.5738636363636364,0.26704545454545453,0.0,0.0
16,0,4,phase_start,0,150994944,0.3232421875,0.6892655367231638,0.601123595505618,0.40963855421686746,0.15789473684210525,0.06060606060606061,0.0
16,0,4,periodic,2097152,153092096,0.33984375,0.7158469945355191,0.5348837209302325,0.4,0.2185430463576159,0.08641975308641975,0.0
16,0,4,periodic,4194304,155189248,0.3330078125,0.6616161616161617,0.5894736842105263,0.35443037974683544,0.17365269461077845,0.08227848101265822,0.0
16,0,4,periodic,6291456,157286400,0.3046875,0.6149425287356322,0.5524861878453039,0.34705882352941175,0.2088607594936709,0.07222222222222222,0.0
16,0,4,periodic,8388608,159383552,0.33203125,0.718562874251497,0.5473684210526316,0.39204545454545453,0.18285714285714286,0.09316770186335403,0.0
16,0,4,periodic,10485760,161480704,0.31640625,0.7241379310344828,0.45,0.3463687150837989,0.24561403508771928,0.09027777777777778,0.0
16,0,4,periodic,12582912,163577856,0.3115234375,0.6557377049180327,0.5053763440860215,0.3192771084337349,0.22674418604651161,0.08666666666666667,0.0
16,0,4,periodic,14680064,165675008,0.3466796875,0.7,0.56875,0.4065934065934066,0.2125,0.10526315789473684,0.0
16,0,4,periodic,16777216,167772160,0.3076171875,0.6534090909090909,0.5434782608695652,0.3719512195121951,0.1781609195402299,0.046511627906976744,0.0
16,0,4,periodic,18874368,169869312,0.310546875,0.6871794871794872,0.5256410256410257,0.35294117647058826,0.2125,0.04878048780487805,0.0
16,0,4,periodic,20971520,171966464,0.3134765625,0.7303370786516854,0.49162011173184356,0.3532934131736527,0.17006802721088435,0.11046511627906977,0.0
16,0,4,periodic,23068672,174063616,0.326171875,0.7283236994219653,0.574585635359116,0.3448275862068966,0.20245398773006135,0.059782608695652176,0.0
16,0,4,periodic,25165824,176160768,0.302734375,0.6256684491978609,0.5882352941176471,0.3076923076923077,0.16666666666666666,0.07142857142857142,0.0
16,0,4,periodic,27262976,178257920,0.3271484375,0.6839378238341969,0.6129032258064516,0.3333333333333333,0.16071428571428573,0.09195402298850575,0.0
16,0,4,periodic,29360128,180355072,0.310546875,0.6464088397790055,0.5615763546798029,0.3181818181818182,0.18633540372670807,0.05228758169934641,0.0
16,0,4,periodic,31457280,182452224,0.3212890625,0.6306818181818182,0.5675675675675675,0.3275862068965517,0.22826086956521738,0.09859154929577464,0.0
16,0,4,periodic,33554432,184549376,0.3046875,0.6703296703296703,0.5030674846625767,0.3118279569892473,0.27450980392156865,0.04790419161676647,0.0
16,0,4,periodic,35651584,186646528,0.328125,0.675392670157068,0.6107784431137725,0.3352272727272727,0.1945945945945946,0.06802721088435375,0.0
16,0,4,periodic,37748736,188743680,0.318359375,0.654320987654321,0.5707070707070707,0.3651685393258427,0.1746987951807229,0.08783783783783784,0.0
16,0,4,periodic,39845888,190840832,0.326171875,0.6467065868263473,0.5177664974619289,0.32954545454545453,0.2956989247311828,0.07236842105263158,0.0
16,0,4,periodic,41943040,192937984,0.3212890625,0.7061855670103093,0.5502958579881657,0.25274725274725274,0.25316455696202533,0.08227848101265822,0.0
16,0,4,periodic,44040192,195035136,0.32421875,0.7021276595744681,0.48255813953488375,0.422360248447205,0.22424242424242424,0.07142857142857142,0.0
16,0,4,periodic,46137344,197132288,0.3125,0.6627906976744186,0.4898989898989899,0.37349397590361444,0.2229299363057325,0.06857142857142857,0.0
16,0,4,periodic,48234496,199229440,0.30859375,0.6544502617801047,0.52046783625731,0.3765432098765432,0.19298245614035087,0.047058823529411764,0.0
16,0,4,periodic,50331648,201326592,0.3212890625,0.6421052631578947,0.5384615384615384,0.3508771929824561,0.29012345679012347,0.052941176470588235,0.0
16,0,4,phase_end,50331648,201326592,0.3212890625,0.6421052631578947,0.5384615384615384,0.3508771929824561,0.29012345679012347,0.052941176470588235,0.0
16,1,1,phase_start,0,0,0.0263671875,0.12781954887218044,0.047058823529411764,0.006060606060606061,0.0055248618784530384,0.0,0.0
16,1,1,periodic,2097152,2097152,0.3271484375,0.7771428571428571,0.6023391812865497,0.3435897435897436,0.14102564102564102,0.04216867469879518,0.0
16,1,1,periodic,4194304,4194304,0.3369140625,0.7295918367346939,0.5620915032679739,0.31137724550898205,0.28804347826086957,0.0728476821192053,0.0
16,1,1,periodic,6291456,6291456,0.333984375,0.7166666666666667,0.5862068965517241,0.3425414364640884,0.24675324675324675,0.06707317073170732,0.0
16,1,1,periodic,8388608,8388608,0.3427734375,0.735632183908046,0.595,0.34415584415584416,0.24022346368715083,0.053691275167785234,0.0
16,1,1,periodic,10485760,10485760,0.333984375,0.7672955974842768,0.6270270270270271,0.3390804597701149,0.2,0.06666666666666667,0.0
16,1,1,periodic,12582912,12582912,0.3525390625,0.712707182320442,0.6526315789473685,0.3723404255319149,0.18471337579617833,0.055900621118012424,0.0
16,1,1,periodic,14680064,14680064,0.3388671875,0.6631016042780749,0.6521739130434783,0.3888888888888889,0.1977401129943503,0.09848484848484848,0.0
16,1,1,periodic,16777216,16777216,0.3603515625,0.7777777777777778,0.6932515337423313,0.3373493975903614,0.22598870056497175,0.08496732026143791,0.0
16,1,1,periodic,18874368,18874368,0.33203125,0.7068062827225131,0.6011560693641619,0.3246753246753247,0.20320855614973263,0.08496732026143791,0.0
16,1,1,periodic,20971520,20971520,0.373046875,0.7684210526315789,0.6081871345029239,0.44047619047619047,0.27218934911242604,0.07017543859649122,0.0
16,1,1,periodic,23068672,23068672,0.376953125,0.7759562841530054,0.6368715083798883,0.3804878048780488,0.22981366459627328,0.09740259740259741,0.0
16,1,1,periodic,25165824,25165824,0.36328125,0.7643979057591623,0.6369047619047619,0.39285714285714285,0.24444444444444444,0.05389221556886228,0.0
16,1,1,periodic,27262976,27262976,0.3310546875,0.6858638743455497,0.6257309941520468,0.30994152046783624,0.2033898305084746,0.07692307692307693,0.0
16,1,1,periodic,29360128,29360128,0.341796875,0.6827956989247311,0.5879120879120879,0.37790697674418605,0.20754716981132076,0.11042944785276074,0.0
16,1,1,periodic,31457280,31457280,0.3232421875,0.7243243243243244,0.5783783783783784,0.302158273381295,0.23030303030303031,0.056818181818181816,0.0
16,1,1,periodic,33554432,33554432,0.3212890625,0.7219251336898396,0.5389221556886228,0.3313253012048193,0.2,0.08125,0.0
16,1,1,periodic,35651584,35651584,0.3408203125,0.7547169811320755,0.6578947368421053,0.37423312883435583,0.1813186813186813,0.057803468208092484,0.0
16,1,1,periodic,37748736,37748736,0.3525390625,0.6927374301675978,0.6132075471698113,0.4044943820224719,0.18181818181818182,0.04430379746835443,0.0
16,1,1,periodic,39845888,39845888,0.30859375,0.7317073170731707,0.6111111111111112,0.25862068965517243,0.18435754189944134,0.10555555555555556,0.0
16,1,1,periodic,41943040,41943040,0.3232421875,0.6881188118811881,0.56,0.36129032258064514,0.19863013698630136,0.05660377358490566,0.0
16,1,1,periodic,44040192,44040192,0.328125,0.6942675159235668,0.5833333333333334,0.35135135135135137,0.28350515463917525,0.05263157894736842,0.0
16,1,1,periodic,46137344,46137344,0.306640625,0.7967914438502673,0.5277777777777778,0.20394736842105263,0.1853932584269663,0.0335195530726257,0.0
16,1,1,periodic,48234496,48234496,0.3818359375,0.7892156862745098,0.6994535519125683,0.35526315789473684,0.23270440251572327,0.06875,0.0
16,1,1,periodic,50331648,50331648,0.3369140625,0.7555555555555555,0.6781609195402298,0.2543352601156069,0.19662921348314608,0.07947019867549669,0.0
16,1,1,phase_end,50331648,50331648,0.3369140625,0.7555555555555555,0.6781609195402298,0.2543352601156069,0.19662921348314608,0.07947019867549669,0.0
16,1,2,phase_start,0,50331648,0.5302734375,0.9354838709677419,0.7921348314606742,0.6145251396648045,0.2645161290322581,0.3096774193548387,0.0
16,1,2,periodic,2097152,52428800,0.49609375,0.9390862944162437,0.770949720670391,0.5891891891891892,0.267515923566879,0.22666666666666666,0.0
16,1,2,periodic,4194304,54525952,0.5146484375,0.9512195121951219,0.7692307692307693,0.5879120879120879,0.28104575163398693,0.20915032679738563,0.0
16,1,2,periodic,6291456,56623104,0.509765625,0.9434782608695652,0.8353658536585366,0.5662650602409639,0.2215909090909091,0.23809523809523808,0.0
16,1,2,periodic,8388608,58720256,0.5234375,0.9310344827586207,0.8177083333333334,0.5945945945945946,0.2085889570552147,0.2929936305732484,0.0
16,1,2,periodic,10485760,60817408,0.513671875,0.9658536585365853,0.7849462365591398,0.5964912280701754,0.20430107526881722,0.2857142857142857,0.0
16,1,2,periodic,12582912,62914560,0.521484375,0.9587628865979382,0.795,0.6256684491978609,0.23030303030303031,0.2361111111111111,0.0
16,1,2,periodic,14680064,65011712,0.5283203125,0.9441860465116279,0.7857142857142857,0.6242774566473989,0.28313253012048195,0.19078947368421054,0.0
16,1,2,periodic,16777216,67108864,0.517578125,0.9656862745098039,0.8235294117647058,0.5721925133689839,0.20481927710843373,0.2814814814814815,0.0
16,1,2,periodic,18874368,69206016,0.55078125,0.9626168224299065,0.7857142857142857,0.5882352941176471,0.2645161290322581,0.33548387096774196,0.0
16,1,2,periodic,20971520,71303168,0.5244140625,0.9731182795698925,0.813953488372093,0.578125,0.24390243902439024,0.22727272727272727,0.0
16,1,2,periodic,23068672,73400320,0.509765625,0.9726027397260274,0.8035714285714286,0.5789473684210527,0.20408163265306123,0.2647058823529412,0.0
16,1,2,periodic,25165824,75497472,0.5166015625,0.9563106796116505,0.8516483516483516,0.6306818181818182,0.21794871794871795,0.1871345029239766,0.0
16,1,2,periodic,27262976,77594624,0.521484375,0.9552238805970149,0.8571428571428571,0.6031746031746031,0.22727272727272727,0.27564102564102566,0.0
16,1,2,periodic,29360128,79691776,0.5146484375,0.9396984924623115,0.8166666666666667,0.6153846153846154,0.24183006535947713,0.24,0.0
16,1,2,periodic,31457280,81788928,0.5302734375,0.963302752293578,0.7880434782608695,0.6033519553072626,0.28104575163398693,0.2605633802816901,0.0
16,1,2,periodic,33554432,83886080,0.505859375,0.955,0.7673267326732673,0.5853658536585366,0.23026315789473684,0.2342857142857143,0.0
16,1,2,periodic,35651584,85983232,0.5107421875,0.946236559139785,0.8138297872340425,0.6353591160220995,0.20606060606060606,0.2777777777777778,0.0
16,1,2,periodic,37748736,88080384,0.5029296875,0.9649122807017544,0.7471910112359551,0.521978021978022,0.23225806451612904,0.20394736842105263,0.0
16,1,2,periodic,39845888,90177536,0.5107421875,0.9509803921568627,0.7591623036649214,0.5524861878453039,0.23529411764705882,0.2857142857142857,0.0
16,1,2,periodic,41943040,92274688,0.5244140625,0.9348837209302325,0.7757009345794392,0.5515151515151515,0.22972972972972974,0.3103448275862069,0.0
16,1,2,periodic,44040192,94371840,0.51171875,0.95,0.8407960199004975,0.5688622754491018,0.21176470588235294,0.21518987341772153,0.0
16,1,2,periodic,46137344,96468992,0.5341796875,0.9483568075117371,0.8442211055276382,0.5683060109289617,0.26865671641791045,0.24025974025974026,0.0
16,1,2,periodic,48234496,98566144,0.513671875,0.9277777777777778,0.875,0.6146341463414634,0.2206896551724138,0.2684563758389262,0.0
16,1,2,periodic,50331648,100663296,0.513671875,0.9569377990430622,0.8052631578947368,0.6181818181818182,0.18128654970760233,0.2898550724637681,0.0
16,1,2,phase_end,50331648,100663296,0.513671875,0.9569377990430622,0.8052631578947368,0.6181818181818182,0.18128654970760233,0.2898550724637681,0.0
16,1,3,phase_start,0,100663296,0.5029296875,0.95,0.7794871794871795,0.6547619047619048,0.38650306748466257,0.0,0.0
16,1,3,periodic,2097152,102760448,0.478515625,0.9603960396039604,0.7536945812807881,0.4895833333333333,0.33793103448275863,0.0,0.0
16,1,3,periodic,4194304,104857600,0.427734375,0.958974358974359,0.6792452830188679,0.5433526011560693,0.3006134969325153,0.0,0.0
16,1,3,periodic,6291456,106954752,0.4716796875,0.9303482587064676,0.746268656716418,0.5469613259668509,0.2919254658385093,0.0,0.0
16,1,3,periodic,8388608,109051904,0.458984375,0.9518716577540107,0.7213114754098361,0.553763440860215,0.3392857142857143,0.0,0.0
16,1,3,periodic,10485760,111149056,0.4912109375,0.9752475247524752,0.7731958762886598,0.6120218579234973,0.3076923076923077,0.0,0.0
16,1,3,periodic,12582912,113246208,0.458984375,0.9390243902439024,0.8165680473372781,0.6210526315789474,0.2926829268292683,0.0,0.0
16,1,3,periodic,14680064,115343360,0.48828125,0.9733333333333334,0.7593582887700535,0.569620253164557,0.28994082840236685,0.0,0.0
16,1,3,periodic,16777216,117440512,0.482421875,0.9530516431924883,0.7567567567567568,0.553072625698324,0.3291139240506329,0.0,0.0
16,1,3,periodic,18874368,119537664,0.44921875,0.9735449735449735,0.6910994764397905,0.5411764705882353,0.32098765432098764,0.0,0.0
16,1,3,periodic,20971520,121634816,0.50390625,0.9495412844036697,0.7766990291262136,0.6198830409356725,0.2721518987341772,0.0,0.0
16,1,3,periodic,23068672,123731968,0.5068359375,0.9494949494949495,0.7649769585253456,0.5752688172043011,0.36942675159235666,0.0,0.0
16,1,3,periodic,25165824,125829120,0.5029296875,0.9615384615384616,0.7204301075268817,0.5476190476190477,0.378698224852071,0.0,0.0
16,1,3,periodic,27262976,127926272,0.50390625,0.9531914893617022,0.7679558011049724,0.5748502994011976,0.35403726708074534,0.0,0.0
16,1,3,periodic,29360128,130023424,0.466796875,0.9471153846153846,0.7210526315789474,0.5697674418604651,0.2787878787878788,0.0,0.0
16,1,3,periodic,31457280,132120576,0.44921875,0.9444444444444444,0.7283236994219653,0.5473684210526316,0.2866666666666667,0.0,0.0
16,1,3,periodic,33554432,134217728,0.4931640625,0.9420289855072463,0.7910447761194029,0.6035502958579881,0.30246913580246915,0.0,0.0
16,1,3,periodic,35651584,136314880,0.4794921875,0.9530516431924883,0.7303370786516854,0.5780346820809249,0.3473053892215569,0.0,0.0
16,1,3,periodic,37748736,138412032,0.5,0.9481132075471698,0.7808988764044944,0.6052631578947368,0.35403726708074534,0.0,0.0
16,1,3,periodic,39845888,140509184,0.4951171875,0.9575471698113207,0.8055555555555556,0.6022099447513812,0.32894736842105265,0.0,0.0
16,1,3,periodic,41943040,142606336,0.5029296875,0.9575471698113207,0.7704081632653061,0.6625766871165644,0.34868421052631576,0.0,0.0
16,1,3,periodic,44040192,144703488,0.458984375,0.9414634146341463,0.7401129943502824,0.5142857142857142,0.3218390804597701,0.0,0.0
16,1,3,periodic,46137344,146800640,0.50390625,0.9813084112149533,0.7979274611398963,0.5666666666666667,0.33112582781456956,0.0,0.0
16,1,3,periodic,48234496,148897792,0.4296875,0.9203980099502488,0.7300613496932515,0.5384615384615384,0.24836601307189543,0.0,0.0
16,1,3,periodic,50331648,150994944,0.484375,0.9615384615384616,0.8023952095808383,0.6420454545454546,0.33793103448275863,0.0,0.0
16,1,3,phase_end,50331648,150994944,0.484375,0.9615384615384616,0.8023952095808383,0.6420454545454546,0.33793103448275863,0.0,0.0
16,1,4,phase_start,0,150994944,0.3349609375,0.6198830409356725,0.5806451612903226,0.4074074074074074,0.24203821656050956,0.0880503144654088,0.0
16,1,4,periodic,2097152,153092096,0.30859375,0.6703910614525139,0.5055555555555555,0.3672316384180791,0.189873417721519,0.0625,0.0
16,1,4,periodic,4194304,155189248,0.3193359375,0.6205128205128205,0.5906432748538012,0.3411764705882353,0.22784810126582278,0.07142857142857142,0.0
16,1,4,periodic,6291456,157286400,0.3388671875,0.6512820512820513,0.5645161290322581,0.3696969696969697,0.24175824175824176,0.06622516556291391,0.0
16,1,4,periodic,8388608,159383552,0.3583984375,0.7486910994764397,0.5591397849462365,0.42038216560509556,0.2608695652173913,0.075,0.0
16,1,4,periodic,10485760,161480704,0.330078125,0.6954022988505747,0.5489130434782609,0.43373493975903615,0.19014084507042253,0.09239130434782608,0.0
16,1,4,periodic,12582912,163577856,0.3369140625,0.7204301075268817,0.5561497326203209,0.36312849162011174,0.20481927710843373,0.050314465408805034,0.0
16,1,4,periodic,14680064,165675008,0.3095703125,0.6978021978021978,0.515625,0.33544303797468356,0.175,0.05952380952380952,0.0
16,1,4,periodic,16777216,167772160,0.3125,0.6802030456852792,0.5454545454545454,0.2981366459627329,0.18128654970760233,0.07333333333333333,0.0
16,1,4,periodic,18874368,169869312,0.296875,0.6237623762376238,0.4935064935064935,0.3048128342245989,0.1962025316455696,0.08433734939759036,0.0
16,1,4,periodic,20971520,171966464,0.314453125,0.6547619047619048,0.5606936416184971,0.34831460674157305,0.24277456647398843,0.07333333333333333,0.0
16,1,4,periodic,23068672,174063616,0.3115234375,0.6521739130434783,0.503030303030303,0.34444444444444444,0.2638888888888889,0.08421052631578947,0.0
16,1,4,periodic,25165824,176160768,0.3701171875,0.7169811320754716,0.5617977528089888,0.4723926380368098,0.2275449101796407,0.07547169811320754,0.0
16,1,4,periodic,27262976,178257920,0.30078125,0.6436781609195402,0.5052631578947369,0.3469387755102041,0.20320855614973263,0.07006369426751592,0.0
16,1,4,periodic,29360128,180355072,0.3271484375,0.6871508379888268,0.5823529411764706,0.3765432098765432,0.2571428571428571,0.0440251572327044,0.0
16,1,4,periodic,31457280,182452224,0.33984375,0.7193877551020408,0.5672514619883041,0.3717948717948718,0.2111801242236025,0.0989010989010989,0.0
16,1,4,periodic,33554432,184549376,0.341796875,0.6632653061224489,0.5418994413407822,0.3351063829787234,0.27058823529411763,0.1044776119402985,0.0
16,1,4,periodic,35651584,186646528,0.3203125,0.6666666666666666,0.4752475247524752,0.4107142857142857,0.21468926553672316,0.05521472392638037,0.0
16,1,4,periodic,37748736,188743680,0.30859375,0.6666666666666666,0.4970414201183432,0.3503184713375796,0.18857142857142858,0.06818181818181818,0.0
16,1,4,periodic,39845888,190840832,0.328125,0.654054054054054,0.6067415730337079,0.35502958579881655,0.24375,0.04790419161676647,0.0
16,1,4,periodic,41943040,192937984,0.3212890625,0.6009852216748769,0.5411764705882353,0.436241610738255,0.21604938271604937,0.0872093023255814,0.0
16,1,4,periodic,44040192,195035136,0.30078125,0.6236559139784946,0.5573770491803278,0.33098591549295775,0.16483516483516483,0.07344632768361582,0.0
16,1,4,periodic,46137344,197132288,0.298828125,0.5927835051546392,0.5301204819277109,0.3687150837988827,0.12269938650306748,0.09714285714285714,0.0
16,1,4,periodic,48234496,199229440,0.328125,0.6785714285714286,0.5816326530612245,0.3815028901734104,0.17682926829268292,0.08227848101265822,0.0
16,1,4,periodic,50331648,201326592,0.314453125,0.6344086021505376,0.5286624203821656,0.3736842105263158,0.21604938271604937,0.08620689655172414,0.0
16,1,4,phase_end,50331648,201326592,0.314453125,0.6344086021505376,0.5286624203821656,0.3736842105263158,0.21604938271604937,0.08620689655172414,0.0
16,2,1,phase_start,0,0,0.03515625,0.14201183431952663,0.05732484076433121,0.011627906976744186,0.00641025641025641,0.0,0.0
16,2,1,periodic,2097152,2097152,0.0,0.0,0.0,0.0,0.0,0.0,0.0
16,2,1,periodic,4194304,4194304,0.0,0.0,0.0,0.0,0.0,0.0,0.0
16,2,1,periodic,6291456,6291456,0.0,0.0,0.0,0.0,0.0,0.0,0.0
16,2,1,periodic,8388608,8388608,0.0,0.0,0.0,0.0,0.0,0.0,0.0
16,2,1,periodic,10485760,10485760,0.0,0.0,0.0,0.0,0.0,0.0,0.0
16,2,1,periodic,12582912,12582912,0.0,0.0,0.0,0.0,0.0,0.0,0.0
16,2,1,periodic,14680064,14680064,0.0078125,0.03954802259887006,0.0,0.0,0.0,0.0058823529411764705,0.0
16,2,1,periodic,16777216,16777216,0.0,0.0,0.0,0.0,0.0,0.0,0.0
16,2,1,periodic,18874368,18874368,0.0,0.0,0.0,0.0,0.0,0.0,0.0
16,2,1,periodic,20971520,20971520,0.0,0.0,0.0,0.0,0.0,0.0,0.0
16,2,1,periodic,23068672,23068672,0.0,0.0,0.0,0.0,0.0,0.0,0.0
16,2,1,periodic,25165824,25165824,0.0,0.0,0.0,0.0,0.0,0.0,0.0
16,2,1,periodic,27262976,27262976,0.0,0.0,0.0,0.0,0.0,0.0,0.0
16,2,1,periodic,29360128,29360128,0.0,0.0,0.0,0.0,0.0,0.0,0.0
16,2,1,periodic,31457280,31457280,0.0,0.0,0.0,0.0,0.0,0.0,0.0
16,2,1,periodic,33554432,33554432,0.0,0.0,0.0,0.0,0.0,0.0,0.0
16,2,1,periodic,35651584,35651584,0.0,0.0,0.0,0.0,0.0,0.0,0.0
16,2,1,periodic,37748736,37748736,0.0,0.0,0.0,0.0,0.0,0.0,0.0
16,2,1,periodic,39845888,39845888,0.0,0.0,0.0,0.0,0.0,0.0,0.0
16,2,1,periodic,41943040,41943040,0.0,0.0,0.0,0.0,0.0,0.0,0.0
16,2,1,periodic,44040192,44040192,0.0,0.0,0.0,0.0,0.0,0.0,0.0
16,2,1,periodic,46137344,46137344,0.0,0.0,0.0,0.0,0.0,0.0,0.0
16,2,1,periodic,48234496,48234496,0.0,0.0,0.0,0.0,0.0,0.0,0.0
16,2,1,periodic,50331648,50331648,0.0,0.0,0.0,0.0,0.0,0.0,0.0
16,2,1,phase_end,50331648,50331648,0.0,0.0,0.0,0.0,0.0,0.0,0.0
16,2,2,phase_start,0,50331648,0.0,0.0,0.0,0.0,0.0,0.0,0.0
16,2,2,periodic,2097152,52428800,0.0,0.0,0.0,0.0,0.0,0.0,0.0
16,2,2,periodic,4194304,54525952,0.0,0.0,0.0,0.0,0.0,0.0,0.0
16,2,2,periodic,6291456,56623104,0.0,0.0,0.0,0.0,0.0,0.0,0.0
16,2,2,periodic,8388608,58720256,0.0,0.0,0.0,0.0,0.0,0.0,0.0
16,2,2,periodic,10485760,60817408,0.0,0.0,0.0,0.0,0.0,0.0,0.0
16,2,2,periodic,12582912,62914560,0.0,0.0,0.0,0.0,0.0,0.0,0.0
16,2,2,periodic,14680064,65011712,0.0,0.0,0.0,0.0,0.0,0.0,0.0
16,2,2,periodic,16777216,67108864,0.0,0.0,0.0,0.0,0.0,0.0,0.0
16,2,2,periodic,18874368,69206016,0.0,0.0,0.0,0.0,0.0,0.0,0.0
16,2,2,periodic,20971520,71303168,0.0,0.0,0.0,0.0,0.0,0.0,0.0
16,2,2,periodic,23068672,73400320,0.0,0.0,0.0,0.0,0.0,0.0,0.0
16,2,2,periodic,25165824,75497472,0.0,0.0,0.0,0.0,0.0,0.0,0.0
16,2,2,periodic,27262976,77594624,0.0,0.0,0.0,0.0,0.0,0.0,0.0
16,2,2,periodic,29360128,79691776,0.0,0.0,0.0,0.0,0.0,0.0,0.0
16,2,2,periodic,31457280,81788928,0.0,0.0,0.0,0.0,0.0,0.0,0.0
16,2,2,periodic,33554432,83886080,0.0,0.0,0.0,0.0,0.0,0.0,0.0
16,2,2,periodic,35651584,85983232,0.0,0.0,0.0,0.0,0.0,0.0,0.0
16,2,2,periodic,37748736,88080384,0.0,0.0,0.0,0.0,0.0,0.0,0.0
16,2,2,periodic,39845888,90177536,0.0,0.0,0.0,0.0,0.0,0.0,0.0
16,2,2,periodic,41943040,92274688,0.0,0.0,0.0,0.0,0.0,0.0,0.0
16,2,2,periodic,44040192,94371840,0.0,0.0,0.0,0.0,0.0,0.0,0.0
16,2,2,periodic,46137344,96468992,0.0,0.0,0.0,0.0,0.0,0.0,0.0
16,2,2,periodic,48234496,98566144,0.0,0.0,0.0,0.0,0.0,0.0,0.0
16,2,2,periodic,50331648,100663296,0.0,0.0,0.0,0.0,0.0,0.0,0.0
16,2,2,phase_end,50331648,100663296,0.0,0.0,0.0,0.0,0.0,0.0,0.0
16,2,3,phase_start,0,100663296,0.0,0.0,0.0,0.0,0.0,0.0,0.0
16,2,3,periodic,2097152,102760448,0.0,0.0,0.0,0.0,0.0,0.0,0.0
16,2,3,periodic,4194304,104857600,0.0,0.0,0.0,0.0,0.0,0.0,0.0
16,2,3,periodic,6291456,106954752,0.0,0.0,0.0,0.0,0.0,0.0,0.0
16,2,3,periodic,8388608,109051904,0.0,0.0,0.0,0.0,0.0,0.0,0.0
16,2,3,periodic,10485760,111149056,0.0,0.0,0.0,0.0,0.0,0.0,0.0
16,2,3,periodic,12582912,113246208,0.0,0.0,0.0,0.0,0.0,0.0,0.0
16,2,3,periodic,14680064,115343360,0.0,0.0,0.0,0.0,0.0,0.0,0.0
16,2,3,periodic,16777216,117440512,0.0,0.0,0.0,0.0,0.0,0.0,0.0
16,2,3,periodic,18874368,119537664,0.0,0.0,0.0,0.0,0.0,0.0,0.0
16,2,3,periodic,20971520,121634816,0.0,0.0,0.0,0.0,0.0,0.0,0.0
16,2,3,periodic,23068672,123731968,0.0,0.0,0.0,0.0,0.0,0.0,0.0
16,2,3,periodic,25165824,125829120,0.0,0.0,0.0,0.0,0.0,0.0,0.0
16,2,3,periodic,27262976,127926272,0.0,0.0,0.0,0.0,0.0,0.0,0.0
16,2,3,periodic,29360128,130023424,0.0,0.0,0.0,0.0,0.0,0.0,0.0
16,2,3,periodic,31457280,132120576,0.0,0.0,0.0,0.0,0.0,0.0,0.0
16,2,3,periodic,33554432,134217728,0.0,0.0,0.0,0.0,0.0,0.0,0.0
16,2,3,periodic,35651584,136314880,0.0,0.0,0.0,0.0,0.0,0.0,0.0
16,2,3,periodic,37748736,138412032,0.0,0.0,0.0,0.0,0.0,0.0,0.0
16,2,3,periodic,39845888,140509184,0.0,0.0,0.0,0.0,0.0,0.0,0.0
16,2,3,periodic,41943040,142606336,0.0,0.0,0.0,0.0,0.0,0.0,0.0
16,2,3,periodic,44040192,144703488,0.0,0.0,0.0,0.0,0.0,0.0,0.0
16,2,3,periodic,46137344,146800640,0.0,0.0,0.0,0.0,0.0,0.0,0.0
16,2,3,periodic,48234496,148897792,0.0,0.0,0.0,0.0,0.0,0.0,0.0
16,2,3,periodic,50331648,150994944,0.0,0.0,0.0,0.0,0.0,0.0,0.0
16,2,3,phase_end,50331648,150994944,0.0,0.0,0.0,0.0,0.0,0.0,0.0
16,2,4,phase_start,0,150994944,0.0,0.0,0.0,0.0,0.0,0.0,0.0
16,2,4,periodic,2097152,153092096,0.0,0.0,0.0,0.0,0.0,0.0,0.0
16,2,4,periodic,4194304,155189248,0.0,0.0,0.0,0.0,0.0,0.0,0.0
16,2,4,periodic,6291456,157286400,0.0,0.0,0.0,0.0,0.0,0.0,0.0
16,2,4,periodic,8388608,159383552,0.0,0.0,0.0,0.0,0.0,0.0,0.0
16,2,4,periodic,10485760,161480704,0.0,0.0,0.0,0.0,0.0,0.0,0.0
16,2,4,periodic,12582912,163577856,0.0,0.0,0.0,0.0,0.0,0.0,0.0
16,2,4,periodic,14680064,165675008,0.0,0.0,0.0,0.0,0.0,0.0,0.0
16,2,4,periodic,16777216,167772160,0.0,0.0,0.0,0.0,0.0,0.0,0.0
16,2,4,periodic,18874368,169869312,0.0,0.0,0.0,0.0,0.0,0.0,0.0
16,2,4,periodic,20971520,171966464,0.0,0.0,0.0,0.0,0.0,0.0,0.0
16,2,4,periodic,23068672,174063616,0.0,0.0,0.0,0.0,0.0,0.0,0.0
16,2,4,periodic,25165824,176160768,0.0,0.0,0.0,0.0,0.0,0.0,0.0
16,2,4,periodic,27262976,178257920,0.0,0.0,0.0,0.0,0.0,0.0,0.0
16,2,4,periodic,29360128,180355072,0.0,0.0,0.0,0.0,0.0,0.0,0.0
16,2,4,periodic,31457280,182452224,0.0,0.0,0.0,0.0,0.0,0.0,0.0
16,2,4,periodic,33554432,184549376,0.0,0.0,0.0,0.0,0.0,0.0,0.0
16,2,4,periodic,35651584,186646528,0.0,0.0,0.0,0.0,0.0,0.0,0.0
16,2,4,periodic,37748736,188743680,0.0,0.0,0.0,0.0,0.0,0.0,0.0
16,2,4,periodic,39845888,190840832,0.0,0.0,0.0,0.0,0.0,0.0,0.0
16,2,4,periodic,41943040,192937984,0.0,0.0,0.0,0.0,0.0,0.0,0.0
16,2,4,periodic,44040192,195035136,0.0,0.0,0.0,0.0,0.0,0.0,0.0
16,2,4,periodic,46137344,197132288,0.0,0.0,0.0,0.0,0.0,0.0,0.0
16,2,4,periodic,48234496,199229440,0.0,0.0,0.0,0.0,0.0,0.0,0.0
16,2,4,periodic,50331648,201326592,0.0,0.0,0.0,0.0,0.0,0.0,0.0
16,2,4,phase_end,50331648,201326592,0.0,0.0,0.0,0.0,0.0,0.0,0.0
16,3,1,phase_start,0,0,0.03125,0.125,0.040697674418604654,0.025974025974025976,0.0055248618784530384,0.0,0.0
16,3,1,periodic,2097152,2097152,0.15625,0.4322916666666667,0.34146341463414637,0.08045977011494253,0.040229885057471264,0.0,0.0
16,3,1,periodic,4194304,4194304,0.33984375,0.7700534759358288,0.5606936416184971,0.34269662921348315,0.19883040935672514,0.07407407407407407,0.0
16,3,1,periodic,6291456,6291456,0.3505859375,0.711340206185567,0.5780346820809249,0.4028436018957346,0.17266187050359713,0.07453416149068323,0.0
16,3,1,periodic,8388608,8388608,0.3779296875,0.719626168224299,0.6192893401015228,0.39622641509433965,0.2,0.09090909090909091,0.0
16,3,1,periodic,10485760,10485760,0.3388671875,0.711864406779661,0.6324324324324324,0.3248407643312102,0.2616279069767442,0.04519774011299435,0.0
16,3,1,periodic,12582912,12582912,0.3525390625,0.7315789473684211,0.5867346938775511,0.31097560975609756,0.25149700598802394,0.08917197452229299,0.0
16,3,1,periodic,14680064,14680064,0.33984375,0.7253886010362695,0.5523255813953488,0.43548387096774194,0.12941176470588237,0.06578947368421052,0.0
16,3,1,periodic,16777216,16777216,0.353515625,0.7135135135135136,0.6421568627450981,0.35374149659863946,0.20588235294117646,0.07407407407407407,0.0
16,3,1,periodic,18874368,18874368,0.3583984375,0.7374301675977654,0.625,0.3872832369942196,0.25,0.05625,0.0
16,3,1,periodic,20971520,20971520,0.345703125,0.7419354838709677,0.6685393258426966,0.2909090909090909,0.22839506172839505,0.06593406593406594,0.0
16,3,1,periodic,23068672,23068672,0.34375,0.7245508982035929,0.6235294117647059,0.43455497382198954,0.21739130434782608,0.04242424242424243,0.0
16,3,1,periodic,25165824,25165824,0.34375,0.7384615384615385,0.6329113924050633,0.36312849162011174,0.2138728323699422,0.037267080745341616,0.0
16,3,1,periodic,27262976,27262976,0.35546875,0.7102272727272727,0.6510416666666666,0.40718562874251496,0.21153846153846154,0.07471264367816093,0.0
16,3,1,periodic,29360128,29360128,0.3310546875,0.7111111111111111,0.6573426573426573,0.3696969696969697,0.22459893048128343,0.08139534883720931,0.0
16,3,1,periodic,31457280,31457280,0.3740234375,0.7673267326732673,0.6145833333333334,0.38095238095238093,0.22818791946308725,0.07792207792207792,0.0
16,3,1,periodic,33554432,33554432,0.32421875,0.7555555555555555,0.6,0.358974358974359,0.16574585635359115,0.08536585365853659,0.0
16,3,1,periodic,35651584,35651584,0.3828125,0.7743589743589744,0.6051282051282051,0.4539877300613497,0.21686746987951808,0.08024691358024691,0.0
16,3,1,periodic,37748736,37748736,0.322265625,0.6775956284153005,0.5388888888888889,0.32432432432432434,0.20987654320987653,0.09036144578313253,0.0
16,3,1,periodic,39845888,39845888,0.357421875,0.734375,0.6666666666666666,0.33714285714285713,0.20958083832335328,0.09933774834437085,0.0
16,3,1,periodic,41943040,41943040,0.32421875,0.7115384615384616,0.6354166666666666,0.34502923976608185,0.1746987951807229,0.06111111111111111,0.0
16,3,1,periodic,44040192,44040192,0.322265625,0.7329192546583851,0.5674157303370787,0.3473053892215569,0.23563218390804597,0.06896551724137931,0.0
16,3,1,periodic,46137344,46137344,0.345703125,0.7842105263157895,0.6187845303867403,0.3090909090909091,0.17365269461077845,0.07878787878787878,0.0
16,3,1,periodic,48234496,48234496,0.3369140625,0.7419354838709677,0.6069364161849711,0.3275862068965517,0.21052631578947367,0.05921052631578947,0.0
16,3,1,periodic,50331648,50331648,0.34765625,0.7407407407407407,0.5782312925170068,0.47305389221556887,0.23728813559322035,0.055865921787709494,0.0
16,3,1,phase_end,50331648,50331648,0.34765625,0.7407407407407407,0.5782312925170068,0.47305389221556887,0.23728813559322035,0.055865921787709494,0.0
16,3,2,phase_start,0,50331648,0.5087890625,0.9617224880382775,0.8323699421965318,0.5806451612903226,0.18831168831168832,0.2582781456953642,0.0
16,3,2,periodic,2097152,52428800,0.5146484375,0.9692307692307692,0.81,0.5795454545454546,0.24305555555555555,0.24528301886792453,0.0
16,3,2,periodic,4194304,54525952,0.521484375,0.9812206572769953,0.8061224489795918,0.59375,0.26356589147286824,0.23170731707317074,0.0
16,3,2,periodic,6291456,56623104,0.5078125,0.9371980676328503,0.7868020304568528,0.572289156626506,0.22916666666666666,0.27044025157232704,0.0
16,3,2,periodic,8388608,58720256,0.5009765625,0.9447236180904522,0.7783783783783784,0.5808383233532934,0.2751677852348993,0.25903614457831325,0.0
16,3,2,periodic,10485760,60817408,0.5087890625,0.9543147208121827,0.7989130434782609,0.5797872340425532,0.28289473684210525,0.23129251700680273,0.0
16,3,2,periodic,12582912,62914560,0.51953125,0.9528301886792453,0.847457627118644,0.5549738219895288,0.26582278481012656,0.2191780821917808,0.0
16,3,2,periodic,14680064,65011712,0.5107421875,0.9685863874345549,0.7703349282296651,0.574468085106383,0.2185430463576159,0.2517482517482518,0.0
16,3,2,periodic,16777216,67108864,0.53125,0.9227053140096618,0.8333333333333334,0.625,0.27702702702702703,0.25170068027210885,0.0
16,3,2,periodic,18874368,69206016,0.5283203125,0.9723502304147466,0.8042328042328042,0.5849056603773585,0.21176470588235294,0.3181818181818182,0.0
16,3,2,periodic,20971520,71303168,0.5185546875,0.9439252336448598,0.8128342245989305,0.5586592178770949,0.2698412698412698,0.26380368098159507,0.0
16,3,2,periodic,23068672,73400320,0.501953125,0.9623655913978495,0.8118279569892473,0.6,0.19753086419753085,0.25308641975308643,0.0
16,3,2,periodic,25165824,75497472,0.4921875,0.9629629629629629,0.765625,0.5698924731182796,0.24404761904761904,0.18666666666666668,0.0
16,3,2,periodic,27262976,77594624,0.509765625,0.9696969696969697,0.7945945945945946,0.6036585365853658,0.2608695652173913,0.267515923566879,0.0
16,3,2,periodic,29360128,79691776,0.51171875,0.9292452830188679,0.8148148148148148,0.6011560693641619,0.2484472049689441,0.20863309352517986,0.0
16,3,2,periodic,31457280,81788928,0.4990234375,0.9554455445544554,0.797979797979798,0.647887323943662,0.2119205298013245,0.2482758620689655,0.0
16,3,2,periodic,33554432,83886080,0.5146484375,0.9513513513513514,0.8625592417061612,0.5549132947976878,0.2080536912751678,0.28,0.0
16,3,2,periodic,35651584,85983232,0.4873046875,0.9326923076923077,0.7619047619047619,0.5574712643678161,0.16326530612244897,0.24242424242424243,0.0
16,3,2,periodic,37748736,88080384,0.513671875,0.9390862944162437,0.7589743589743589,0.5539906103286385,0.24489795918367346,0.2805755395683453,0.0
16,3,2,periodic,39845888,90177536,0.5263671875,0.9722222222222222,0.7877094972067039,0.5988372093023255,0.23529411764705882,0.2922077922077922,0.0
16,3,2,periodic,41943040,92274688,0.509765625,0.966824644549763,0.8324873096446701,0.5028248587570622,0.23225806451612904,0.18831168831168832,0.0
16,3,2,periodic,44040192,94371840,0.517578125,0.967741935483871,0.7978723404255319,0.6228571428571429,0.30405405405405406,0.2658959537572254,0.0
16,3,2,periodic,46137344,96468992,0.513671875,0.9634146341463414,0.8082191780821918,0.6256983240223464,0.26490066225165565,0.23076923076923078,0.0
16,3,2,periodic,48234496,98566144,0.5107421875,0.964824120603015,0.819672131147541,0.6121212121212121,0.22916666666666666,0.26704545454545453,0.0
16,3,2,periodic,50331648,100663296,0.5283203125,0.9601769911504425,0.8064516129032258,0.5892857142857143,0.2653061224489796,0.21428571428571427,0.0
16,3,2,phase_end,50331648,100663296,0.5283203125,0.9601769911504425,0.8064516129032258,0.5892857142857143,0.2653061224489796,0.21428571428571427,0.0
16,3,3,phase_start,0,100663296,0.5068359375,0.9736842105263158,0.6961325966850829,0.5967741935483871,0.37267080745341613,0.0,0.0
16,3,3,periodic,2097152,102760448,0.4609375,0.9701492537313433,0.732620320855615,0.5424836601307189,0.3202247191011236,0.0,0.0
16,3,3,periodic,4194304,104857600,0.4912109375,0.9565217391304348,0.7233009708737864,0.5838150289017341,0.3235294117647059,0.0,0.0
16,3,3,periodic,6291456,106954752,0.482421875,0.9685863874345549,0.7934782608695652,0.5665024630541872,0.32653061224489793,0.0,0.0
16,3,3,periodic,8388608,109051904,0.4658203125,0.9835164835164835,0.7783251231527094,0.58125,0.27976190476190477,0.0,0.0
16,3,3,periodic,10485760,111149056,0.5009765625,0.9651741293532339,0.7446808510638298,0.6333333333333333,0.38011695906432746,0.0,0.0
16,3,3,periodic,12582912,113246208,0.4794921875,0.9538461538461539,0.7525773195876289,0.580110497237569,0.31952662721893493,0.0,0.0
16,3,3,periodic,14680064,115343360,0.4619140625,0.9502487562189055,0.7079207920792079,0.5771812080536913,0.3212121212121212,0.0,0.0
16,3,3,periodic,16777216,117440512,0.5009765625,0.9766355140186916,0.8,0.5828877005347594,0.30128205128205127,0.0,0.0
16,3,3,periodic,18874368,119537664,0.5,0.963302752293578,0.795,0.6455696202531646,0.25153374233128833,0.0,0.0
16,3,3,periodic,20971520,121634816,0.486328125,0.9555555555555556,0.7687861271676301,0.6057142857142858,0.2913907284768212,0.0,0.0
16,3,3,periodic,23068672,123731968,0.5029296875,0.9593908629441624,0.8082901554404145,0.5666666666666667,0.40236686390532544,0.0,0.0
16,3,3,periodic,25165824,125829120,0.4541015625,0.9441624365482234,0.7529411764705882,0.5,0.32666666666666666,0.0,0.0
16,3,3,periodic,27262976,127926272,0.4990234375,0.9558823529411765,0.7857142857142857,0.57,0.3057324840764331,0.0,0.0
16,3,3,periodic,29360128,130023424,0.4375,0.9516129032258065,0.7388888888888889,0.5052083333333334,0.25,0.0,0.0
16,3,3,periodic,31457280,132120576,0.505859375,0.9504950495049505,0.7990654205607477,0.5824742268041238,0.28187919463087246,0.0,0.0
16,3,3,periodic,33554432,134217728,0.4609375,0.9575471698113207,0.7183908045977011,0.5743243243243243,0.3259668508287293,0.0,0.0
16,3,3,periodic,35651584,136314880,0.5,0.9569377990430622,0.7788461538461539,0.5847953216374269,0.32894736842105265,0.0,0.0
16,3,3,periodic,37748736,138412032,0.455078125,0.935,0.7540106951871658,0.5120481927710844,0.3063583815028902,0.0,0.0
16,3,3,periodic,39845888,140509184,0.501953125,0.9389671361502347,0.7681159420289855,0.5914634146341463,0.3333333333333333,0.0,0.0
16,3,3,periodic,41943040,142606336,0.5087890625,0.9653679653679653,0.7931034482758621,0.6319018404907976,0.35403726708074534,0.0,0.0
16,3,3,periodic,44040192,144703488,0.470703125,0.9579439252336449,0.7409638554216867,0.5347593582887701,0.32727272727272727,0.0,0.0
16,3,3,periodic,46137344,146800640,0.5068359375,0.9666666666666667,0.7938144329896907,0.6271186440677966,0.3167701863354037,0.0,0.0
16,3,3,periodic,48234496,148897792,0.48828125,0.96,0.8125,0.5483870967741935,0.3184713375796178,0.0,0.0
16,3,3,periodic,50331648,150994944,0.5029296875,0.9849246231155779,0.8138297872340425,0.6203208556149733,0.33112582781456956,0.0,0.0
16,3,3,phase_end,50331648,150994944,0.5029296875,0.9849246231155779,0.8138297872340425,0.6203208556149733,0.33112582781456956,0.0,0.0
16,3,4,phase_start,0,150994944,0.322265625,0.6684782608695652,0.5604395604395604,0.34782608695652173,0.23214285714285715,0.06172839506172839,0.0
16,3,4,periodic,2097152,153092096,0.3212890625,0.7348066298342542,0.5544554455445545,0.3032258064516129,0.18055555555555555,0.06748466257668712,0.0
16,3,4,periodic,4194304,155189248,0.3271484375,0.7010869565217391,0.5418994413407822,0.2962962962962963,0.20994475138121546,0.10273972602739725,0.0
16,3,4,periodic,6291456,157286400,0.333984375,0.6593406593406593,0.5675675675675675,0.32934131736526945,0.2621951219512195,0.11801242236024845,0.0
16,3,4,periodic,8388608,159383552,0.3330078125,0.6939890710382514,0.5294117647058824,0.3611111111111111,0.2119205298013245,0.10714285714285714,0.0
16,3,4,periodic,10485760,161480704,0.318359375,0.6836158192090396,0.5478723404255319,0.3693181818181818,0.1625,0.07096774193548387,0.0
16,3,4,periodic,12582912,163577856,0.3359375,0.6467391304347826,0.5706521739130435,0.37948717948717947,0.2482758620689655,0.06535947712418301,0.0
16,3,4,periodic,14680064,165675008,0.318359375,0.6731707317073171,0.4941860465116279,0.38323353293413176,0.18902439024390244,0.05228758169934641,0.0
16,3,4,periodic,16777216,167772160,0.3134765625,0.6270270270270271,0.6287425149700598,0.2857142857142857,0.21243523316062177,0.08571428571428572,0.0
16,3,4,periodic,18874368,169869312,0.3173828125,0.6435643564356436,0.5602094240837696,0.3393939393939394,0.16455696202531644,0.03870967741935484,0.0
16,3,4,periodic,20971520,171966464,0.3408203125,0.6507936507936508,0.5854922279792746,0.3005181347150259,0.2625,0.087248322147651,0.0
16,3,4,periodic,23068672,174063616,0.296875,0.639344262295082,0.5333333333333333,0.3076923076923077,0.19680851063829788,0.0410958904109589,0.0
16,3,4,periodic,25165824,176160768,0.341796875,0.7362637362637363,0.5666666666666667,0.375,0.25,0.08433734939759036,0.0
16,3,4,periodic,27262976,178257920,0.306640625,0.665,0.46153846153846156,0.35714285714285715,0.17751479289940827,0.07471264367816093,0.0
16,3,4,periodic,29360128,180355072,0.3193359375,0.6205128205128205,0.5371428571428571,0.40397350993377484,0.2275449101796407,0.07692307692307693,0.0
16,3,4,periodic,31457280,182452224,0.328125,0.656084656084656,0.5714285714285714,0.41714285714285715,0.22727272727272727,0.043478260869565216,0.0
16,3,4,periodic,33554432,184549376,0.3125,0.6882352941176471,0.5508021390374331,0.3446327683615819,0.1949685534591195,0.04790419161676647,0.0
16,3,4,periodic,35651584,186646528,0.3388671875,0.6596858638743456,0.5736842105263158,0.3619631901840491,0.24096385542168675,0.07926829268292683,0.0
16,3,4,periodic,37748736,188743680,0.3310546875,0.6384180790960452,0.5751295336787565,0.38953488372093026,0.1951219512195122,0.10666666666666667,0.0
16,3,4,periodic,39845888,190840832,0.3388671875,0.6345177664974619,0.5804597701149425,0.3941176470588235,0.2222222222222222,0.09580838323353294,0.0
16,3,4,periodic,41943040,192937984,0.32421875,0.7159763313609467,0.6089743589743589,0.2925531914893617,0.24338624338624337,0.0949367088607595,0.0
16,3,4,periodic,44040192,195035136,0.3291015625,0.6394230769230769,0.5714285714285714,0.34838709677419355,0.20540540540540542,0.09815950920245399,0.0
16,3,4,periodic,46137344,197132288,0.337890625,0.6839378238341969,0.5454545454545454,0.37579617834394907,0.24324324324324326,0.08695652173913043,0.0
16,3,4,periodic,48234496,199229440,0.333984375,0.6989795918367347,0.543010752688172,0.3312883435582822,0.23952095808383234,0.06493506493506493,0.0
16,3,4,periodic,50331648,201326592,0.2919921875,0.6593406593406593,0.5064102564102564,0.3735632183908046,0.15976331360946747,0.04790419161676647,0.0
16,3,4,phase_end,50331648,201326592,0.2919921875,0.6593406593406593,0.5064102564102564,0.3735632183908046,0.15976331360946747,0.04790419161676647,0.0
16,4,1,phase_start,0,0,0.037109375,0.13812154696132597,0.041666666666666664,0.025477707006369428,0.0125,0.0,0.0
16,4,1,periodic,2097152,2097152,0.0185546875,0.0989010989010989,0.00641025641025641,0.0,0.0,0.0,0.0
16,4,1,periodic,4194304,4194304,0.359375,0.7438423645320197,0.5743589743589743,0.3508771929824561,0.25,0.043478260869565216,0.0
16,4,1,periodic,6291456,6291456,0.330078125,0.6428571428571429,0.6764705882352942,0.33658536585365856,0.20121951219512196,0.0755813953488372,0.0
16,4,1,periodic,8388608,8388608,0.3193359375,0.7529411764705882,0.5388888888888889,0.3192771084337349,0.20441988950276244,0.07453416149068323,0.0
16,4,1,periodic,10485760,10485760,0.330078125,0.7419354838709677,0.6790123456790124,0.36363636363636365,0.12941176470588237,0.02666666666666667,0.0
16,4,1,periodic,12582912,12582912,0.361328125,0.71,0.6325581395348837,0.3333333333333333,0.17880794701986755,0.09395973154362416,0.0
16,4,1,periodic,14680064,14680064,0.3603515625,0.7819148936170213,0.6726190476190477,0.359375,0.20930232558139536,0.027210884353741496,0.0
16,4,1,periodic,16777216,16777216,0.3310546875,0.6954022988505747,0.6043956043956044,0.37209302325581395,0.19411764705882353,0.06666666666666667,0.0
16,4,1,periodic,18874368,18874368,0.3486328125,0.7696629213483146,0.6480446927374302,0.3772455089820359,0.2087912087912088,0.020134228187919462,0.0
16,4,1,periodic,20971520,20971520,0.35546875,0.7640449438202247,0.6494252873563219,0.3954802259887006,0.22289156626506024,0.0449438202247191,0.0
16,4,1,periodic,23068672,23068672,0.0,0.0,0.0,0.0,0.0,0.0,0.0
16,4,1,periodic,25165824,25165824,0.0,0.0,0.0,0.0,0.0,0.0,0.0
16,4,1,periodic,27262976,27262976,0.0,0.0,0.0,0.0,0.0,0.0,0.0
16,4,1,periodic,29360128,29360128,0.0,0.0,0.0,0.0,0.0,0.0,0.0
16,4,1,periodic,31457280,31457280,0.0,0.0,0.0,0.0,0.0,0.0,0.0
16,4,1,periodic,33554432,33554432,0.0,0.0,0.0,0.0,0.0,0.0,0.0
16,4,1,periodic,35651584,35651584,0.0,0.0,0.0,0.0,0.0,0.0,0.0
16,4,1,periodic,37748736,37748736,0.0,0.0,0.0,0.0,0.0,0.0,0.0
16,4,1,periodic,39845888,39845888,0.0029296875,0.017857142857142856,0.0,0.0,0.0,0.0,0.0
16,4,1,periodic,41943040,41943040,0.3173828125,0.7513812154696132,0.5166666666666667,0.20994475138121546,0.2694610778443114,0.07738095238095238,0.0
16,4,1,periodic,44040192,44040192,0.314453125,0.68,0.5649717514124294,0.33986928104575165,0.23837209302325582,0.0625,0.0
16,4,1,periodic,46137344,46137344,0.34765625,0.7213114754098361,0.5578947368421052,0.42473118279569894,0.18181818181818182,0.06293706293706294,0.0
16,4,1,periodic,48234496,48234496,0.33203125,0.6914893617021277,0.5737704918032787,0.3314285714285714,0.2546583850931677,0.040268456375838924,0.0
16,4,1,periodic,50331648,50331648,0.345703125,0.745945945945946,0.6019900497512438,0.3253012048192771,0.19333333333333333,0.07317073170731707,0.0
16,4,1,phase_end,50331648,50331648,0.345703125,0.745945945945946,0.6019900497512438,0.3253012048192771,0.19333333333333333,0.07317073170731707,0.0
16,4,2,phase_start,0,50331648,0.50390625,0.9381443298969072,0.8148148148148148,0.5465116279069767,0.2621951219512195,0.2621951219512195,0.0
16,4,2,periodic,2097152,52428800,0.529296875,0.9575471698113207,0.8115183246073299,0.68,0.2052980132450331,0.2361111111111111,0.0
16,4,2,periodic,4194304,54525952,0.5166015625,0.9597989949748744,0.806282722513089,0.6474358974358975,0.2679738562091503,0.25,0.0
16,4,2,periodic,6291456,56623104,0.5009765625,0.9597989949748744,0.7928994082840237,0.6057142857142858,0.26804123711340205,0.2158273381294964,0.0
16,4,2,periodic,8388608,58720256,0.517578125,0.9692307692307692,0.7932960893854749,0.6228571428571429,0.2913907284768212,0.2787878787878788,0.0
16,4,2,periodic,10485760,60817408,0.5107421875,0.9685863874345549,0.8362573099415205,0.5591397849462365,0.30303030303030304,0.23976608187134502,0.0
16,4,2,periodic,12582912,62914560,0.521484375,0.9622641509433962,0.8205128205128205,0.6496815286624203,0.2564102564102564,0.1917808219178082,0.0
16,4,2,periodic,14680064,65011712,0.5224609375,0.95260663507109,0.8333333333333334,0.5670731707317073,0.271523178807947,0.20348837209302326,0.0
16,4,2,periodic,16777216,67108864,0.5126953125,0.9701492537313433,0.827027027027027,0.6012269938650306,0.24157303370786518,0.23376623376623376,0.0
16,4,2,periodic,18874368,69206016,0.5087890625,0.9646464646464646,0.8358974358974359,0.5706214689265536,0.2215568862275449,0.20863309352517986,0.0
16,4,2,periodic,20971520,71303168,0.5419921875,0.9754901960784313,0.8585858585858586,0.5947368421052631,0.23809523809523808,0.23404255319148937,0.0
16,4,2,periodic,23068672,73400320,0.505859375,0.9414893617021277,0.8059701492537313,0.5909090909090909,0.18181818181818182,0.24516129032258063,0.0
16,4,2,periodic,25165824,75497472,0.505859375,0.945,0.7783018867924528,0.5153374233128835,0.28187919463087246,0.2275449101796407,0.0
16,4,2,periodic,27262976,77594624,0.5146484375,0.9629629629629629,0.7817258883248731,0.5732484076433121,0.23972602739726026,0.25,0.0
16,4,2,periodic,29360128,79691776,0.53125,0.9675925925925926,0.8290155440414507,0.536144578313253,0.28169014084507044,0.26900584795321636,0.0
16,4,2,periodic,31457280,81788928,0.525390625,0.9607843137254902,0.8207547169811321,0.5491329479768786,0.2532467532467532,0.2222222222222222,0.0
16,4,2,periodic,33554432,83886080,0.5185546875,0.9739583333333334,0.8115942028985508,0.5865921787709497,0.2,0.2714285714285714,0.0
16,4,2,periodic,35651584,85983232,0.517578125,0.9371980676328503,0.8491620111731844,0.6101694915254238,0.26380368098159507,0.2357142857142857,0.0
16,4,2,periodic,37748736,88080384,0.5302734375,0.9748743718592965,0.8333333333333334,0.5930232558139535,0.23952095808383234,0.2937062937062937,0.0
16,4,2,periodic,39845888,90177536,0.515625,0.937799043062201,0.8157894736842105,0.5549132947976878,0.24050632911392406,0.2654320987654321,0.0
16,4,2,periodic,41943040,92274688,0.5146484375,0.9327354260089686,0.8142076502732241,0.5819209039548022,0.20625,0.22972972972972974,0.0
16,4,2,periodic,44040192,94371840,0.5009765625,0.9852216748768473,0.7881773399014779,0.5246913580246914,0.25,0.20833333333333334,0.0
16,4,2,periodic,46137344,96468992,0.5107421875,0.9262672811059908,0.8181818181818182,0.5125,0.23026315789473684,0.30952380952380953,0.0
16,4,2,periodic,48234496,98566144,0.5283203125,0.944206008583691,0.7766497461928934,0.5487804878048781,0.25925925925925924,0.27564102564102566,0.0
16,4,2,periodic,50331648,100663296,0.50390625,0.9312169312169312,0.815028901734104,0.6203208556149733,0.2558139534883721,0.2671232876712329,0.0
16,4,2,phase_end,50331648,100663296,0.50390625,0.9312169312169312,0.815028901734104,0.6203208556149733,0.2558139534883721,0.2671232876712329,0.0
16,4,3,phase_start,0,100663296,0.4736328125,0.945,0.7486910994764397,0.5903614457831325,0.3179190751445087,0.0,0.0
16,4,3,periodic,2097152,102760448,0.453125,0.946078431372549,0.726775956284153,0.5166666666666667,0.2830188679245283,0.0,0.0
16,4,3,periodic,4194304,104857600,0.4921875,0.95260663507109,0.7294685990338164,0.5683060109289617,0.3076923076923077,0.0,0.0
16,4,3,periodic,6291456,106954752,0.4453125,0.945,0.6483516483516484,0.5939086294416244,0.2222222222222222,0.0,0.0
16,4,3,periodic,8388608,109051904,0.4677734375,0.9617486338797814,0.7070707070707071,0.6132596685082873,0.3170731707317073,0.0,0.0
16,4,3,periodic,10485760,111149056,0.5009765625,0.9615384615384616,0.7319587628865979,0.6082474226804123,0.31547619047619047,0.0,0.0
16,4,3,periodic,12582912,113246208,0.48828125,0.9572649572649573,0.7586206896551724,0.5838509316770186,0.3067484662576687,0.0,0.0
16,4,3,periodic,14680064,115343360,0.462890625,0.9423076923076923,0.7209302325581395,0.5614035087719298,0.3036649214659686,0.0,0.0
16,4,3,periodic,16777216,117440512,0.5029296875,0.963302752293578,0.75,0.5720930232558139,0.4098360655737705,0.0,0.0
16,4,3,periodic,18874368,119537664,0.5029296875,0.9574468085106383,0.7962085308056872,0.5860215053763441,0.3473053892215569,0.0,0.0
16,4,3,periodic,20971520,121634816,0.4677734375,0.9656862745098039,0.6896551724137931,0.5925925925925926,0.2839506172839506,0.0,0.0
16,4,3,periodic,23068672,123731968,0.505859375,0.9419642857142857,0.7979274611398963,0.6011904761904762,0.3132530120481928,0.0,0.0
16,4,3,periodic,25165824,125829120,0.5078125,0.9377777777777778,0.8089887640449438,0.6236559139784946,0.3310810810810811,0.0,0.0
16,4,3,periodic,27262976,127926272,0.4609375,0.9337016574585635,0.7700534759358288,0.5428571428571428,0.3764705882352941,0.0,0.0
16,4,3,periodic,29360128,130023424,0.5068359375,0.9701492537313433,0.7556818181818182,0.6368421052631579,0.3825136612021858,0.0,0.0
16,4,3,periodic,31457280,132120576,0.4892578125,0.9383259911894273,0.7360406091370558,0.5536723163841808,0.30612244897959184,0.0,0.0
16,4,3,periodic,33554432,134217728,0.5087890625,0.9852941176470589,0.7536945812807881,0.6121212121212121,0.375,0.0,0.0
16,4,3,periodic,35651584,136314880,0.4853515625,0.9389671361502347,0.734375,0.59375,0.3652694610778443,0.0,0.0
16,4,3,periodic,37748736,138412032,0.4765625,0.953125,0.7333333333333333,0.5235294117647059,0.37435897435897436,0.0,0.0
16,4,3,periodic,39845888,140509184,0.48828125,0.9696969696969697,0.7192982456140351,0.5813953488372093,0.3333333333333333,0.0,0.0
16,4,3,periodic,41943040,142606336,0.4541015625,0.933649289099526,0.7083333333333334,0.5232558139534884,0.27450980392156865,0.0,0.0
16,4,3,periodic,44040192,144703488,0.4853515625,0.945,0.7736842105263158,0.5508982035928144,0.41317365269461076,0.0,0.0
16,4,3,periodic,46137344,146800640,0.470703125,0.9371428571428572,0.7684210526315789,0.6069651741293532,0.3125,0.0,0.0
16,4,3,periodic,48234496,148897792,0.5068359375,0.9466019417475728,0.7246376811594203,0.6590909090909091,0.3558282208588957,0.0,0.0
16,4,3,periodic,50331648,150994944,0.52734375,0.9447004608294931,0.7463414634146341,0.625,0.38,0.0,0.0
16,4,3,phase_end,50331648,150994944,0.52734375,0.9447004608294931,0.7463414634146341,0.625,0.38,0.0,0.0
16,4,4,phase_start,0,150994944,0.3125,0.6666666666666666,0.5284974093264249,0.3815789473684211,0.19767441860465115,0.048484848484848485,0.0
16,4,4,periodic,2097152,153092096,0.3271484375,0.6704545454545454,0.5227272727272727,0.425414364640884,0.22674418604651161,0.05521472392638037,0.0
16,4,4,periodic,4194304,155189248,0.3134765625,0.6272189349112426,0.5478723404255319,0.29518072289156627,0.26424870466321243,0.07792207792207792,0.0
16,4,4,periodic,6291456,157286400,0.3154296875,0.6875,0.5380116959064327,0.3875,0.1989247311827957,0.06666666666666667,0.0
16,4,4,periodic,8388608,159383552,0.3076171875,0.6124401913875598,0.5418994413407822,0.3254437869822485,0.1509433962264151,0.06832298136645963,0.0
16,4,4,periodic,10485760,161480704,0.3271484375,0.6683937823834197,0.6079545454545454,0.32098765432098764,0.19879518072289157,0.08641975308641975,0.0
16,4,4,periodic,12582912,163577856,0.34765625,0.7011494252873564,0.6173469387755102,0.3567567567567568,0.21965317919075145,0.06976744186046512,0.0
16,4,4,periodic,14680064,165675008,0.3134765625,0.6325301204819277,0.5175879396984925,0.3170731707317073,0.2594594594594595,0.07975460122699386,0.0
16,4,4,periodic,16777216,167772160,0.33203125,0.7102272727272727,0.5911602209944752,0.3333333333333333,0.2360248447204969,0.06875,0.0
16,4,4,periodic,18874368,169869312,0.3359375,0.7319587628865979,0.5730337078651685,0.3614457831325301,0.19631901840490798,0.04678362573099415,0.0
16,4,4,periodic,20971520,171966464,0.2880859375,0.6528497409326425,0.43636363636363634,0.2981366459627329,0.2289156626506024,0.06547619047619048,0.0
16,4,4,periodic,23068672,174063616,0.3154296875,0.7374301675977654,0.5380116959064327,0.38235294117647056,0.16560509554140126,0.047337278106508875,0.0
16,4,4,periodic,25165824,176160768,0.3330078125,0.7182320441988951,0.5531914893617021,0.36,0.23417721518987342,0.047619047619047616,0.0
16,4,4,periodic,27262976,178257920,0.33203125,0.6935483870967742,0.5680473372781065,0.37037037037037035,0.23076923076923078,0.07975460122699386,0.0
16,4,4,periodic,29360128,180355072,0.3310546875,0.68,0.5291005291005291,0.33136094674556216,0.2215568862275449,0.07352941176470588,0.0
16,4,4,periodic,31457280,182452224,0.3330078125,0.6827956989247311,0.5357142857142857,0.38857142857142857,0.2,0.10303030303030303,0.0
16,4,4,periodic,33554432,184549376,0.3125,0.6851851851851852,0.569620253164557,0.36627906976744184,0.19900497512437812,0.08888888888888889,0.0
16,4,4,periodic,35651584,186646528,0.30859375,0.6613756613756614,0.5,0.3597560975609756,0.23204419889502761,0.03636363636363636,0.0
16,4,4,periodic,37748736,188743680,0.3408203125,0.6956521739130435,0.5284974093264249,0.3959731543624161,0.2073170731707317,0.0641025641025641,0.0
16,4,4,periodic,39845888,190840832,0.3212890625,0.7028571428571428,0.5333333333333333,0.3271604938271605,0.2198952879581152,0.09554140127388536,0.0
16,4,4,periodic,41943040,192937984,0.3251953125,0.6705202312138728,0.5187165775401069,0.41040462427745666,0.20765027322404372,0.07586206896551724,0.0
16,4,4,periodic,44040192,195035136,0.373046875,0.8586956521739131,0.5792079207920792,0.3485714285714286,0.20930232558139536,0.06756756756756757,0.0
16,4,4,periodic,46137344,197132288,0.375,0.875,0.5581395348837209,0.4166666666666667,0.21164021164021163,0.052980132450331126,0.0
16,4,4,periodic,48234496,199229440,0.4951171875,0.9487179487179487,0.7373737373737373,0.4772727272727273,0.34054054054054056,0.19078947368421054,0.0
16,4,4,periodic,50331648,201326592,0.501953125,0.9947916666666666,0.8051282051282052,0.5294117647058824,0.35443037974683544,0.12048192771084337,0.0
16,4,4,phase_end,50331648,201326592,0.501953125,0.9947916666666666,0.8051282051282052,0.5294117647058824,0.35443037974683544,0.12048192771084337,0.0
64,0,1,phase_start,0,0,0.037109375,0.143646408839779,0.037267080745341616,0.026881720430107527,0.006944444444444444,0.0,0.0
64,0,1,periodic,2097152,2097152,0.3662109375,0.8727272727272727,0.6022099447513812,0.39593908629441626,0.24675324675324675,0.03821656050955414,0.0
64,0,1,periodic,4194304,4194304,0.361328125,0.7832512315270936,0.6214689265536724,0.3670886075949367,0.21935483870967742,0.055900621118012424,0.0
64,0,1,periodic,6291456,6291456,0.3779296875,0.8548387096774194,0.6282722513089005,0.3485714285714286,0.21428571428571427,0.08092485549132948,0.0
64,0,1,periodic,8388608,8388608,0.3251953125,0.8203592814371258,0.5542168674698795,0.3253012048192771,0.19879518072289157,0.09714285714285714,0.0
64,0,1,periodic,10485760,10485760,0.36328125,0.8477157360406091,0.5517241379310345,0.42138364779874216,0.19428571428571428,0.049079754601226995,0.0
64,0,1,periodic,12582912,12582912,0.361328125,0.7789473684210526,0.5689655172413793,0.40331491712707185,0.20481927710843373,0.09815950920245399,0.0
64,0,1,periodic,14680064,14680064,0.3818359375,0.8277511961722488,0.6094674556213018,0.3987730061349693,0.25139664804469275,0.0364963503649635,0.0
64,0,1,periodic,16777216,16777216,0.3828125,0.8578680203045685,0.6190476190476191,0.36,0.2446043165467626,0.05844155844155844,0.0
64,0,1,periodic,18874368,18874368,0.39453125,0.8542713567839196,0.6648648648648648,0.39375,0.20855614973262032,0.05660377358490566,0.0
64,0,1,periodic,20971520,20971520,0.361328125,0.8352941176470589,0.6081871345029239,0.41899441340782123,0.22826086956521738,0.042682926829268296,0.0
64,0,1,periodic,23068672,23068672,0.38671875,0.8695652173913043,0.68125,0.3615819209039548,0.19631901840490798,0.06918238993710692,0.0
64,0,1,periodic,25165824,25165824,0.3603515625,0.8653846153846154,0.6164383561643836,0.3148148148148148,0.22023809523809523,0.06547619047619048,0.0
64,0,1,periodic,27262976,27262976,0.3994140625,0.8605769230769231,0.6451612903225806,0.391812865497076,0.2,0.06,0.0
64,0,1,periodic,29360128,29360128,0.36328125,0.7912087912087912,0.5885416666666666,0.3867403314917127,0.21604938271604937,0.06097560975609756,0.0
64,0,1,periodic,31457280,31457280,0.3369140625,0.7888888888888889,0.575,0.3812154696132597,0.21965317919075145,0.02564102564102564,0.0
64,0,1,periodic,33554432,33554432,0.37890625,0.861878453038674,0.582010582010582,0.3802083333333333,0.22404371584699453,0.061068702290076333,0.0
64,0,1,periodic,35651584,35651584,0.3583984375,0.8736263736263736,0.5440414507772021,0.3161764705882353,0.24375,0.10606060606060606,0.0
64,0,1,periodic,37748736,37748736,0.3671875,0.7864077669902912,0.6075268817204301,0.3375,0.23270440251572327,0.06802721088435375,0.0
64,0,1,periodic,39845888,39845888,0.3681640625,0.8413461538461539,0.5524861878453039,0.3279569892473118,0.21656050955414013,0.0472972972972973,0.0
64,0,1,periodic,41943040,41943040,0.3583984375,0.84,0.639344262295082,0.37142857142857144,0.17177914110429449,0.06493506493506493,0.0
64,0,1,periodic,44040192,44040192,0.38671875,0.7850877192982456,0.5875706214689266,0.44970414201183434,0.18471337579617833,0.050955414012738856,0.0
64,0,1,periodic,46137344,46137344,0.3701171875,0.8385416666666666,0.6098901098901099,0.37988826815642457,0.16766467065868262,0.06875,0.0
64,0,1,periodic,48234496,48234496,0.3779296875,0.8324324324324325,0.5911602209944752,0.38333333333333336,0.2994011976047904,0.04827586206896552,0.0
64,0,1,periodic,50331648,50331648,0.373046875,0.8181818181818182,0.6647398843930635,0.375,0.18404907975460122,0.02027027027027027,0.0
64,0,1,phase_end,50331648,50331648,0.373046875,0.8181818181818182,0.6647398843930635,0.375,0.18404907975460122,0.02027027027027027,0.0
64,0,2,phase_start,0,50331648,0.451171875,0.8613861386138614,0.7900552486187845,0.5388888888888889,0.18,0.1144578313253012,0.013793103448275862
64,0,2,periodic,2097152,52428800,0.5,0.9211822660098522,0.8172043010752689,0.6080402010050251,0.17266187050359713,0.16666666666666666,0.014184397163120567
64,0,2,periodic,4194304,54525952,0.455078125,0.8341232227488151,0.8222222222222222,0.4968553459119497,0.22699386503067484,0.16312056737588654,0.01764705882352941
64,0,2,periodic,6291456,56623104,0.501953125,0.9260869565217391,0.8306878306878307,0.4915254237288136,0.2426470588235294,0.13043478260869565,0.022900763358778626
64,0,2,periodic,8388608,58720256,0.5078125,0.8918918918918919,0.8125,0.547486033519553,0.27607361963190186,0.16129032258064516,0.020833333333333332
64,0,2,periodic,10485760,60817408,0.4814453125,0.8814432989690721,0.7959183673469388,0.5340314136125655,0.2222222222222222,0.1619718309859155,0.03597122302158273
64,0,2,periodic,12582912,62914560,0.4658203125,0.8924731182795699,0.782608695652174,0.5056818181818182,0.21951219512195122,0.12666666666666668,0.03546099290780142
64,0,2,periodic,14680064,65011712,0.466796875,0.8655913978494624,0.8208955223880597,0.5636363636363636,0.24675324675324675,0.10588235294117647,0.02027027027027027
64,0,2,periodic,16777216,67108864,0.42578125,0.8627450980392157,0.7580645161290323,0.45,0.15060240963855423,0.14383561643835616,0.006172839506172839
64,0,2,periodic,18874368,69206016,0.5,0.8823529411764706,0.7889908256880734,0.5355191256830601,0.2733333333333333,0.12258064516129032,0.017543859649122806
64,0,2,periodic,20971520,71303168,0.4619140625,0.8717948717948718,0.7631578947368421,0.5217391304347826,0.25165562913907286,0.20496894409937888,0.018072289156626505
64,0,2,periodic,23068672,73400320,0.50390625,0.8855721393034826,0.8186274509803921,0.5636363636363636,0.28484848484848485,0.16901408450704225,0.047619047619047616
64,0,2,periodic,25165824,75497472,0.4287109375,0.8186528497409327,0.7528735632183908,0.5344827586206896,0.23026315789473684,0.11731843575418995,0.006578947368421052
64,0,2,periodic,27262976,77594624,0.421875,0.8538011695906432,0.7558139534883721,0.4756756756756757,0.2529411764705882,0.12418300653594772,0.03468208092485549
64,0,2,periodic,29360128,79691776,0.46875,0.8755980861244019,0.848314606741573,0.4897959183673469,0.20279720279720279,0.12883435582822086,0.0
64,0,2,periodic,31457280,81788928,0.501953125,0.9302325581395349,0.8109452736318408,0.532051282051282,0.2695035460992908,0.17391304347826086,0.013333333333333334
64,0,2,periodic,33554432,83886080,0.4736328125,0.9134615384615384,0.7989949748743719,0.5197368421052632,0.17123287671232876,0.16766467065868262,0.02631578947368421
64,0,2,periodic,35651584,85983232,0.4072265625,0.861878453038674,0.7307692307692307,0.49707602339181284,0.2303370786516854,0.11834319526627218,0.005917159763313609
64,0,2,periodic,37748736,88080384,0.498046875,0.905940594059406,0.8306878306878307,0.543010752688172,0.24705882352941178,0.16551724137931034,0.022727272727272728
64,0,2,periodic,39845888,90177536,0.4697265625,0.8615384615384616,0.8324324324324325,0.5271739130434783,0.2606060606060606,0.11180124223602485,0.007462686567164179
64,0,2,periodic,41943040,92274688,0.4677734375,0.8867924528301887,0.8191489361702128,0.5149700598802395,0.17834394904458598,0.14492753623188406,0.018518518518518517
64,0,2,periodic,44040192,94371840,0.466796875,0.9270833333333334,0.7839195979899497,0.50920245398773,0.20454545454545456,0.15384615384615385,0.019867549668874173
64,0,2,periodic,46137344,96468992,0.4462890625,0.8592233009708737,0.7539267015706806,0.4556213017751479,0.28104575163398693,0.09259259259259259,0.006993006993006993
64,0,2,periodic,48234496,98566144,0.46875,0.8784530386740331,0.78,0.5388888888888889,0.23529411764705882,0.14906832298136646,0.030303030303030304
64,0,2,periodic,50331648,100663296,0.490234375,0.8509615384615384,0.863849765258216,0.5189873417721519,0.2,0.17006802721088435,0.0379746835443038
64,0,2,phase_end,50331648,100663296,0.490234375,0.8509615384615384,0.863849765258216,0.5189873417721519,0.2,0.17006802721088435,0.0379746835443038
64,0,3,phase_start,0,100663296,0.443359375,0.8772727272727273,0.6217616580310881,0.5102040816326531,0.38414634146341464,0.01935483870967742,0.0
64,0,3,periodic,2097152,102760448,0.3935546875,0.8203883495145631,0.6012658227848101,0.5028248587570622,0.27439024390243905,0.032467532467532464,0.0
64,0,3,periodic,4194304,104857600,0.4443359375,0.8457943925233645,0.6052631578947368,0.5055555555555555,0.39215686274509803,0.0547945205479452,0.0
64,0,3,periodic,6291456,106954752,0.3837890625,0.8165680473372781,0.6256684491978609,0.5113636363636364,0.2732919254658385,0.023952095808383235,0.0
64,0,3,periodic,8388608,109051904,0.40234375,0.875,0.6149425287356322,0.5082872928176796,0.2865853658536585,0.027932960893854747,0.0
64,0,3,periodic,10485760,111149056,0.412109375,0.8157894736842105,0.6608187134502924,0.543859649122807,0.34545454545454546,0.027586206896551724,0.0
64,0,3,periodic,12582912,113246208,0.3974609375,0.7947368421052632,0.6589595375722543,0.5333333333333333,0.26900584795321636,0.04878048780487805,0.0
64,0,3,periodic,14680064,115343360,0.4169921875,0.8282828282828283,0.657608695652174,0.5,0.26993865030674846,0.046357615894039736,0.0
64,0,3,periodic,16777216,117440512,0.37109375,0.8210526315789474,0.5892857142857143,0.4645161290322581,0.25882352941176473,0.05389221556886228,0.0
64,0,3,periodic,18874368,119537664,0.3955078125,0.801980198019802,0.6153846153846154,0.4774193548387097,0.2631578947368421,0.0472972972972973,0.0
64,0,3,periodic,20971520,121634816,0.4140625,0.8071748878923767,0.6390532544378699,0.4634146341463415,0.2918918918918919,0.038461538461538464,0.0
64,0,3,periodic,23068672,123731968,0.40625,0.8705882352941177,0.6262626262626263,0.5164835164835165,0.29559748427672955,0.020134228187919462,0.0
64,0,3,periodic,25165824,125829120,0.4228515625,0.8620689655172413,0.6484848484848484,0.4869109947643979,0.30120481927710846,0.050314465408805034,0.0
64,0,3,periodic,27262976,127926272,0.40234375,0.8305084745762712,0.5482233502538071,0.5397727272727273,0.2962962962962963,0.04195804195804196,0.0
64,0,3,periodic,29360128,130023424,0.3603515625,0.7872340425531915,0.5966850828729282,0.40476190476190477,0.24342105263157895,0.04819277108433735,0.0
64,0,3,periodic,31457280,132120576,0.369140625,0.8461538461538461,0.5480225988700564,0.4381443298969072,0.27647058823529413,0.0392156862745098,0.0
64,0,3,periodic,33554432,134217728,0.4267578125,0.907103825136612,0.6363636363636364,0.4888888888888889,0.3235294117647059,0.057692307692307696,0.0
64,0,3,periodic,35651584,136314880,0.3818359375,0.7938144329896907,0.6055555555555555,0.48484848484848486,0.2275132275132275,0.03496503496503497,0.0
64,0,3,periodic,37748736,138412032,0.4052734375,0.8505154639175257,0.7484276729559748,0.4573170731707317,0.2903225806451613,0.012195121951219513,0.0
64,0,3,periodic,39845888,140509184,0.42578125,0.8518518518518519,0.6388888888888888,0.5060240963855421,0.27976190476190477,0.0379746835443038,0.0
64,0,3,periodic,41943040,142606336,0.4208984375,0.8522167487684729,0.6610169491525424,0.5058139534883721,0.31210191082802546,0.030864197530864196,0.0
64,0,3,periodic,44040192,144703488,0.40625,0.8620689655172413,0.6467391304347826,0.546448087431694,0.2532467532467532,0.050314465408805034,0.0
64,0,3,periodic,46137344,146800640,0.369140625,0.8152173913043478,0.5847953216374269,0.4695121951219512,0.27672955974842767,0.03888888888888889,0.0
64,0,3,periodic,48234496,148897792,0.419921875,0.8531073446327684,0.6408839779005525,0.5573770491803278,0.2694610778443114,0.0935672514619883,0.0
64,0,3,periodic,50331648,150994944,0.390625,0.8527918781725888,0.6626506024096386,0.43558282208588955,0.21893491124260356,0.08092485549132948,0.0
64,0,3,phase_end,50331648,150994944,0.390625,0.8527918781725888,0.6626506024096386,0.43558282208588955,0.21893491124260356,0.08092485549132948,0.0
64,0,4,phase_start,0,150994944,0.3955078125,0.8380952380952381,0.6497175141242938,0.38596491228070173,0.21678321678321677,0.1111111111111111,0.0
64,0,4,periodic,2097152,153092096,0.37109375,0.8222222222222222,0.6285714285714286,0.3621621621621622,0.25,0.09195402298850575,0.0
64,0,4,periodic,4194304,155189248,0.419921875,0.8164251207729468,0.6470588235294118,0.41830065359477125,0.32386363636363635,0.1144578313253012,0.0
64,0,4,periodic,6291456,157286400,0.4013671875,0.851063829787234,0.62,0.4484848484848485,0.2483221476510067,0.10126582278481013,0.0
64,0,4,periodic,8388608,159383552,0.3857421875,0.8285714285714286,0.6818181818181818,0.445859872611465,0.23076923076923078,0.10588235294117647,0.0
64,0,4,periodic,10485760,161480704,0.4208984375,0.805,0.6265060240963856,0.4915254237288136,0.3651685393258427,0.1,0.0
64,0,4,periodic,12582912,163577856,0.4033203125,0.8235294117647058,0.64,0.4228571428571429,0.32386363636363635,0.0935672514619883,0.0
64,0,4,periodic,14680064,165675008,0.3984375,0.7980295566502463,0.6149068322981367,0.3977272727272727,0.37349397590361444,0.10638297872340426,0.0
64,0,4,periodic,16777216,167772160,0.3720703125,0.8118279569892473,0.627906976744186,0.4011627906976744,0.23030303030303031,0.0949367088607595,0.0
64,0,4,periodic,18874368,169869312,0.4072265625,0.8810810810810811,0.6511627906976745,0.4556213017751479,0.30128205128205127,0.10843373493975904,0.0
64,0,4,periodic,20971520,171966464,0.3955078125,0.8267326732673267,0.6145833333333334,0.4195804195804196,0.2919254658385093,0.08280254777070063,0.0
64,0,4,periodic,23068672,174063616,0.39453125,0.8202247191011236,0.6046511627906976,0.5088757396449705,0.292817679558011,0.08522727272727272,0.0
64,0,4,periodic,25165824,176160768,0.42578125,0.8226600985221675,0.6688311688311688,0.4857142857142857,0.3,0.11585365853658537,0.0
64,0,4,periodic,27262976,178257920,0.392578125,0.8078817733990148,0.592814371257485,0.39655172413793105,0.34177215189873417,0.0963855421686747,0.0
64,0,4,periodic,29360128,180355072,0.421875,0.8341232227488151,0.5824175824175825,0.5180722891566265,0.2947976878612717,0.08280254777070063,0.0
64,0,4,periodic,31457280,182452224,0.4169921875,0.839572192513369,0.6666666666666666,0.5176470588235295,0.31213872832369943,0.06451612903225806,0.0
64,0,4,periodic,33554432,184549376,0.408203125,0.8238341968911918,0.6271186440677966,0.41798941798941797,0.3355263157894737,0.11842105263157894,0.0
64,0,4,periodic,35651584,186646528,0.41796875,0.8404255319148937,0.6740331491712708,0.47023809523809523,0.2865853658536585,0.13333333333333333,0.0
64,0,4,periodic,37748736,188743680,0.3505859375,0.8571428571428571,0.5988372093023255,0.37058823529411766,0.2265193370165746,0.07865168539325842,0.0
64,0,4,periodic,39845888,190840832,0.3876953125,0.8238341968911918,0.6212121212121212,0.38311688311688313,0.2781065088757396,0.06382978723404255,0.0
64,0,4,periodic,41943040,192937984,0.4404296875,0.8325123152709359,0.6744186046511628,0.44751381215469616,0.4011627906976744,0.10526315789473684,0.0
64,0,4,periodic,44040192,195035136,0.404296875,0.8524590163934426,0.625,0.463855421686747,0.32085561497326204,0.07482993197278912,0.0
64,0,4,periodic,46137344,197132288,0.40234375,0.8267326732673267,0.6375,0.4972067039106145,0.23170731707317074,0.10596026490066225,0.0
64,0,4,periodic,48234496,199229440,0.392578125,0.8131313131313131,0.6127167630057804,0.4675324675324675,0.2918918918918919,0.055900621118012424,0.0
64,0,4,periodic,50331648,201326592,0.41015625,0.8673469387755102,0.631578947368421,0.4269005847953216,0.34177215189873417,0.09433962264150944,0.0
64,0,4,phase_end,50331648,201326592,0.41015625,0.8673469387755102,0.631578947368421,0.4269005847953216,0.34177215189873417,0.09433962264150944,0.0
64,1,1,phase_start,0,0,0.0302734375,0.1282051282051282,0.05732484076433121,0.006369426751592357,0.005494505494505495,0.0,0.0
64,1,1,periodic,2097152,2097152,0.3369140625,0.7955801104972375,0.5824175824175825,0.3693181818181818,0.16883116883116883,0.023809523809523808,0.0
64,1,1,periodic,4194304,4194304,0.3662109375,0.8144329896907216,0.6105263157894737,0.34911242603550297,0.18716577540106952,0.05303030303030303,0.0
64,1,1,periodic,6291456,6291456,0.3779296875,0.78125,0.5930232558139535,0.5056179775280899,0.2229299363057325,0.0625,0.0
64,1,1,periodic,8388608,8388608,0.41796875,0.8947368421052632,0.5970149253731343,0.4941860465116279,0.21935483870967742,0.11875,0.0
64,1,1,periodic,10485760,10485760,0.365234375,0.8662790697674418,0.6198830409356725,0.3770491803278688,0.23204419889502761,0.052980132450331126,0.0
64,1,1,periodic,12582912,12582912,0.408203125,0.8717948717948718,0.6569767441860465,0.41361256544502617,0.27607361963190186,0.07333333333333333,0.0
64,1,1,periodic,14680064,14680064,0.3857421875,0.8695652173913043,0.6171428571428571,0.4421052631578947,0.21341463414634146,0.05228758169934641,0.0
64,1,1,periodic,16777216,16777216,0.3916015625,0.8217821782178217,0.6573033707865169,0.4114285714285714,0.2289156626506024,0.05714285714285714,0.0
64,1,1,periodic,18874368,18874368,0.3759765625,0.8442211055276382,0.5833333333333334,0.3375,0.2573099415204678,0.051470588235294115,0.0
64,1,1,periodic,20971520,20971520,0.357421875,0.7903225806451613,0.5885714285714285,0.39344262295081966,0.2064516129032258,0.06779661016949153,0.0
64,1,1,periodic,23068672,23068672,0.3662109375,0.8723404255319149,0.5873015873015873,0.3392857142857143,0.18125,0.08092485549132948,0.0
64,1,1,periodic,25165824,25165824,0.35546875,0.819672131147541,0.5860215053763441,0.3333333333333333,0.20238095238095238,0.06432748538011696,0.0
64,1,1,periodic,27262976,27262976,0.35546875,0.817258883248731,0.6075949367088608,0.3763440860215054,0.18012422360248448,0.04938271604938271,0.0
64,1,1,periodic,29360128,29360128,0.3564453125,0.817258883248731,0.5306122448979592,0.3742690058479532,0.18439716312056736,0.06666666666666667,0.0
64,1,1,periodic,31457280,31457280,0.349609375,0.8258426966292135,0.6444444444444445,0.34210526315789475,0.19411764705882353,0.053475935828877004,0.0
64,1,1,periodic,33554432,33554432,0.3779296875,0.841025641025641,0.5978260869565217,0.39869281045751637,0.23391812865497075,0.07741935483870968,0.0
64,1,1,periodic,35651584,35651584,0.3681640625,0.8466257668711656,0.6650246305418719,0.3167701863354037,0.2388888888888889,0.060240963855421686,0.0
64,1,1,periodic,37748736,37748736,0.3779296875,0.8154761904761905,0.6047619047619047,0.4411764705882353,0.28368794326241137,0.046511627906976744,0.0
64,1,1,periodic,39845888,39845888,0.3681640625,0.8444444444444444,0.6538461538461539,0.38372093023255816,0.22488038277511962,0.06535947712418301,0.0
64,1,1,periodic,41943040,41943040,0.357421875,0.7952380952380952,0.6306818181818182,0.3727810650887574,0.1503267973856209,0.014084507042253521,0.0
64,1,1,periodic,44040192,44040192,0.36328125,0.8514285714285714,0.5892857142857143,0.39901477832512317,0.18902439024390244,0.07547169811320754,0.0
64,1,1,periodic,46137344,46137344,0.3564453125,0.903954802259887,0.5625,0.36129032258064514,0.19318181818181818,0.03954802259887006,0.0
64,1,1,periodic,48234496,48234496,0.369140625,0.8691588785046729,0.5903614457831325,0.34545454545454546,0.19607843137254902,0.04794520547945205,0.0
64,1,1,periodic,50331648,50331648,0.3828125,0.8829268292682927,0.6348314606741573,0.30864197530864196,0.23214285714285715,0.05625,0.0
64,1,1,phase_end,50331648,50331648,0.3828125,0.8829268292682927,0.6348314606741573,0.30864197530864196,0.23214285714285715,0.05625,0.0
64,1,2,phase_start,0,50331648,0.5029296875,0.8995633187772926,0.8,0.5416666666666666,0.23376623376623376,0.1506849315068493,0.030303030303030304
64,1,2,periodic,2097152,52428800,0.4296875,0.8858695652173914,0.7771428571428571,0.47752808988764045,0.25,0.07692307692307693,0.023391812865497075
64,1,2,periodic,4194304,54525952,0.470703125,0.8732394366197183,0.8040201005025126,0.5032679738562091,0.23376623376623376,0.11643835616438356,0.03773584905660377
64,1,2,periodic,6291456,56623104,0.4326171875,0.8627450980392157,0.7710843373493976,0.49707602339181284,0.1853932584269663,0.11333333333333333,0.025806451612903226
64,1,2,periodic,8388608,58720256,0.4599609375,0.8769230769230769,0.7868852459016393,0.5112359550561798,0.25,0.13580246913580246,0.007246376811594203
64,1,2,periodic,10485760,60817408,0.482421875,0.9180327868852459,0.8195121951219512,0.5697674418604651,0.17679558011049723,0.17985611510791366,0.020833333333333332
64,1,2,periodic,12582912,62914560,0.46875,0.8736263736263736,0.7692307692307693,0.5310734463276836,0.25,0.15333333333333332,0.007407407407407408
64,1,2,periodic,14680064,65011712,0.48046875,0.868020304568528,0.8106796116504854,0.5802469135802469,0.21341463414634146,0.13636363636363635,0.028368794326241134
64,1,2,periodic,16777216,67108864,0.501953125,0.8803827751196173,0.8310502283105022,0.56,0.19014084507042253,0.18032786885245902,0.006369426751592357
64,1,2,periodic,18874368,69206016,0.4951171875,0.8697916666666666,0.8325358851674641,0.5769230769230769,0.26506024096385544,0.10738255033557047,0.007936507936507936
64,1,2,periodic,20971520,71303168,0.4775390625,0.8527918781725888,0.8390243902439024,0.4946236559139785,0.2215568862275449,0.13636363636363635,0.014598540145985401
64,1,2,periodic,23068672,73400320,0.484375,0.9181818181818182,0.8186813186813187,0.5214723926380368,0.22151898734177214,0.1375,0.02127659574468085
64,1,2,periodic,25165824,75497472,0.4599609375,0.8644859813084113,0.8083832335329342,0.5730994152046783,0.2,0.0903954802259887,0.037037037037037035
64,1,2,periodic,27262976,77594624,0.4150390625,0.8928571428571429,0.7283950617283951,0.49101796407185627,0.16580310880829016,0.11564625850340136,0.006289308176100629
64,1,2,periodic,29360128,79691776,0.439453125,0.8983957219251337,0.7877094972067039,0.49473684210526314,0.16265060240963855,0.11538461538461539,0.0136986301369863
64,1,2,periodic,31457280,81788928,0.44921875,0.8578199052132701,0.7816091954022989,0.5056818181818182,0.2119205298013245,0.12179487179487179,0.019230769230769232
64,1,2,periodic,33554432,83886080,0.498046875,0.908675799086758,0.8308457711442786,0.5414012738853503,0.2708333333333333,0.1111111111111111,0.014184397163120567
64,1,2,periodic,35651584,85983232,0.4873046875,0.9025641025641026,0.7961165048543689,0.5614035087719298,0.2375,0.1509433962264151,0.007518796992481203
64,1,2,periodic,37748736,88080384,0.4609375,0.868020304568528,0.7927461139896373,0.52046783625731,0.22818791946308725,0.13372093023255813,0.014084507042253521
64,1,2,periodic,39845888,90177536,0.470703125,0.8514285714285714,0.79,0.5947368421052631,0.20588235294117646,0.16560509554140126,0.007575757575757576
64,1,2,periodic,41943040,92274688,0.482421875,0.8552036199095022,0.7892156862745098,0.5269461077844312,0.23417721518987342,0.12213740458015267,0.02097902097902098
64,1,2,periodic,44040192,94371840,0.5,0.8904761904761904,0.8415841584158416,0.6060606060606061,0.1910828025477707,0.13291139240506328,0.030303030303030304
64,1,2,periodic,46137344,96468992,0.46484375,0.900497512437811,0.772020725388601,0.484375,0.2532467532467532,0.07857142857142857,0.020833333333333332
64,1,2,periodic,48234496,98566144,0.4658203125,0.8702702702702703,0.8636363636363636,0.5194174757281553,0.21333333333333335,0.16666666666666666,0.011834319526627219
64,1,2,periodic,50331648,100663296,0.4794921875,0.8910891089108911,0.8048780487804879,0.5284090909090909,0.1901840490797546,0.14705882352941177,0.014084507042253521
64,1,2,phase_end,50331648,100663296,0.4794921875,0.8910891089108911,0.8048780487804879,0.5284090909090909,0.1901840490797546,0.14705882352941177,0.014084507042253521
64,1,3,phase_start,0,100663296,0.4072265625,0.8556701030927835,0.5901639344262295,0.52,0.25477707006369427,0.0784313725490196,0.0
64,1,3,periodic,2097152,102760448,0.4033203125,0.841025641025641,0.6566265060240963,0.4897959183673469,0.2532467532467532,0.032679738562091505,0.0
64,1,3,periodic,4194304,104857600,0.37890625,0.8252427184466019,0.5786163522012578,0.4935897435897436,0.2654320987654321,0.03278688524590164,0.0
64,1,3,periodic,6291456,106954752,0.4091796875,0.8380952380952381,0.6486486486486487,0.46285714285714286,0.2484076433121019,0.01910828025477707,0.0
64,1,3,periodic,8388608,109051904,0.37890625,0.791907514450867,0.6045197740112994,0.5202312138728323,0.25882352941176473,0.05714285714285714,0.0
64,1,3,periodic,10485760,111149056,0.404296875,0.8382352941176471,0.6720430107526881,0.48936170212765956,0.2694610778443114,0.025477707006369428,0.0
64,1,3,periodic,12582912,113246208,0.4365234375,0.9069767441860465,0.650887573964497,0.6021505376344086,0.33513513513513515,0.04827586206896552,0.0
64,1,3,periodic,14680064,115343360,0.4140625,0.8407079646017699,0.631578947368421,0.48322147651006714,0.2823529411764706,0.03870967741935484,0.0
64,1,3,periodic,16777216,117440512,0.4365234375,0.8229665071770335,0.7398843930635838,0.5246913580246914,0.3558282208588957,0.021739130434782608,0.0
64,1,3,periodic,18874368,119537664,0.3828125,0.8154761904761905,0.5837837837837838,0.510989010989011,0.2564102564102564,0.08860759493670886,0.0
64,1,3,periodic,20971520,121634816,0.427734375,0.8706467661691543,0.6108108108108108,0.5222222222222223,0.2962962962962963,0.05517241379310345,0.0
64,1,3,periodic,23068672,123731968,0.4306640625,0.8633879781420765,0.7111111111111111,0.5055555555555555,0.3333333333333333,0.040268456375838924,0.0
64,1,3,periodic,25165824,125829120,0.4033203125,0.8402061855670103,0.6230366492146597,0.49696969696969695,0.27710843373493976,0.01818181818181818,0.0
64,1,3,periodic,27262976,127926272,0.41015625,0.7980295566502463,0.6685082872928176,0.4864864864864865,0.34269662921348315,0.023952095808383235,0.0
64,1,3,periodic,29360128,130023424,0.4296875,0.8333333333333334,0.7096774193548387,0.5562130177514792,0.26136363636363635,0.02027027027027027,0.0
64,1,3,periodic,31457280,132120576,0.4296875,0.8232323232323232,0.6927374301675978,0.6036585365853658,0.2893081761006289,0.049079754601226995,0.0
64,1,3,periodic,33554432,134217728,0.45703125,0.9040404040404041,0.6649484536082474,0.5568181818181818,0.32727272727272727,0.05673758865248227,0.0
64,1,3,periodic,35651584,136314880,0.416015625,0.8894736842105263,0.6167664670658682,0.5434782608695652,0.30246913580246915,0.031055900621118012,0.0
64,1,3,periodic,37748736,138412032,0.3984375,0.8159203980099502,0.6352201257861635,0.5052631578947369,0.2484472049689441,0.043478260869565216,0.0
64,1,3,periodic,39845888,140509184,0.3994140625,0.8397790055248618,0.6190476190476191,0.4941860465116279,0.3037974683544304,0.043478260869565216,0.0
64,1,3,periodic,41943040,142606336,0.4150390625,0.8477157360406091,0.6032608695652174,0.5568181818181818,0.3,0.025157232704402517,0.0
64,1,3,periodic,44040192,144703488,0.3779296875,0.8090452261306532,0.5581395348837209,0.45614035087719296,0.25882352941176473,0.052980132450331126,0.0
64,1,3,periodic,46137344,146800640,0.384765625,0.8375634517766497,0.5573770491803278,0.4576271186440678,0.27564102564102566,0.018633540372670808,0.0
64,1,3,periodic,48234496,148897792,0.376953125,0.8085106382978723,0.6022099447513812,0.4876543209876543,0.2634730538922156,0.012422360248447204,0.0
64,1,3,periodic,50331648,150994944,0.4140625,0.855072463768116,0.6166666666666667,0.512987012987013,0.32298136645962733,0.030303030303030304,0.0
64,1,3,phase_end,50331648,150994944,0.4140625,0.855072463768116,0.6166666666666667,0.512987012987013,0.32298136645962733,0.030303030303030304,0.0
64,1,4,phase_start,0,150994944,0.40625,0.7816091954022989,0.6216216216216216,0.49696969696969695,0.35359116022099446,0.12258064516129032,0.0
64,1,4,periodic,2097152,153092096,0.388671875,0.8095238095238095,0.580110497237569,0.4742857142857143,0.29375,0.06578947368421052,0.0
64,1,4,periodic,4194304,155189248,0.3984375,0.8201058201058201,0.6424581005586593,0.4805194805194805,0.27647058823529413,0.10559006211180125,0.0
64,1,4,periodic,6291456,157286400,0.4482421875,0.8426395939086294,0.6842105263157895,0.4939759036144578,0.32978723404255317,0.11801242236024845,0.0
64,1,4,periodic,8388608,159383552,0.3955078125,0.8085106382978723,0.5414364640883977,0.47560975609756095,0.3473053892215569,0.12025316455696203,0.0
64,1,4,periodic,10485760,161480704,0.416015625,0.8421052631578947,0.6994219653179191,0.4647058823529412,0.31333333333333335,0.10497237569060773,0.0
64,1,4,periodic,12582912,163577856,0.4150390625,0.8349056603773585,0.6022099447513812,0.425531914893617,0.24848484848484848,0.12857142857142856,0.0
64,1,4,periodic,14680064,165675008,0.3896484375,0.8085106382978723,0.6440677966101694,0.42771084337349397,0.3,0.07692307692307693,0.0
64,1,4,periodic,16777216,167772160,0.4111328125,0.8238993710691824,0.6813186813186813,0.49019607843137253,0.29891304347826086,0.08270676691729323,0.0
64,1,4,periodic,18874368,169869312,0.376953125,0.7724867724867724,0.6077348066298343,0.4044943820224719,0.30612244897959184,0.07514450867052024,0.0
64,1,4,periodic,20971520,171966464,0.4208984375,0.8021978021978022,0.643979057591623,0.49101796407185627,0.39751552795031053,0.09195402298850575,0.0
64,1,4,periodic,23068672,174063616,0.41015625,0.8247422680412371,0.6647398843930635,0.45652173913043476,0.2883435582822086,0.08383233532934131,0.0
64,1,4,periodic,25165824,176160768,0.4482421875,0.8592233009708737,0.702247191011236,0.46408839779005523,0.3333333333333333,0.1320754716981132,0.0
64,1,4,periodic,27262976,178257920,0.3779296875,0.7967032967032966,0.6224489795918368,0.41830065359477125,0.26744186046511625,0.07352941176470588,0.0
64,1,4,periodic,29360128,180355072,0.392578125,0.856353591160221,0.7083333333333334,0.445859872611465,0.2647058823529412,0.07471264367816093,0.0
64,1,4,periodic,31457280,182452224,0.40234375,0.8308457711442786,0.6647058823529411,0.42948717948717946,0.24848484848484848,0.13186813186813187,0.0
64,1,4,periodic,33554432,184549376,0.412109375,0.8490566037735849,0.6,0.43010752688172044,0.25625,0.087248322147651,0.0
64,1,4,periodic,35651584,186646528,0.408203125,0.7727272727272727,0.6636363636363637,0.47093023255813954,0.2621951219512195,0.07453416149068323,0.0
64,1,4,periodic,37748736,188743680,0.3974609375,0.7842105263157895,0.5680473372781065,0.4658385093167702,0.35260115606936415,0.15384615384615385,0.0
64,1,4,periodic,39845888,190840832,0.3662109375,0.7905759162303665,0.576271186440678,0.4240506329113924,0.20930232558139536,0.11949685534591195,0.0
64,1,4,periodic,41943040,192937984,0.4208984375,0.8520408163265306,0.6972972972972973,0.4303030303030303,0.3037974683544304,0.09142857142857143,0.0
64,1,4,periodic,44040192,195035136,0.3994140625,0.7846153846153846,0.640625,0.4539877300613497,0.2926829268292683,0.06875,0.0
64,1,4,periodic,46137344,197132288,0.3818359375,0.8268156424581006,0.5773195876288659,0.44242424242424244,0.2737430167597765,0.059602649006622516,0.0
64,1,4,periodic,48234496,199229440,0.3994140625,0.8435754189944135,0.625,0.46629213483146065,0.3163841807909605,0.08536585365853659,0.0
64,1,4,periodic,50331648,201326592,0.404296875,0.8292682926829268,0.6057142857142858,0.48466257668711654,0.27325581395348836,0.07142857142857142,0.0
64,1,4,phase_end,50331648,201326592,0.404296875,0.8292682926829268,0.6057142857142858,0.48466257668711654,0.27325581395348836,0.07142857142857142,0.0
64,2,1,phase_start,0,0,0.033203125,0.13372093023255813,0.04827586206896552,0.016483516483516484,0.006535947712418301,0.0,0.0
64,2,1,periodic,2097152,2097152,0.0009765625,0.006172839506172839,0.0,0.0,0.0,0.0,0.0
64,2,1,periodic,4194304,4194304,0.3798828125,0.8301886792452831,0.5743589743589743,0.3503184713375796,0.21153846153846154,0.08496732026143791,0.0
64,2,1,periodic,6291456,6291456,0.3759765625,0.8541666666666666,0.5988023952095808,0.39779005524861877,0.25316455696202533,0.05232558139534884,0.0
64,2,1,periodic,8388608,8388608,0.390625,0.7832512315270936,0.616504854368932,0.41333333333333333,0.26582278481012656,0.06802721088435375,0.0
64,2,1,periodic,10485760,10485760,0.390625,0.8172043010752689,0.64,0.4251497005988024,0.2064516129032258,0.09659090909090909,0.0
64,2,1,periodic,12582912,12582912,0.376953125,0.82,0.6243093922651933,0.3987341772151899,0.19883040935672514,0.07453416149068323,0.0
64,2,1,periodic,14680064,14680064,0.3642578125,0.8125,0.6428571428571429,0.3433734939759036,0.22151898734177214,0.05128205128205128,0.0
64,2,1,periodic,16777216,16777216,0.365234375,0.8628571428571429,0.5846994535519126,0.3941176470588235,0.21511627906976744,0.06936416184971098,0.0
64,2,1,periodic,18874368,18874368,0.3623046875,0.7714285714285715,0.5728643216080402,0.48,0.2625,0.047619047619047616,0.0
64,2,1,periodic,20971520,20971520,0.3642578125,0.7962085308056872,0.6032608695652174,0.3082191780821918,0.2159090909090909,0.0718954248366013,0.0
64,2,1,periodic,23068672,23068672,0.3896484375,0.8613861386138614,0.5885714285714285,0.4567901234567901,0.25165562913907286,0.06493506493506493,0.0
64,2,1,periodic,25165824,25165824,0.375,0.8186528497409327,0.6237623762376238,0.36363636363636365,0.19594594594594594,0.06832298136645963,0.0
64,2,1,periodic,27262976,27262976,0.365234375,0.8736263736263736,0.5583756345177665,0.33532934131736525,0.20348837209302326,0.08917197452229299,0.0
64,2,1,periodic,29360128,29360128,0.3515625,0.7857142857142857,0.5769230769230769,0.39204545454545453,0.19653179190751446,0.058823529411764705,0.0
64,2,1,periodic,31457280,31457280,0.34765625,0.8,0.6384180790960452,0.35789473684210527,0.2,0.06172839506172839,0.0
64,2,1,periodic,33554432,33554432,0.376953125,0.7819905213270142,0.6054054054054054,0.3939393939393939,0.21084337349397592,0.05806451612903226,0.0
64,2,1,periodic,35651584,35651584,0.3740234375,0.8316326530612245,0.5968586387434555,0.3977272727272727,0.1746987951807229,0.0457516339869281,0.0
64,2,1,periodic,37748736,37748736,0.3642578125,0.8379888268156425,0.6,0.3023255813953488,0.24260355029585798,0.04794520547945205,0.0
64,2,1,periodic,39845888,39845888,0.365234375,0.8277777777777777,0.56,0.40425531914893614,0.26011560693641617,0.040268456375838924,0.0
64,2,1,periodic,41943040,41943040,0.37890625,0.8418367346938775,0.664804469273743,0.3941176470588235,0.19879518072289157,0.024844720496894408,0.0
64,2,1,periodic,44040192,44040192,0.3662109375,0.7715736040609137,0.6628571428571428,0.38953488372093026,0.19753086419753085,0.050955414012738856,0.0
64,2,1,periodic,46137344,46137344,0.3779296875,0.845360824742268,0.5642458100558659,0.40298507462686567,0.17763157894736842,0.10144927536231885,0.0
64,2,1,periodic,48234496,48234496,0.3955078125,0.8407960199004975,0.6683937823834197,0.40764331210191085,0.23125,0.0379746835443038,0.0
64,2,1,periodic,50331648,50331648,0.3359375,0.776536312849162,0.5837837837837838,0.35403726708074534,0.1794871794871795,0.06666666666666667,0.0
64,2,1,phase_end,50331648,50331648,0.3359375,0.776536312849162,0.5837837837837838,0.35403726708074534,0.1794871794871795,0.06666666666666667,0.0
64,2,2,phase_start,0,50331648,0.4443359375,0.7947368421052632,0.8,0.4860335195530726,0.2484076433121019,0.13793103448275862,0.012658227848101266
64,2,2,periodic,2097152,52428800,0.474609375,0.8640776699029126,0.8333333333333334,0.5113636363636364,0.30303030303030304,0.12337662337662338,0.026845637583892617
64,2,2,periodic,4194304,54525952,0.419921875,0.8586387434554974,0.7513513513513513,0.4745762711864407,0.1597222222222222,0.10975609756097561,0.012269938650306749
64,2,2,periodic,6291456,56623104,0.42578125,0.852017937219731,0.743421052631579,0.43010752688172044,0.2013888888888889,0.12738853503184713,0.024691358024691357
64,2,2,periodic,8388608,58720256,0.4765625,0.9034090909090909,0.8131313131313131,0.5193370165745856,0.2823529411764706,0.13953488372093023,0.015748031496062992
64,2,2,periodic,10485760,60817408,0.439453125,0.8924731182795699,0.7311827956989247,0.4878048780487805,0.2677595628415301,0.09523809523809523,0.021897810218978103
64,2,2,periodic,12582912,62914560,0.494140625,0.9033816425120773,0.8159203980099502,0.5517241379310345,0.26811594202898553,0.12269938650306748,0.014184397163120567
64,2,2,periodic,14680064,65011712,0.439453125,0.8783068783068783,0.75,0.4748603351955307,0.21935483870967742,0.09395973154362416,0.02564102564102564
64,2,2,periodic,16777216,67108864,0.4990234375,0.8865546218487395,0.7799043062200957,0.5185185185185185,0.23404255319148937,0.11851851851851852,0.02877697841726619
64,2,2,periodic,18874368,69206016,0.4345703125,0.8518518518518519,0.7712765957446809,0.4715909090909091,0.22424242424242424,0.12101910828025478,0.0
64,2,2,periodic,20971520,71303168,0.48046875,0.9077669902912622,0.8306010928961749,0.4972677595628415,0.2111801242236025,0.15894039735099338,0.02857142857142857
64,2,2,periodic,23068672,73400320,0.42578125,0.89375,0.7526881720430108,0.5217391304347826,0.24193548387096775,0.15217391304347827,0.047058823529411764
64,2,2,periodic,25165824,75497472,0.4619140625,0.8509615384615384,0.8020304568527918,0.49101796407185627,0.2198581560283688,0.16216216216216217,0.006134969325153374
64,2,2,periodic,27262976,77594624,0.46875,0.8934010152284264,0.8181818181818182,0.4797687861271676,0.28823529411764703,0.1793103448275862,0.012269938650306749
64,2,2,periodic,29360128,79691776,0.4697265625,0.864321608040201,0.81,0.5260115606936416,0.22297297297297297,0.12903225806451613,0.020134228187919462
64,2,2,periodic,31457280,81788928,0.5,0.9047619047619048,0.8010471204188482,0.5320197044334976,0.24489795918367346,0.1527777777777778,0.023255813953488372
64,2,2,periodic,33554432,83886080,0.4716796875,0.9213483146067416,0.7839195979899497,0.5164835164835165,0.24444444444444444,0.13986013986013987,0.035211267605633804
64,2,2,periodic,35651584,85983232,0.4873046875,0.9387755102040817,0.7788018433179723,0.4885057471264368,0.23333333333333334,0.16233766233766234,0.007518796992481203
64,2,2,periodic,37748736,88080384,0.46484375,0.8814432989690721,0.7931034482758621,0.47398843930635837,0.2903225806451613,0.10666666666666667,0.006711409395973154
64,2,2,periodic,39845888,90177536,0.4365234375,0.8980582524271845,0.7150837988826816,0.514792899408284,0.17164179104477612,0.11842105263157894,0.03260869565217391
64,2,2,periodic,41943040,92274688,0.4130859375,0.8985507246376812,0.8037974683544303,0.45185185185185184,0.18023255813953487,0.10303030303030303,0.0053475935828877
64,2,2,periodic,44040192,94371840,0.4306640625,0.8549222797927462,0.7928994082840237,0.5588235294117647,0.1901840490797546,0.06976744186046512,0.025477707006369428
64,2,2,periodic,46137344,96468992,0.4482421875,0.8814432989690721,0.7373737373737373,0.480225988700565,0.2222222222222222,0.1038961038961039,0.0472972972972973
64,2,2,periodic,48234496,98566144,0.46875,0.8756218905472637,0.8,0.5257142857142857,0.23076923076923078,0.13333333333333333,0.007194244604316547
64,2,2,periodic,50331648,100663296,0.431640625,0.8601036269430051,0.8263473053892215,0.4712041884816754,0.19135802469135801,0.09722222222222222,0.017964071856287425
64,2,2,phase_end,50331648,100663296,0.431640625,0.8601036269430051,0.8263473053892215,0.4712041884816754,0.19135802469135801,0.09722222222222222,0.017964071856287425
64,2,3,phase_start,0,100663296,0.404296875,0.8364485981308412,0.6166666666666667,0.4896551724137931,0.28160919540229884,0.027972027972027972,0.0
64,2,3,periodic,2097152,102760448,0.4072265625,0.875,0.5888888888888889,0.5443037974683544,0.19480519480519481,0.03773584905660377,0.0
64,2,3,periodic,4194304,104857600,0.4248046875,0.8564356435643564,0.6706586826347305,0.4919786096256685,0.2810810810810811,0.041379310344827586,0.0
64,2,3,periodic,6291456,106954752,0.4208984375,0.82,0.6602564102564102,0.5161290322580645,0.3407821229050279,0.05426356589147287,0.0
64,2,3,periodic,8388608,109051904,0.392578125,0.8705882352941177,0.615819209039548,0.5111111111111111,0.28994082840236685,0.024844720496894408,0.0
64,2,3,periodic,10485760,111149056,0.408203125,0.8282828282828283,0.634020618556701,0.4807692307692308,0.29545454545454547,0.02666666666666667,0.0
64,2,3,periodic,12582912,113246208,0.3974609375,0.8253968253968254,0.7134502923976608,0.47368421052631576,0.275,0.024242424242424242,0.0
64,2,3,periodic,14680064,115343360,0.439453125,0.8215962441314554,0.651685393258427,0.5828571428571429,0.29651162790697677,0.040268456375838924,0.0
64,2,3,periodic,16777216,117440512,0.3994140625,0.8535353535353535,0.5783783783783784,0.538961038961039,0.27058823529411763,0.025477707006369428,0.0
64,2,3,periodic,18874368,119537664,0.369140625,0.7166666666666667,0.6373056994818653,0.47398843930635837,0.24404761904761904,0.020689655172413793,0.0
64,2,3,periodic,20971520,121634816,0.423828125,0.8105263157894737,0.6565656565656566,0.5780346820809249,0.27388535031847133,0.04516129032258064,0.0
64,2,3,periodic,23068672,123731968,0.4267578125,0.8155339805825242,0.6373056994818653,0.5572916666666666,0.21830985915492956,0.05194805194805195,0.0
64,2,3,periodic,25165824,125829120,0.4326171875,0.8256880733944955,0.7175141242937854,0.49696969696969695,0.3157894736842105,0.03896103896103896,0.0
64,2,3,periodic,27262976,127926272,0.3720703125,0.8516483516483516,0.6335403726708074,0.44516129032258067,0.31788079470198677,0.034653465346534656,0.0
64,2,3,periodic,29360128,130023424,0.404296875,0.873015873015873,0.6956521739130435,0.4678362573099415,0.22580645161290322,0.03870967741935484,0.0
64,2,3,periodic,31457280,132120576,0.4169921875,0.8924731182795699,0.6555555555555556,0.5347593582887701,0.2356687898089172,0.04,0.0
64,2,3,periodic,33554432,134217728,0.4013671875,0.8497409326424871,0.6388888888888888,0.449438202247191,0.28402366863905326,0.024539877300613498,0.0
64,2,3,periodic,35651584,136314880,0.4189453125,0.8877005347593583,0.6519337016574586,0.5389221556886228,0.2857142857142857,0.04375,0.0
64,2,3,periodic,37748736,138412032,0.3857421875,0.8203883495145631,0.5783132530120482,0.49673202614379086,0.25842696629213485,0.04419889502762431,0.0
64,2,3,periodic,39845888,140509184,0.4267578125,0.8848167539267016,0.6440677966101694,0.5303867403314917,0.3128491620111732,0.012987012987012988,0.0
64,2,3,periodic,41943040,142606336,0.451171875,0.8009478672985783,0.6565656565656566,0.5647058823529412,0.38562091503267976,0.05405405405405406,0.0
64,2,3,periodic,44040192,144703488,0.4111328125,0.8578680203045685,0.6492146596858639,0.41954022988505746,0.2784090909090909,0.04,0.0
64,2,3,periodic,46137344,146800640,0.4560546875,0.875,0.6435643564356436,0.5586592178770949,0.33121019108280253,0.021897810218978103,0.0
64,2,3,periodic,48234496,148897792,0.40625,0.8695652173913043,0.6243093922651933,0.5108695652173914,0.24719101123595505,0.032679738562091505,0.0
64,2,3,periodic,50331648,150994944,0.392578125,0.8314606741573034,0.6649746192893401,0.445859872611465,0.28846153846153844,0.046511627906976744,0.0
64,2,3,phase_end,50331648,150994944,0.392578125,0.8314606741573034,0.6649746192893401,0.445859872611465,0.28846153846153844,0.046511627906976744,0.0
64,2,4,phase_start,0,150994944,0.416015625,0.7990196078431373,0.6336633663366337,0.4539877300613497,0.29559748427672955,0.08917197452229299,0.0
64,2,4,periodic,2097152,153092096,0.4189453125,0.8297872340425532,0.6625766871165644,0.4918918918918919,0.3392857142857143,0.10240963855421686,0.0
64,2,4,periodic,4194304,155189248,0.42578125,0.8862275449101796,0.6345177664974619,0.5026178010471204,0.3160919540229885,0.0851063829787234,0.0
64,2,4,periodic,6291456,157286400,0.4013671875,0.8203883495145631,0.6385542168674698,0.42168674698795183,0.2777777777777778,0.1206896551724138,0.0
64,2,4,periodic,8388608,159383552,0.3955078125,0.8054054054054054,0.6094674556213018,0.4336734693877551,0.28717948717948716,0.08333333333333333,0.0
64,2,4,periodic,10485760,161480704,0.3837890625,0.75,0.6122448979591837,0.5424836601307189,0.26666666666666666,0.08139534883720931,0.0
64,2,4,periodic,12582912,163577856,0.41015625,0.8284023668639053,0.6344086021505376,0.4574468085106383,0.3558282208588957,0.10843373493975904,0.0
64,2,4,periodic,14680064,165675008,0.3955078125,0.8333333333333334,0.6484848484848484,0.46107784431137727,0.2138364779874214,0.09340659340659341,0.0
64,2,4,periodic,16777216,167772160,0.3857421875,0.7932960893854749,0.5806451612903226,0.4,0.32222222222222224,0.10759493670886076,0.0
64,2,4,periodic,18874368,169869312,0.392578125,0.8615384615384616,0.6064516129032258,0.41040462427745666,0.2872340425531915,0.1,0.0
64,2,4,periodic,20971520,171966464,0.4140625,0.8121546961325967,0.6263736263736264,0.4695121951219512,0.3314917127071823,0.143646408839779,0.0
64,2,4,periodic,23068672,174063616,0.4423828125,0.8104265402843602,0.7647058823529411,0.4605263157894737,0.3469387755102041,0.11842105263157894,0.0
64,2,4,periodic,25165824,176160768,0.3984375,0.8288288288288288,0.6040268456375839,0.4049079754601227,0.30177514792899407,0.10559006211180125,0.0
64,2,4,periodic,27262976,178257920,0.408203125,0.8163265306122449,0.6684210526315789,0.44805194805194803,0.24848484848484848,0.14189189189189189,0.0
64,2,4,periodic,29360128,180355072,0.412109375,0.7871287128712872,0.6243093922651933,0.45555555555555555,0.33540372670807456,0.09333333333333334,0.0
64,2,4,periodic,31457280,182452224,0.4052734375,0.7938144329896907,0.6214689265536724,0.47023809523809523,0.3072916666666667,0.07647058823529412,0.0
64,2,4,periodic,33554432,184549376,0.392578125,0.8258426966292135,0.6461538461538462,0.4,0.24157303370786518,0.10526315789473684,0.0
64,2,4,periodic,35651584,186646528,0.3701171875,0.8181818181818182,0.6216216216216216,0.3875,0.22162162162162163,0.0547945205479452,0.0
64,2,4,periodic,37748736,188743680,0.3974609375,0.7752808988764045,0.6157894736842106,0.4550561797752809,0.29310344827586204,0.12658227848101267,0.0
64,2,4,periodic,39845888,190840832,0.3701171875,0.7988505747126436,0.625,0.41935483870967744,0.2634730538922156,0.0903954802259887,0.0
64,2,4,periodic,41943040,192937984,0.4208984375,0.8705357142857143,0.64375,0.38181818181818183,0.3273809523809524,0.0949367088607595,0.0
64,2,4,periodic,44040192,195035136,0.412109375,0.8075117370892019,0.6519337016574586,0.45930232558139533,0.25,0.0967741935483871,0.0
64,2,4,periodic,46137344,197132288,0.41015625,0.8387096774193549,0.6410256410256411,0.4327485380116959,0.29714285714285715,0.1,0.0
64,2,4,periodic,48234496,199229440,0.423828125,0.8602150537634409,0.6348314606741573,0.5112359550561798,0.34705882352941175,0.07432432432432433,0.0
64,2,4,periodic,50331648,201326592,0.42578125,0.8324607329842932,0.6962025316455697,0.4858757062146893,0.32142857142857145,0.125,0.0
64,2,4,phase_end,50331648,201326592,0.42578125,0.8324607329842932,0.6962025316455697,0.4858757062146893,0.32142857142857145,0.125,0.0
64,3,1,phase_start,0,0,0.03515625,0.17307692307692307,0.04,0.012195121951219513,0.0,0.0,0.0
64,3,1,periodic,2097152,2097152,0.0302734375,0.15254237288135594,0.017045454545454544,0.00625,0.0,0.0,0.0
64,3,1,periodic,4194304,4194304,0.369140625,0.8894736842105263,0.5,0.4269005847953216,0.18285714285714286,0.03355704697986577,0.0
64,3,1,periodic,6291456,6291456,0.3759765625,0.8333333333333334,0.6141304347826086,0.39267015706806285,0.225,0.03870967741935484,0.0
64,3,1,periodic,8388608,8388608,0.3740234375,0.8240740740740741,0.6257309941520468,0.3355263157894737,0.22727272727272727,0.04375,0.0
64,3,1,periodic,10485760,10485760,0.3818359375,0.8333333333333334,0.6138613861386139,0.36363636363636365,0.281767955801105,0.05813953488372093,0.0
64,3,1,periodic,12582912,12582912,0.3955078125,0.8640776699029126,0.6108108108108108,0.4046242774566474,0.23353293413173654,0.03676470588235294,0.0
64,3,1,periodic,14680064,14680064,0.3525390625,0.8492462311557789,0.5644171779141104,0.3253012048192771,0.19662921348314608,0.07051282051282051,0.0
64,3,1,periodic,16777216,16777216,0.35546875,0.8255813953488372,0.5951219512195122,0.34210526315789475,0.2392638036809816,0.04712041884816754,0.0
64,3,1,periodic,18874368,18874368,0.36328125,0.8263157894736842,0.612565445026178,0.41509433962264153,0.19480519480519481,0.013245033112582781,0.0
64,3,1,periodic,20971520,20971520,0.373046875,0.8502415458937198,0.5988023952095808,0.3442622950819672,0.24691358024691357,0.01744186046511628,0.0
64,3,1,periodic,23068672,23068672,0.3623046875,0.8418079096045198,0.5865921787709497,0.3815028901734104,0.2331288343558282,0.08024691358024691,0.0
64,3,1,periodic,25165824,25165824,0.3740234375,0.8391959798994975,0.5769230769230769,0.43258426966292135,0.1935483870967742,0.026490066225165563,0.0
64,3,1,periodic,27262976,27262976,0.3720703125,0.7589743589743589,0.6612021857923497,0.42592592592592593,0.20245398773006135,0.06172839506172839,0.0
64,3,1,periodic,29360128,29360128,0.365234375,0.8763440860215054,0.5923566878980892,0.39490445859872614,0.22404371584699453,0.08620689655172414,0.0
64,3,1,periodic,31457280,31457280,0.388671875,0.825,0.6373056994818653,0.4303030303030303,0.17197452229299362,0.07228915662650602,0.0
64,3,1,periodic,33554432,33554432,0.3359375,0.7988826815642458,0.5960264900662252,0.3836477987421384,0.21195652173913043,0.06626506024096386,0.0
64,3,1,periodic,35651584,35651584,0.3876953125,0.8031088082901554,0.5915492957746479,0.44936708860759494,0.24203821656050956,0.046052631578947366,0.0
64,3,1,periodic,37748736,37748736,0.3671875,0.8087431693989071,0.5489130434782609,0.35555555555555557,0.29444444444444445,0.0684931506849315,0.0
64,3,1,periodic,39845888,39845888,0.3583984375,0.8035714285714286,0.5696969696969697,0.3016759776536313,0.18562874251497005,0.055944055944055944,0.0
64,3,1,periodic,41943040,41943040,0.369140625,0.84472049689441,0.625,0.42574257425742573,0.2602739726027397,0.049079754601226995,0.0
64,3,1,periodic,44040192,44040192,0.36328125,0.8208092485549133,0.6054054054054054,0.43373493975903615,0.20238095238095238,0.0784313725490196,0.0
64,3,1,periodic,46137344,46137344,0.408203125,0.8333333333333334,0.6294416243654822,0.42045454545454547,0.3051948051948052,0.08496732026143791,0.0
64,3,1,periodic,48234496,48234496,0.3681640625,0.7872340425531915,0.6528497409326425,0.35625,0.22560975609756098,0.05660377358490566,0.0
64,3,1,periodic,50331648,50331648,0.3515625,0.8131313131313131,0.5958904109589042,0.44155844155844154,0.20670391061452514,0.03763440860215054,0.0
64,3,1,phase_end,50331648,50331648,0.3515625,0.8131313131313131,0.5958904109589042,0.44155844155844154,0.20670391061452514,0.03763440860215054,0.0
64,3,2,phase_start,0,50331648,0.4736328125,0.8995215311004785,0.8035714285714286,0.5418994413407822,0.2236024844720497,0.12804878048780488,0.055944055944055944
64,3,2,periodic,2097152,52428800,0.484375,0.9303482587064676,0.8021978021978022,0.5868263473053892,0.24293785310734464,0.12751677852348994,0.02027027027027027
64,3,2,periodic,4194304,54525952,0.451171875,0.8969072164948454,0.7845303867403315,0.5402298850574713,0.19858156028368795,0.10982658959537572,0.031055900621118012
64,3,2,periodic,6291456,56623104,0.478515625,0.8761904761904762,0.8274111675126904,0.5085714285714286,0.2565789473684211,0.0896551724137931,0.013793103448275862
64,3,2,periodic,8388608,58720256,0.4560546875,0.8762886597938144,0.7897727272727273,0.5,0.27647058823529413,0.12903225806451613,0.025806451612903226
64,3,2,periodic,10485760,60817408,0.4599609375,0.8900523560209425,0.8042328042328042,0.5319148936170213,0.17647058823529413,0.11643835616438356,0.03184713375796178
64,3,2,periodic,12582912,62914560,0.4404296875,0.9104477611940298,0.7777777777777778,0.4438202247191011,0.2795031055900621,0.09859154929577464,0.022222222222222223
64,3,2,periodic,14680064,65011712,0.501953125,0.8808290155440415,0.8045454545454546,0.615819209039548,0.22560975609756098,0.10869565217391304,0.045454545454545456
64,3,2,periodic,16777216,67108864,0.44140625,0.8307692307692308,0.7336683417085427,0.49411764705882355,0.2,0.17901234567901234,0.013071895424836602
64,3,2,periodic,18874368,69206016,0.46484375,0.8585858585858586,0.7835051546391752,0.5418994413407822,0.20958083832335328,0.14285714285714285,0.0136986301369863
64,3,2,periodic,20971520,71303168,0.4580078125,0.9090909090909091,0.7967914438502673,0.5087719298245614,0.21014492753623187,0.06832298136645963,0.0189873417721519
64,3,2,periodic,23068672,73400320,0.4736328125,0.9204545454545454,0.8167539267015707,0.554945054945055,0.22929936305732485,0.15428571428571428,0.02097902097902098
64,3,2,periodic,25165824,75497472,0.44921875,0.9065934065934066,0.8047619047619048,0.46195652173913043,0.2108843537414966,0.0547945205479452,0.012903225806451613
64,3,2,periodic,27262976,77594624,0.4443359375,0.873015873015873,0.8304093567251462,0.5229885057471264,0.2235294117647059,0.10967741935483871,0.012121212121212121
64,3,2,periodic,29360128,79691776,0.44921875,0.91,0.783625730994152,0.5389221556886228,0.2235294117647059,0.09333333333333334,0.012048192771084338
64,3,2,periodic,31457280,81788928,0.486328125,0.8932038834951457,0.7905759162303665,0.63125,0.2549019607843137,0.13815789473684212,0.012345679012345678
64,3,2,periodic,33554432,83886080,0.458984375,0.89,0.8112244897959183,0.49707602339181284,0.17266187050359713,0.12883435582822086,0.01935483870967742
64,3,2,periodic,35651584,85983232,0.4580078125,0.8756756756756757,0.7596153846153846,0.5536723163841808,0.2356687898089172,0.07453416149068323,0.014705882352941176
64,3,2,periodic,37748736,88080384,0.501953125,0.8871794871794871,0.8267326732673267,0.5147058823529411,0.2080536912751678,0.22695035460992907,0.045112781954887216
64,3,2,periodic,39845888,90177536,0.486328125,0.8779342723004695,0.8307692307692308,0.5612903225806452,0.2532467532467532,0.11643835616438356,0.037267080745341616
64,3,2,periodic,41943040,92274688,0.44140625,0.8842105263157894,0.7540983606557377,0.4745762711864407,0.2289156626506024,0.12716763005780346,0.014814814814814815
64,3,2,periodic,44040192,94371840,0.4755859375,0.8743961352657005,0.8351063829787234,0.5321637426900585,0.23026315789473684,0.10897435897435898,0.04
64,3,2,periodic,46137344,96468992,0.478515625,0.8547486033519553,0.7902439024390244,0.6020942408376964,0.2483221476510067,0.11377245508982035,0.03007518796992481
64,3,2,periodic,48234496,98566144,0.478515625,0.9142857142857143,0.8232044198895028,0.6280487804878049,0.13815789473684212,0.1282051282051282,0.031055900621118012
64,3,2,periodic,50331648,100663296,0.466796875,0.8957345971563981,0.8212290502793296,0.5139664804469274,0.2534246575342466,0.06172839506172839,0.02040816326530612
64,3,2,phase_end,50331648,100663296,0.466796875,0.8957345971563981,0.8212290502793296,0.5139664804469274,0.2534246575342466,0.06172839506172839,0.02040816326530612
64,3,3,phase_start,0,100663296,0.40234375,0.844559585492228,0.6273291925465838,0.4659090909090909,0.3425414364640884,0.02631578947368421,0.0
64,3,3,periodic,2097152,102760448,0.3857421875,0.8351063829787234,0.6134020618556701,0.5205479452054794,0.20496894409937888,0.06097560975609756,0.0
64,3,3,periodic,4194304,104857600,0.412109375,0.8333333333333334,0.7043010752688172,0.40828402366863903,0.27807486631016043,0.034722222222222224,0.0
64,3,3,periodic,6291456,106954752,0.3984375,0.8102564102564103,0.6256983240223464,0.47560975609756095,0.3313253012048193,0.029940119760479042,0.0
64,3,3,periodic,8388608,109051904,0.4326171875,0.8473684210526315,0.715,0.5030674846625767,0.27906976744186046,0.06569343065693431,0.0
64,3,3,periodic,10485760,111149056,0.4130859375,0.8306010928961749,0.6581632653061225,0.48404255319148937,0.2948717948717949,0.03424657534246575,0.0
64,3,3,periodic,12582912,113246208,0.4091796875,0.8783068783068783,0.5492227979274611,0.49710982658959535,0.3116883116883117,0.0896551724137931,0.0
64,3,3,periodic,14680064,115343360,0.4140625,0.8358974358974359,0.6949152542372882,0.5058139534883721,0.26785714285714285,0.040268456375838924,0.0
64,3,3,periodic,16777216,117440512,0.4052734375,0.8585365853658536,0.6568047337278107,0.4823529411764706,0.2571428571428571,0.006211180124223602,0.0
64,3,3,periodic,18874368,119537664,0.408203125,0.8208955223880597,0.6702127659574468,0.5352112676056338,0.26373626373626374,0.0196078431372549,0.0
64,3,3,periodic,20971520,121634816,0.380859375,0.8272251308900523,0.6358024691358025,0.5260115606936416,0.21604938271604937,0.016216216216216217,0.0
64,3,3,periodic,23068672,123731968,0.4228515625,0.88,0.6303317535545023,0.5,0.31875,0.04054054054054054,0.0
64,3,3,periodic,25165824,125829120,0.408203125,0.8407960199004975,0.5508982035928144,0.5459770114942529,0.3333333333333333,0.04375,0.0
64,3,3,periodic,27262976,127926272,0.3935546875,0.8677248677248677,0.5964912280701754,0.4639175257731959,0.25609756097560976,0.033112582781456956,0.0
64,3,3,periodic,29360128,130023424,0.384765625,0.8201058201058201,0.6335403726708074,0.4858757062146893,0.24848484848484848,0.05747126436781609,0.0
64,3,3,periodic,31457280,132120576,0.423828125,0.845771144278607,0.673469387755102,0.49693251533742333,0.2795031055900621,0.045454545454545456,0.0
64,3,3,periodic,33554432,134217728,0.3974609375,0.8153846153846154,0.6318681318681318,0.4573170731707317,0.2786885245901639,0.04861111111111111,0.0
64,3,3,periodic,35651584,136314880,0.4296875,0.8608247422680413,0.5797101449275363,0.5202312138728323,0.3493975903614458,0.03424657534246575,0.0
64,3,3,periodic,37748736,138412032,0.41796875,0.8300970873786407,0.6277777777777778,0.5058823529411764,0.2756756756756757,0.05303030303030303,0.0
64,3,3,periodic,39845888,140509184,0.4345703125,0.8478260869565217,0.6584158415841584,0.5116279069767442,0.3448275862068966,0.06060606060606061,0.0
64,3,3,periodic,41943040,142606336,0.38671875,0.8210526315789474,0.6149425287356322,0.4550561797752809,0.2777777777777778,0.040229885057471264,0.0
64,3,3,periodic,44040192,144703488,0.4072265625,0.78125,0.6263736263736264,0.5303867403314917,0.2875816993464052,0.08609271523178808,0.0
64,3,3,periodic,46137344,146800640,0.4091796875,0.8246445497630331,0.5652173913043478,0.5026737967914439,0.26973684210526316,0.040268456375838924,0.0
64,3,3,periodic,48234496,148897792,0.4375,0.8481675392670157,0.6578947368421053,0.49489795918367346,0.3275862068965517,0.05737704918032787,0.0
64,3,3,periodic,50331648,150994944,0.4033203125,0.8983957219251337,0.6182795698924731,0.44329896907216493,0.2781456953642384,0.013888888888888888,0.0
64,3,3,phase_end,50331648,150994944,0.4033203125,0.8983957219251337,0.6182795698924731,0.44329896907216493,0.2781456953642384,0.013888888888888888,0.0
64,3,4,phase_start,0,150994944,0.3984375,0.8190954773869347,0.5806451612903226,0.4873417721518987,0.2857142857142857,0.04,0.0
64,3,4,periodic,2097152,153092096,0.388671875,0.8361581920903954,0.655367231638418,0.4431818181818182,0.2647058823529412,0.06790123456790123,0.0
64,3,4,periodic,4194304,155189248,0.4052734375,0.8031088082901554,0.6318681318681318,0.4117647058823529,0.32065217391304346,0.0975609756097561,0.0
64,3,4,periodic,6291456,157286400,0.3935546875,0.8031088082901554,0.6705202312138728,0.42857142857142855,0.2710843373493976,0.10843373493975904,0.0
64,3,4,periodic,8388608,159383552,0.390625,0.735632183908046,0.6274509803921569,0.5120481927710844,0.23841059602649006,0.13855421686746988,0.0
64,3,4,periodic,10485760,161480704,0.41796875,0.8844221105527639,0.6052631578947368,0.3953488372093023,0.3090909090909091,0.12,0.0
64,3,4,periodic,12582912,163577856,0.4345703125,0.7978142076502732,0.6557377049180327,0.46788990825688076,0.4305555555555556,0.09259259259259259,0.0
64,3,4,periodic,14680064,165675008,0.400390625,0.8142076502732241,0.67,0.45348837209302323,0.24836601307189543,0.06748466257668712,0.0
64,3,4,periodic,16777216,167772160,0.3916015625,0.7731481481481481,0.5962732919254659,0.4144736842105263,0.2849162011173184,0.1340782122905028,0.0
64,3,4,periodic,18874368,169869312,0.4599609375,0.8282828282828283,0.6822916666666666,0.4972375690607735,0.4233128834355828,0.11805555555555555,0.0
64,3,4,periodic,20971520,171966464,0.38671875,0.8160919540229885,0.5927835051546392,0.4127906976744186,0.3411764705882353,0.06369426751592357,0.0
64,3,4,periodic,23068672,174063616,0.3994140625,0.8256410256410256,0.5775401069518716,0.49056603773584906,0.2974683544303797,0.09202453987730061,0.0
64,3,4,periodic,25165824,176160768,0.408203125,0.8615384615384616,0.625,0.4329268292682927,0.3231707317073171,0.09876543209876543,0.0
64,3,4,periodic,27262976,178257920,0.380859375,0.8226600985221675,0.6385542168674698,0.3712574850299401,0.28,0.07344632768361582,0.0
64,3,4,periodic,29360128,180355072,0.404296875,0.8113207547169812,0.6058823529411764,0.44936708860759494,0.2903225806451613,0.13142857142857142,0.0
64,3,4,periodic,31457280,182452224,0.38671875,0.8291457286432161,0.64375,0.3854748603351955,0.2640449438202247,0.07741935483870968,0.0
64,3,4,periodic,33554432,184549376,0.412109375,0.8216216216216217,0.651685393258427,0.48633879781420764,0.33116883116883117,0.08484848484848485,0.0
64,3,4,periodic,35651584,186646528,0.3984375,0.8481675392670157,0.6217616580310881,0.41954022988505746,0.2621951219512195,0.06535947712418301,0.0
64,3,4,periodic,37748736,188743680,0.4052734375,0.7980769230769231,0.6494252873563219,0.43790849673202614,0.29651162790697677,0.11688311688311688,0.0
64,3,4,periodic,39845888,190840832,0.38671875,0.7927461139896373,0.5838150289017341,0.4134078212290503,0.2994652406417112,0.0736196319018405,0.0
64,3,4,periodic,41943040,192937984,0.3779296875,0.8,0.6257668711656442,0.450261780104712,0.23863636363636365,0.08609271523178808,0.0
64,3,4,periodic,44040192,195035136,0.4111328125,0.8415841584158416,0.6285714285714286,0.509090909090909,0.25153374233128833,0.09195402298850575,0.0
64,3,4,periodic,46137344,197132288,0.3828125,0.8226600985221675,0.6042780748663101,0.36363636363636365,0.2916666666666667,0.06666666666666667,0.0
64,3,4,periodic,48234496,199229440,0.4130859375,0.8272251308900523,0.6683673469387755,0.4588235294117647,0.2891566265060241,0.04878048780487805,0.0
64,3,4,periodic,50331648,201326592,0.4033203125,0.8248587570621468,0.6139240506329114,0.5309278350515464,0.2897727272727273,0.10191082802547771,0.0
64,3,4,phase_end,50331648,201326592,0.4033203125,0.8248587570621468,0.6139240506329114,0.5309278350515464,0.2897727272727273,0.10191082802547771,0.0
64,4,1,phase_start,0,0,0.0419921875,0.1751412429378531,0.049689440993788817,0.006578947368421052,0.018518518518518517,0.0,0.0
64,4,1,periodic,2097152,2097152,0.359375,0.8670212765957447,0.5706214689265536,0.33974358974358976,0.24375,0.06741573033707865,0.0
64,4,1,periodic,4194304,4194304,0.35546875,0.8157894736842105,0.5989583333333334,0.313953488372093,0.21965317919075145,0.014492753623188406,0.0
64,4,1,periodic,6291456,6291456,0.35546875,0.8222222222222222,0.6024844720496895,0.366120218579235,0.2647058823529412,0.0440251572327044,0.0
64,4,1,periodic,8388608,8388608,0.359375,0.8691099476439791,0.5882352941176471,0.3619631901840491,0.19879518072289157,0.05952380952380952,0.0
64,4,1,periodic,10485760,10485760,0.4150390625,0.8454545454545455,0.64,0.45695364238410596,0.28994082840236685,0.06382978723404255,0.0
64,4,1,periodic,12582912,12582912,0.4169921875,0.8514851485148515,0.6395939086294417,0.47435897435897434,0.27848101265822783,0.07006369426751592,0.0
64,4,1,periodic,14680064,14680064,0.34765625,0.7643979057591623,0.572289156626506,0.3812154696132597,0.21714285714285714,0.046511627906976744,0.0
64,4,1,periodic,16777216,16777216,0.404296875,0.842391304347826,0.6587677725118484,0.40229885057471265,0.2682926829268293,0.04316546762589928,0.0
64,4,1,periodic,18874368,18874368,0.361328125,0.8526315789473684,0.5086705202312138,0.4228571428571429,0.22941176470588234,0.04666666666666667,0.0
64,4,1,periodic,20971520,20971520,0.384765625,0.868421052631579,0.6420454545454546,0.38578680203045684,0.20915032679738563,0.045714285714285714,0.0
64,4,1,periodic,23068672,23068672,0.369140625,0.8524590163934426,0.6149732620320856,0.3641304347826087,0.18604651162790697,0.05555555555555555,0.0
64,4,1,periodic,25165824,25165824,0.3486328125,0.8700564971751412,0.5875,0.32748538011695905,0.23863636363636365,0.062146892655367235,0.0
64,4,1,periodic,27262976,27262976,0.3623046875,0.8031914893617021,0.6170212765957447,0.3630573248407643,0.2532467532467532,0.04597701149425287,0.0
64,4,1,periodic,29360128,29360128,0.3388671875,0.86,0.5439560439560439,0.4444444444444444,0.18009478672985782,0.05555555555555555,0.0
64,4,1,periodic,31457280,31457280,0.3564453125,0.8082901554404145,0.5942857142857143,0.40828402366863903,0.19254658385093168,0.030120481927710843,0.0
64,4,1,periodic,33554432,33554432,0.353515625,0.7872340425531915,0.601123595505618,0.3558282208588957,0.20454545454545456,0.087248322147651,0.0
64,4,1,periodic,35651584,35651584,0.3955078125,0.8564593301435407,0.6021505376344086,0.4155844155844156,0.21153846153846154,0.09941520467836257,0.0
64,4,1,periodic,37748736,37748736,0.375,0.8215962441314554,0.6101694915254238,0.34210526315789475,0.24691358024691357,0.06382978723404255,0.0
64,4,1,periodic,39845888,39845888,0.365234375,0.8944444444444445,0.6272189349112426,0.31868131868131866,0.23728813559322035,0.04430379746835443,0.0
64,4,1,periodic,41943040,41943040,0.361328125,0.8534031413612565,0.5950920245398773,0.4034090909090909,0.1686046511627907,0.0625,0.0
64,4,1,periodic,44040192,44040192,0.353515625,0.7754010695187166,0.5617977528089888,0.47468354430379744,0.2206896551724138,0.055248618784530384,0.0
64,4,1,periodic,46137344,46137344,0.3720703125,0.8217821782178217,0.6145251396648045,0.3942857142857143,0.1949685534591195,0.034013605442176874,0.0
64,4,1,periodic,48234496,48234496,0.3271484375,0.7608695652173914,0.5329341317365269,0.34782608695652173,0.18497109826589594,0.06578947368421052,0.0
64,4,1,periodic,50331648,50331648,0.375,0.8238341968911918,0.6428571428571429,0.4276729559748428,0.18243243243243243,0.023255813953488372,0.0
64,4,1,phase_end,50331648,50331648,0.375,0.8238341968911918,0.6428571428571429,0.4276729559748428,0.18243243243243243,0.023255813953488372,0.0
64,4,2,phase_start,0,50331648,0.4697265625,0.8802083333333334,0.7801047120418848,0.5054945054945055,0.25,0.16556291390728478,0.034722222222222224
64,4,2,periodic,2097152,52428800,0.4775390625,0.8838383838383839,0.8061224489795918,0.5846994535519126,0.1702127659574468,0.14743589743589744,0.013333333333333334
64,4,2,periodic,4194304,54525952,0.4306640625,0.8770949720670391,0.7712765957446809,0.4619883040935672,0.22784810126582278,0.14666666666666667,0.011235955056179775
64,4,2,periodic,6291456,56623104,0.4228515625,0.882051282051282,0.7167630057803468,0.5220125786163522,0.23809523809523808,0.05263157894736842,0.00641025641025641
64,4,2,periodic,8388608,58720256,0.509765625,0.9086538461538461,0.8133971291866029,0.5714285714285714,0.28187919463087246,0.18064516129032257,0.007042253521126761
64,4,2,periodic,10485760,60817408,0.48046875,0.8852459016393442,0.8481675392670157,0.5238095238095238,0.27044025157232704,0.1390728476821192,0.033112582781456956
64,4,2,periodic,12582912,62914560,0.462890625,0.873015873015873,0.8481675392670157,0.5341614906832298,0.2064516129032258,0.1366120218579235,0.027586206896551724
64,4,2,periodic,14680064,65011712,0.4970703125,0.9019607843137255,0.8177570093457944,0.6217948717948718,0.2549019607843137,0.06547619047619048,0.023255813953488372
64,4,2,periodic,16777216,67108864,0.47265625,0.9388888888888889,0.8052631578947368,0.5722543352601156,0.23118279569892472,0.11688311688311688,0.014184397163120567
64,4,2,periodic,18874368,69206016,0.443359375,0.8586387434554974,0.8541666666666666,0.45,0.21714285714285714,0.1103448275862069,0.0
64,4,2,periodic,20971520,71303168,0.5009765625,0.8730964467005076,0.8382352941176471,0.5771428571428572,0.20903954802259886,0.1724137931034483,0.05555555555555555
64,4,2,periodic,23068672,73400320,0.44140625,0.8861386138613861,0.8031914893617021,0.4519774011299435,0.18045112781954886,0.10559006211180125,0.006134969325153374
64,4,2,periodic,25165824,75497472,0.466796875,0.8588235294117647,0.8262910798122066,0.5602409638554217,0.2375,0.12650602409638553,0.026845637583892617
64,4,2,periodic,27262976,77594624,0.4775390625,0.9252336448598131,0.7914438502673797,0.5562913907284768,0.2534246575342466,0.12658227848101267,0.011904761904761904
64,4,2,periodic,29360128,79691776,0.4951171875,0.8669950738916257,0.7853658536585366,0.5297619047619048,0.3181818181818182,0.14367816091954022,0.058333333333333334
64,4,2,periodic,31457280,81788928,0.4658203125,0.8761904761904762,0.8092783505154639,0.5066666666666667,0.19672131147540983,0.11688311688311688,0.045112781954887216
64,4,2,periodic,33554432,83886080,0.4521484375,0.8579234972677595,0.7232142857142857,0.5290697674418605,0.1986754966887417,0.12337662337662338,0.02857142857142857
64,4,2,periodic,35651584,85983232,0.501953125,0.8571428571428571,0.8138297872340425,0.6172839506172839,0.26973684210526316,0.18243243243243243,0.044585987261146494
64,4,2,periodic,37748736,88080384,0.443359375,0.89937106918239,0.7526315789473684,0.5459183673469388,0.2654320987654321,0.10738255033557047,0.011904761904761904
64,4,2,periodic,39845888,90177536,0.4853515625,0.8620689655172413,0.8402061855670103,0.5389221556886228,0.2261904761904762,0.18181818181818182,0.021739130434782608
64,4,2,periodic,41943040,92274688,0.4619140625,0.8440366972477065,0.7671957671957672,0.5149700598802395,0.21604938271604937,0.12162162162162163,0.03571428571428571
64,4,2,periodic,44040192,94371840,0.4287109375,0.9153439153439153,0.7554347826086957,0.4260355029585799,0.19411764705882353,0.12,0.024691358024691357
64,4,2,periodic,46137344,96468992,0.44140625,0.8774509803921569,0.7425742574257426,0.45180722891566266,0.19424460431654678,0.0975609756097561,0.03355704697986577
64,4,2,periodic,48234496,98566144,0.5,0.8760683760683761,0.8,0.5869565217391305,0.1897810218978102,0.14893617021276595,0.027972027972027972
64,4,2,periodic,50331648,100663296,0.44140625,0.8478260869565217,0.8352941176470589,0.5146198830409356,0.22857142857142856,0.1509433962264151,0.012121212121212121
64,4,2,phase_end,50331648,100663296,0.44140625,0.8478260869565217,0.8352941176470589,0.5146198830409356,0.22857142857142856,0.1509433962264151,0.012121212121212121
64,4,3,phase_start,0,100663296,0.4013671875,0.824468085106383,0.6770833333333334,0.4906832298136646,0.2608695652173913,0.029940119760479042,0.0
64,4,3,periodic,2097152,102760448,0.375,0.8333333333333334,0.6021505376344086,0.41954022988505746,0.27702702702702703,0.017964071856287425,0.0
64,4,3,periodic,4194304,104857600,0.4345703125,0.8535353535353535,0.6548223350253807,0.5581395348837209,0.2732919254658385,0.04216867469879518,0.0
64,4,3,periodic,6291456,106954752,0.4296875,0.8484848484848485,0.6464088397790055,0.5684210526315789,0.3120567375886525,0.02097902097902098,0.0
64,4,3,periodic,8388608,109051904,0.369140625,0.7869822485207101,0.6223404255319149,0.44785276073619634,0.31645569620253167,0.030120481927710843,0.0
64,4,3,periodic,10485760,111149056,0.412109375,0.8226600985221675,0.664804469273743,0.5397727272727273,0.20809248554913296,0.03355704697986577,0.0
64,4,3,periodic,12582912,113246208,0.404296875,0.8063063063063063,0.6,0.4589041095890411,0.34838709677419355,0.07317073170731707,0.0
64,4,3,periodic,14680064,115343360,0.3916015625,0.8275862068965517,0.6502732240437158,0.422360248447205,0.22941176470588234,0.044585987261146494,0.0
64,4,3,periodic,16777216,117440512,0.4072265625,0.8725490196078431,0.562874251497006,0.5051020408163265,0.2792207792207792,0.020689655172413793,0.0
64,4,3,periodic,18874368,119537664,0.412109375,0.8465909090909091,0.6230366492146597,0.49238578680203043,0.3176470588235294,0.02040816326530612,0.0
64,4,3,periodic,20971520,121634816,0.419921875,0.8405797101449275,0.6666666666666666,0.49710982658959535,0.25,0.041666666666666664,0.0
64,4,3,periodic,23068672,123731968,0.4248046875,0.90625,0.6276595744680851,0.46111111111111114,0.3136094674556213,0.051470588235294115,0.0
64,4,3,periodic,25165824,125829120,0.4072265625,0.8301886792452831,0.6130952380952381,0.4484848484848485,0.2958579881656805,0.08536585365853659,0.0
64,4,3,periodic,27262976,127926272,0.3623046875,0.8516129032258064,0.6802325581395349,0.4340659340659341,0.21164021164021163,0.02027027027027027,0.0
64,4,3,periodic,29360128,130023424,0.3857421875,0.8205128205128205,0.5966850828729282,0.48484848484848486,0.2411764705882353,0.038461538461538464,0.0
64,4,3,periodic,31457280,132120576,0.4130859375,0.8160377358490566,0.6512820512820513,0.5,0.24161073825503357,0.057692307692307696,0.0
64,4,3,periodic,33554432,134217728,0.4052734375,0.8781725888324873,0.6137566137566137,0.45604395604395603,0.2484472049689441,0.02040816326530612,0.0
64,4,3,periodic,35651584,136314880,0.3876953125,0.841025641025641,0.6178010471204188,0.46710526315789475,0.21714285714285714,0.03896103896103896,0.0
64,4,3,periodic,37748736,138412032,0.40625,0.8415300546448088,0.5828571428571429,0.5414364640883977,0.2857142857142857,0.030303030303030304,0.0
64,4,3,periodic,39845888,140509184,0.3994140625,0.8564593301435407,0.5894736842105263,0.42196531791907516,0.2653061224489796,0.0379746835443038,0.0
64,4,3,periodic,41943040,142606336,0.41796875,0.8481675392670157,0.6794258373205742,0.5032258064516129,0.2484472049689441,0.03508771929824561,0.0
64,4,3,periodic,44040192,144703488,0.380859375,0.8315217391304348,0.585635359116022,0.4186046511627907,0.30057803468208094,0.041666666666666664,0.0
64,4,3,periodic,46137344,146800640,0.416015625,0.7857142857142857,0.645,0.5274725274725275,0.30201342281879195,0.08176100628930817,0.0
64,4,3,periodic,48234496,148897792,0.3876953125,0.8048780487804879,0.5882352941176471,0.5441176470588235,0.26011560693641617,0.019736842105263157,0.0
64,4,3,periodic,50331648,150994944,0.43359375,0.8461538461538461,0.6230366492146597,0.5271739130434783,0.3037974683544304,0.030303030303030304,0.0
64,4,3,phase_end,50331648,150994944,0.43359375,0.8461538461538461,0.6230366492146597,0.5271739130434783,0.3037974683544304,0.030303030303030304,0.0
64,4,4,phase_start,0,150994944,0.39453125,0.8307692307692308,0.6086956521739131,0.4413793103448276,0.29375,0.10555555555555556,0.0
64,4,4,periodic,2097152,153092096,0.3935546875,0.8159203980099502,0.5747126436781609,0.4025157232704403,0.3614457831325301,0.09433962264150944,0.0
64,4,4,periodic,4194304,155189248,0.380859375,0.8448275862068966,0.6722222222222223,0.35502958579881655,0.2620320855614973,0.08441558441558442,0.0
64,4,4,periodic,6291456,157286400,0.4140625,0.8706467661691543,0.6166666666666667,0.4444444444444444,0.2914285714285714,0.14465408805031446,0.0
64,4,4,periodic,8388608,159383552,0.4384765625,0.8393782383419689,0.7135416666666666,0.430939226519337,0.31976744186046513,0.11805555555555555,0.0
64,4,4,periodic,10485760,161480704,0.3837890625,0.8153846153846154,0.6073298429319371,0.43448275862068964,0.25,0.07643312101910828,0.0
64,4,4,periodic,12582912,163577856,0.3974609375,0.8409090909090909,0.6470588235294118,0.5056179775280899,0.2222222222222222,0.07547169811320754,0.0
64,4,4,periodic,14680064,165675008,0.3974609375,0.8010752688172043,0.5652173913043478,0.47191011235955055,0.29714285714285715,0.11612903225806452,0.0
64,4,4,periodic,16777216,167772160,0.408203125,0.856353591160221,0.7100591715976331,0.4782608695652174,0.26900584795321636,0.06164383561643835,0.0
64,4,4,periodic,18874368,169869312,0.39453125,0.8629441624365483,0.6302083333333334,0.3959731543624161,0.2484076433121019,0.08670520231213873,0.0
64,4,4,periodic,20971520,171966464,0.3876953125,0.8021390374331551,0.6338797814207651,0.44375,0.2916666666666667,0.0728476821192053,0.0
64,4,4,periodic,23068672,174063616,0.4140625,0.8316831683168316,0.6309523809523809,0.5,0.31210191082802546,0.07567567567567568,0.0
64,4,4,periodic,25165824,176160768,0.431640625,0.8169642857142857,0.6888888888888889,0.4594594594594595,0.3006535947712418,0.13725490196078433,0.0
64,4,4,periodic,27262976,178257920,0.4189453125,0.7951219512195122,0.6971428571428572,0.45625,0.3259668508287293,0.08955223880597014,0.0
64,4,4,periodic,29360128,180355072,0.4169921875,0.8359788359788359,0.6444444444444445,0.4502923976608187,0.32044198895027626,0.11320754716981132,0.0
64,4,4,periodic,31457280,182452224,0.3916015625,0.7810945273631841,0.6145251396648045,0.42011834319526625,0.27717391304347827,0.07692307692307693,0.0
64,4,4,periodic,33554432,184549376,0.365234375,0.7734806629834254,0.6011560693641619,0.3660130718954248,0.34285714285714286,0.07734806629834254,0.0
64,4,4,periodic,35651584,186646528,0.1376953125,0.24175824175824176,0.25149700598802394,0.19230769230769232,0.09195402298850575,0.024539877300613498,0.0
64,4,4,periodic,37748736,188743680,0.412109375,0.855,0.6421052631578947,0.4258064516129032,0.2696629213483146,0.1,0.0
64,4,4,periodic,39845888,190840832,0.38671875,0.8241758241758241,0.601123595505618,0.4230769230769231,0.2621951219512195,0.12666666666666668,0.0
64,4,4,periodic,41943040,192937984,0.373046875,0.7794871794871795,0.5621621621621622,0.4235294117647059,0.24431818181818182,0.0859375,0.0
64,4,4,periodic,44040192,195035136,0.4140625,0.8044692737430168,0.6504854368932039,0.4107142857142857,0.3352601156069364,0.1347517730496454,0.0
64,4,4,periodic,46137344,197132288,0.40234375,0.8449197860962567,0.6630434782608695,0.4140127388535032,0.2883435582822086,0.1092896174863388,0.0
64,4,4,periodic,48234496,199229440,0.43359375,0.8275862068965517,0.6666666666666666,0.5126582278481012,0.3756345177664975,0.11875,0.0
64,4,4,periodic,50331648,201326592,0.380859375,0.8352272727272727,0.6098901098901099,0.42441860465116277,0.2934131736526946,0.05555555555555555,0.0
64,4,4,phase_end,50331648,201326592,0.380859375,0.8352272727272727,0.6098901098901099,0.42441860465116277,0.2934131736526946,0.05555555555555555,0.0
256,0,1,phase_start,0,0,0.0419921875,0.16184971098265896,0.0650887573964497,0.017857142857142856,0.006369426751592357,0.0,0.0
256,0,1,periodic,2097152,2097152,0.3623046875,0.8489583333333334,0.5823529411764706,0.3951219512195122,0.14492753623188406,0.05128205128205128,0.0
256,0,1,periodic,4194304,4194304,0.37890625,0.8134715025906736,0.6684491978609626,0.36585365853658536,0.18421052631578946,0.10344827586206896,0.0
256,0,1,periodic,6291456,6291456,0.37109375,0.8421052631578947,0.6136363636363636,0.42134831460674155,0.16666666666666666,0.049079754601226995,0.0
256,0,1,periodic,8388608,8388608,0.3701171875,0.7934782608695652,0.7086092715231788,0.46706586826347307,0.23699421965317918,0.04046242774566474,0.0
256,0,1,periodic,10485760,10485760,0.3818359375,0.8364485981308412,0.6132596685082873,0.41358024691358025,0.15789473684210525,0.06493506493506493,0.0
256,0,1,periodic,12582912,12582912,0.36328125,0.8571428571428571,0.6204819277108434,0.37714285714285717,0.16279069767441862,0.07692307692307693,0.0
256,0,1,periodic,14680064,14680064,0.357421875,0.8108108108108109,0.6473988439306358,0.4251497005988024,0.14772727272727273,0.0472972972972973,0.0
256,0,1,periodic,16777216,16777216,0.3740234375,0.8430232558139535,0.6358695652173914,0.39037433155080214,0.1951219512195122,0.0975609756097561,0.0
256,0,1,periodic,18874368,18874368,0.3779296875,0.8781725888324873,0.6235955056179775,0.3609467455621302,0.1871345029239766,0.06134969325153374,0.0
256,0,1,periodic,20971520,20971520,0.3603515625,0.867816091954023,0.6627906976744186,0.37037037037037035,0.14619883040935672,0.055900621118012424,0.0
256,0,1,periodic,23068672,23068672,0.3505859375,0.8702702702702703,0.620253164556962,0.35359116022099446,0.15083798882681565,0.05732484076433121,0.0
256,0,1,periodic,25165824,25165824,0.3662109375,0.8795811518324608,0.6808510638297872,0.26666666666666666,0.1875,0.03529411764705882,0.0
256,0,1,periodic,27262976,27262976,0.3876953125,0.9104477611940298,0.6797752808988764,0.3395061728395062,0.17032967032967034,0.04516129032258064,0.0
256,0,1,periodic,29360128,29360128,0.3671875,0.8369565217391305,0.6358695652173914,0.32967032967032966,0.19883040935672514,0.07236842105263158,0.0
256,0,1,periodic,31457280,31457280,0.3486328125,0.8735632183908046,0.6566265060240963,0.3575418994413408,0.17088607594936708,0.03048780487804878,0.0
256,0,1,periodic,33554432,33554432,0.4033203125,0.8431372549019608,0.6264367816091954,0.47928994082840237,0.22777777777777777,0.07194244604316546,0.0
256,0,1,periodic,35651584,35651584,0.3486328125,0.835,0.6037735849056604,0.37142857142857144,0.19047619047619047,0.05102040816326531,0.0
256,0,1,periodic,37748736,37748736,0.396484375,0.8317307692307693,0.6524064171122995,0.4539877300613497,0.2037037037037037,0.028169014084507043,0.0
256,0,1,periodic,39845888,39845888,0.3623046875,0.797979797979798,0.6484848484848484,0.4146341463414634,0.17177914110429449,0.055248618784530384,0.0
256,0,1,periodic,41943040,41943040,0.3515625,0.7883597883597884,0.6507936507936508,0.36129032258064514,0.17333333333333334,0.03571428571428571,0.0
256,0,1,periodic,44040192,44040192,0.42578125,0.8441558441558441,0.6632124352331606,0.45930232558139533,0.18181818181818182,0.04,0.0
256,0,1,periodic,46137344,46137344,0.3984375,0.8571428571428571,0.7292817679558011,0.3785310734463277,0.20606060606060606,0.044585987261146494,0.0
256,0,1,periodic,48234496,48234496,0.3818359375,0.8542713567839196,0.6511627906976745,0.3915343915343915,0.1891891891891892,0.044585987261146494,0.0
256,0,1,periodic,50331648,50331648,0.3798828125,0.8720379146919431,0.6858974358974359,0.3392857142857143,0.2147239263803681,0.03821656050955414,0.0
256,0,1,phase_end,50331648,50331648,0.3798828125,0.8720379146919431,0.6858974358974359,0.3392857142857143,0.2147239263803681,0.03821656050955414,0.0
256,0,2,phase_start,0,50331648,0.4169921875,0.8995215311004785,0.7191011235955056,0.4772727272727273,0.13380281690140844,0.04046242774566474,0.00684931506849315
256,0,2,periodic,2097152,52428800,0.41796875,0.8936170212765957,0.7105263157894737,0.4879518072289157,0.2222222222222222,0.032679738562091505,0.01818181818181818
256,0,2,periodic,4194304,54525952,0.4072265625,0.820627802690583,0.644808743169399,0.4906832298136646,0.18238993710691823,0.052980132450331126,0.0
256,0,2,periodic,6291456,56623104,0.0,0.0,0.0,0.0,0.0,0.0,0.0
256,0,2,periodic,8388608,58720256,0.0,0.0,0.0,0.0,0.0,0.0,0.0
256,0,2,periodic,10485760,60817408,0.0,0.0,0.0,0.0,0.0,0.0,0.0
256,0,2,periodic,12582912,62914560,0.0,0.0,0.0,0.0,0.0,0.0,0.0
256,0,2,periodic,14680064,65011712,0.0,0.0,0.0,0.0,0.0,0.0,0.0
256,0,2,periodic,16777216,67108864,0.0,0.0,0.0,0.0,0.0,0.0,0.0
256,0,2,periodic,18874368,69206016,0.0,0.0,0.0,0.0,0.0,0.0,0.0
256,0,2,periodic,20971520,71303168,0.0,0.0,0.0,0.0,0.0,0.0,0.0
256,0,2,periodic,23068672,73400320,0.0,0.0,0.0,0.0,0.0,0.0,0.0
256,0,2,periodic,25165824,75497472,0.0,0.0,0.0,0.0,0.0,0.0,0.0
256,0,2,periodic,27262976,77594624,0.0,0.0,0.0,0.0,0.0,0.0,0.0
256,0,2,periodic,29360128,79691776,0.0,0.0,0.0,0.0,0.0,0.0,0.0
256,0,2,periodic,31457280,81788928,0.0,0.0,0.0,0.0,0.0,0.0,0.0
256,0,2,periodic,33554432,83886080,0.0,0.0,0.0,0.0,0.0,0.0,0.0
256,0,2,periodic,35651584,85983232,0.0,0.0,0.0,0.0,0.0,0.0,0.0
256,0,2,periodic,37748736,88080384,0.0,0.0,0.0,0.0,0.0,0.0,0.0
256,0,2,periodic,39845888,90177536,0.0,0.0,0.0,0.0,0.0,0.0,0.0
256,0,2,periodic,41943040,92274688,0.0,0.0,0.0,0.0,0.0,0.0,0.0
256,0,2,periodic,44040192,94371840,0.0,0.0,0.0,0.0,0.0,0.0,0.0
256,0,2,periodic,46137344,96468992,0.0,0.0,0.0,0.0,0.0,0.0,0.0
256,0,2,periodic,48234496,98566144,0.0,0.0,0.0,0.0,0.0,0.0,0.0
256,0,2,periodic,50331648,100663296,0.0263671875,0.16993464052287582,0.005434782608695652,0.0,0.0,0.0,0.0
256,0,2,phase_end,50331648,100663296,0.0263671875,0.16993464052287582,0.005434782608695652,0.0,0.0,0.0,0.0
256,0,3,phase_start,0,100663296,0.025390625,0.14054054054054055,0.0,0.0,0.0,0.0,0.0
256,0,3,periodic,2097152,102760448,0.380859375,0.8,0.5614035087719298,0.47802197802197804,0.23756906077348067,0.05405405405405406,0.0
256,0,3,periodic,4194304,104857600,0.3955078125,0.8484848484848485,0.6397849462365591,0.43820224719101125,0.21656050955414013,0.03773584905660377,0.0
256,0,3,periodic,6291456,106954752,0.376953125,0.848314606741573,0.6193181818181818,0.43455497382198954,0.21710526315789475,0.05952380952380952,0.0
256,0,3,periodic,8388608,109051904,0.3896484375,0.8315789473684211,0.7034883720930233,0.4720496894409938,0.19047619047619047,0.06629834254143646,0.0
256,0,3,periodic,10485760,111149056,0.41015625,0.868020304568528,0.6989247311827957,0.41317365269461076,0.22981366459627328,0.08904109589041095,0.0
256,0,3,periodic,12582912,113246208,0.3798828125,0.8041237113402062,0.65625,0.4727272727272727,0.14743589743589744,0.038461538461538464,0.0
256,0,3,periodic,14680064,115343360,0.4072265625,0.8522167487684729,0.6597938144329897,0.46745562130177515,0.18452380952380953,0.04285714285714286,0.0
256,0,3,periodic,16777216,117440512,0.357421875,0.8087431693989071,0.5963855421686747,0.4911242603550296,0.21153846153846154,0.018292682926829267,0.0
256,0,3,periodic,18874368,119537664,0.375,0.8148148148148148,0.6113989637305699,0.4230769230769231,0.20526315789473684,0.04666666666666667,0.0
256,0,3,periodic,20971520,121634816,0.3740234375,0.7959183673469388,0.6436781609195402,0.3743016759776536,0.21893491124260356,0.06666666666666667,0.0
256,0,3,periodic,23068672,123731968,0.369140625,0.8735632183908046,0.6237623762376238,0.3259668508287293,0.19444444444444445,0.08783783783783784,0.0
256,0,3,periodic,25165824,125829120,0.3837890625,0.7910447761194029,0.7048192771084337,0.47093023255813954,0.2064516129032258,0.021739130434782608,0.0
256,0,3,periodic,27262976,127926272,0.3828125,0.7833333333333333,0.6138613861386139,0.4939759036144578,0.18857142857142858,0.08450704225352113,0.0
256,0,3,periodic,29360128,130023424,0.3759765625,0.8366336633663366,0.6231155778894473,0.34591194968553457,0.17177914110429449,0.06382978723404255,0.0
256,0,3,periodic,31457280,132120576,0.384765625,0.8404255319148937,0.6184971098265896,0.44387755102040816,0.1893491124260355,0.06802721088435375,0.0
256,0,3,periodic,33554432,134217728,0.3955078125,0.8302752293577982,0.6395348837209303,0.3945945945945946,0.21301775147928995,0.03571428571428571,0.0
256,0,3,periodic,35651584,136314880,0.357421875,0.8022598870056498,0.6542553191489362,0.4050632911392405,0.15228426395939088,0.04216867469879518,0.0
256,0,3,periodic,37748736,138412032,0.384765625,0.8292682926829268,0.6608187134502924,0.46496815286624205,0.18354430379746836,0.05325443786982249,0.0
256,0,3,periodic,39845888,140509184,0.3935546875,0.8317757009345794,0.6588235294117647,0.4110429447852761,0.23125,0.05389221556886228,0.0
256,0,3,periodic,41943040,142606336,0.3779296875,0.8402061855670103,0.6294117647058823,0.41935483870967744,0.2111111111111111,0.08092485549132948,0.0
256,0,3,periodic,44040192,144703488,0.3642578125,0.7966101694915254,0.651685393258427,0.46296296296296297,0.2222222222222222,0.03048780487804878,0.0
256,0,3,periodic,46137344,146800640,0.36328125,0.8051282051282052,0.6114285714285714,0.4620253164556962,0.18238993710691823,0.03773584905660377,0.0
256,0,3,periodic,48234496,148897792,0.3701171875,0.7989130434782609,0.6104651162790697,0.43333333333333335,0.20245398773006135,0.09195402298850575,0.0
256,0,3,periodic,50331648,150994944,0.38671875,0.8439024390243902,0.6368715083798883,0.44936708860759494,0.17613636363636365,0.043209876543209874,0.0
256,0,3,phase_end,50331648,150994944,0.38671875,0.8439024390243902,0.6368715083798883,0.44936708860759494,0.17613636363636365,0.043209876543209874,0.0
256,0,4,phase_start,0,150994944,0.4013671875,0.8138297872340425,0.6945812807881774,0.46153846153846156,0.16774193548387098,0.08387096774193549,0.0
256,0,4,periodic,2097152,153092096,0.3515625,0.8118279569892473,0.5393258426966292,0.3701657458563536,0.2013888888888889,0.10179640718562874,0.0
256,0,4,periodic,4194304,155189248,0.3837890625,0.8402061855670103,0.6108108108108108,0.3935483870967742,0.23529411764705882,0.0898876404494382,0.0
256,0,4,periodic,6291456,157286400,0.3828125,0.8092485549132948,0.6543778801843319,0.3765432098765432,0.2356687898089172,0.07643312101910828,0.0
256,0,4,periodic,8388608,159383552,0.3828125,0.8021390374331551,0.6324324324324324,0.49079754601226994,0.20359281437125748,0.06470588235294118,0.0
256,0,4,periodic,10485760,161480704,0.3916015625,0.8367346938775511,0.5932203389830508,0.4375,0.23841059602649006,0.08275862068965517,0.0
256,0,4,periodic,12582912,163577856,0.3837890625,0.7989949748743719,0.631578947368421,0.4523809523809524,0.2573099415204678,0.03773584905660377,0.0
256,0,4,periodic,14680064,165675008,0.3818359375,0.8368421052631579,0.5483870967741935,0.46285714285714286,0.2727272727272727,0.11842105263157894,0.0
256,0,4,periodic,16777216,167772160,0.376953125,0.822429906542056,0.5574712643678161,0.35294117647058826,0.24503311258278146,0.09876543209876543,0.0
256,0,4,periodic,18874368,169869312,0.3837890625,0.8436018957345972,0.5705521472392638,0.4573170731707317,0.21153846153846154,0.08433734939759036,0.0
256,0,4,periodic,20971520,171966464,0.3447265625,0.7741935483870968,0.5780346820809249,0.37037037037037035,0.2532467532467532,0.059880239520958084,0.0
256,0,4,periodic,23068672,174063616,0.4013671875,0.7923497267759563,0.6586826347305389,0.5172413793103449,0.2840909090909091,0.0935672514619883,0.0
256,0,4,periodic,25165824,176160768,0.419921875,0.8067632850241546,0.6607142857142857,0.45077720207253885,0.2967741935483871,0.11875,0.0
256,0,4,periodic,27262976,178257920,0.35546875,0.7894736842105263,0.6235294117647059,0.37714285714285717,0.22905027932960895,0.10126582278481013,0.0
256,0,4,periodic,29360128,180355072,0.3671875,0.7929292929292929,0.5759162303664922,0.40119760479041916,0.16184971098265896,0.0915032679738562,0.0
256,0,4,periodic,31457280,182452224,0.373046875,0.8268156424581006,0.6223404255319149,0.4269005847953216,0.21666666666666667,0.032679738562091505,0.0
256,0,4,periodic,33554432,184549376,0.3515625,0.7795698924731183,0.6174863387978142,0.3063583815028902,0.25165562913907286,0.06626506024096386,0.0
256,0,4,periodic,35651584,186646528,0.4072265625,0.8125,0.6588235294117647,0.46987951807228917,0.25153374233128833,0.10967741935483871,0.0
256,0,4,periodic,37748736,188743680,0.365234375,0.8232044198895028,0.6344086021505376,0.3710691823899371,0.20710059171597633,0.07738095238095238,0.0
256,0,4,periodic,39845888,190840832,0.3583984375,0.7474747474747475,0.6420454545454546,0.4036144578313253,0.1791907514450867,0.05555555555555555,0.0
256,0,4,periodic,41943040,192937984,0.37109375,0.7637362637362637,0.6274509803921569,0.4918918918918919,0.24691358024691357,0.08045977011494253,0.0
256,0,4,periodic,44040192,195035136,0.4052734375,0.8578947368421053,0.648936170212766,0.41420118343195267,0.24193548387096775,0.09554140127388536,0.0
256,0,4,periodic,46137344,197132288,0.3466796875,0.8021978021978022,0.5531914893617021,0.38509316770186336,0.20261437908496732,0.06741573033707865,0.0
256,0,4,periodic,48234496,199229440,0.3857421875,0.8181818181818182,0.6460674157303371,0.4129032258064516,0.23595505617977527,0.0736196319018405,0.0
256,0,4,periodic,50331648,201326592,0.3671875,0.7591623036649214,0.6011904761904762,0.4692737430167598,0.20382165605095542,0.07734806629834254,0.0
256,0,4,phase_end,50331648,201326592,0.3671875,0.7591623036649214,0.6011904761904762,0.4692737430167598,0.20382165605095542,0.07734806629834254,0.0
256,1,1,phase_start,0,0,0.03125,0.13836477987421383,0.046242774566473986,0.0125,0.0,0.0,0.0
256,1,1,periodic,2097152,2097152,0.35546875,0.8167539267015707,0.6042780748663101,0.39520958083832336,0.15337423312883436,0.023529411764705882,0.0
256,1,1,periodic,4194304,4194304,0.3740234375,0.8457446808510638,0.6073619631901841,0.4074074074074074,0.2032967032967033,0.07971014492753623,0.0
256,1,1,periodic,6291456,6291456,0.3525390625,0.8579234972677595,0.6049382716049383,0.35195530726256985,0.20245398773006135,0.05714285714285714,0.0
256,1,1,periodic,8388608,8388608,0.390625,0.8805970149253731,0.6307692307692307,0.3699421965317919,0.18064516129032257,0.0547945205479452,0.0
256,1,1,periodic,10485760,10485760,0.3310546875,0.7848837209302325,0.5409836065573771,0.4090909090909091,0.125,0.07142857142857142,0.0
256,1,1,periodic,12582912,12582912,0.3701171875,0.8764044943820225,0.6296296296296297,0.36363636363636365,0.19161676646706588,0.04878048780487805,0.0
256,1,1,periodic,14680064,14680064,0.35546875,0.8793969849246231,0.6233766233766234,0.3448275862068966,0.15294117647058825,0.047619047619047616,0.0
256,1,1,periodic,16777216,16777216,0.3828125,0.868020304568528,0.6982248520710059,0.35802469135802467,0.21052631578947367,0.05625,0.0
256,1,1,periodic,18874368,18874368,0.388671875,0.8238341968911918,0.6699507389162561,0.4161490683229814,0.17419354838709677,0.061224489795918366,0.0
256,1,1,periodic,20971520,20971520,0.3544921875,0.7980295566502463,0.6045197740112994,0.37037037037037035,0.16025641025641027,0.05084745762711865,0.0
256,1,1,periodic,23068672,23068672,0.39453125,0.8258706467661692,0.6894736842105263,0.3442622950819672,0.19642857142857142,0.07096774193548387,0.0
256,1,1,periodic,25165824,25165824,0.375,0.8555555555555555,0.6564102564102564,0.3609467455621302,0.17486338797814208,0.05625,0.0
256,1,1,periodic,27262976,27262976,0.3515625,0.8260869565217391,0.6060606060606061,0.35978835978835977,0.18787878787878787,0.05421686746987952,0.0
256,1,1,periodic,29360128,29360128,0.38671875,0.8564102564102564,0.615,0.4,0.22302158273381295,0.061224489795918366,0.0
256,1,1,periodic,31457280,31457280,0.34765625,0.8497109826589595,0.6123595505617978,0.40119760479041916,0.15286624203821655,0.04918032786885246,0.0
256,1,1,periodic,33554432,33554432,0.35546875,0.8253968253968254,0.6687116564417178,0.3558282208588957,0.17159763313609466,0.06976744186046512,0.0
256,1,1,periodic,35651584,35651584,0.3896484375,0.8478260869565217,0.6887755102040817,0.4064516129032258,0.1878453038674033,0.0658682634730539,0.0
256,1,1,periodic,37748736,37748736,0.408203125,0.864321608040201,0.6829268292682927,0.3837837837837838,0.1724137931034483,0.06756756756756757,0.0
256,1,1,periodic,39845888,39845888,0.353515625,0.8858695652173914,0.6125,0.39156626506024095,0.15217391304347827,0.049689440993788817,0.0
256,1,1,periodic,41943040,41943040,0.341796875,0.825,0.5944444444444444,0.31446540880503143,0.14893617021276595,0.041916167664670656,0.0
256,1,1,periodic,44040192,44040192,0.3544921875,0.8095238095238095,0.7,0.35678391959798994,0.14792899408284024,0.0759493670886076,0.0
256,1,1,periodic,46137344,46137344,0.3681640625,0.8608247422680413,0.6145251396648045,0.39490445859872614,0.16149068322981366,0.06629834254143646,0.0
256,1,1,periodic,48234496,48234496,0.3994140625,0.845771144278607,0.6963350785340314,0.37714285714285717,0.22297297297297297,0.04697986577181208,0.0
256,1,1,periodic,50331648,50331648,0.341796875,0.8350515463917526,0.5668449197860963,0.3170731707317073,0.16129032258064516,0.031055900621118012,0.0
256,1,1,phase_end,50331648,50331648,0.341796875,0.8350515463917526,0.5668449197860963,0.3170731707317073,0.16129032258064516,0.031055900621118012,0.0
256,1,2,phase_start,0,50331648,0.4052734375,0.8571428571428571,0.7065868263473054,0.4375,0.2465753424657534,0.05660377358490566,0.005780346820809248
256,1,2,periodic,2097152,52428800,0.361328125,0.8802395209580839,0.6703296703296703,0.37142857142857144,0.18,0.055900621118012424,0.0
256,1,2,periodic,4194304,54525952,0.396484375,0.8507462686567164,0.7065217391304348,0.3780487804878049,0.21052631578947367,0.06077348066298342,0.0
256,1,2,periodic,6291456,56623104,0.404296875,0.8325358851674641,0.6776315789473685,0.45977011494252873,0.24855491329479767,0.06832298136645963,0.01935483870967742
256,1,2,periodic,8388608,58720256,0.423828125,0.8191489361702128,0.7287234042553191,0.4888888888888889,0.24157303370786518,0.07692307692307693,0.0
256,1,2,periodic,10485760,60817408,0.38671875,0.8258706467661692,0.7039106145251397,0.42857142857142855,0.1414141414141414,0.05263157894736842,0.0
256,1,2,periodic,12582912,62914560,0.408203125,0.8633879781420765,0.6482412060301508,0.48936170212765956,0.2,0.03821656050955414,0.0
256,1,2,periodic,14680064,65011712,0.3837890625,0.8125,0.664804469273743,0.49056603773584906,0.17964071856287425,0.04519774011299435,0.013333333333333334
256,1,2,periodic,16777216,67108864,0.404296875,0.7871287128712872,0.7539267015706806,0.43103448275862066,0.19736842105263158,0.03333333333333333,0.0064516129032258064
256,1,2,periodic,18874368,69206016,0.41015625,0.84375,0.6714975845410628,0.4293785310734463,0.21764705882352942,0.03571428571428571,0.007246376811594203
256,1,2,periodic,20971520,71303168,0.3857421875,0.8601036269430051,0.649746192893401,0.3620689655172414,0.17682926829268292,0.04861111111111111,0.013157894736842105
256,1,2,periodic,23068672,73400320,0.3662109375,0.8737373737373737,0.6890243902439024,0.36942675159235666,0.14285714285714285,0.031446540880503145,0.005847953216374269
256,1,2,periodic,25165824,75497472,0.373046875,0.8269230769230769,0.6666666666666666,0.36551724137931035,0.18823529411764706,0.03888888888888889,0.0
256,1,2,periodic,27262976,77594624,0.3916015625,0.865979381443299,0.7409638554216867,0.43478260869565216,0.1712707182320442,0.05806451612903226,0.0
256,1,2,periodic,29360128,79691776,0.3984375,0.8795811518324608,0.6705202312138728,0.4065934065934066,0.21301775147928995,0.08024691358024691,0.006802721088435374
256,1,2,periodic,31457280,81788928,0.4111328125,0.8840579710144928,0.7287234042553191,0.39263803680981596,0.18238993710691823,0.044444444444444446,0.011627906976744186
256,1,2,periodic,33554432,83886080,0.3779296875,0.824468085106383,0.7526881720430108,0.3860759493670886,0.1527777777777778,0.05,0.0
256,1,2,periodic,35651584,85983232,0.400390625,0.8911917098445595,0.6871508379888268,0.4111111111111111,0.16666666666666666,0.09248554913294797,0.0
256,1,2,periodic,37748736,88080384,0.4013671875,0.8704663212435233,0.6666666666666666,0.43478260869565216,0.19078947368421054,0.05917159763313609,0.0
256,1,2,periodic,39845888,90177536,0.4033203125,0.8541666666666666,0.7165775401069518,0.4083769633507853,0.1518987341772152,0.08074534161490683,0.0
256,1,2,periodic,41943040,92274688,0.419921875,0.8380952380952381,0.7298578199052133,0.36363636363636365,0.2222222222222222,0.03546099290780142,0.006944444444444444
256,1,2,periodic,44040192,94371840,0.40625,0.8802083333333334,0.7555555555555555,0.42696629213483145,0.15083798882681565,0.03896103896103896,0.014184397163120567
256,1,2,periodic,46137344,96468992,0.42578125,0.7939698492462312,0.7329545454545454,0.43523316062176165,0.3202614379084967,0.08974358974358974,0.013605442176870748
256,1,2,periodic,48234496,98566144,0.3984375,0.875,0.7283236994219653,0.4020100502512563,0.2054794520547945,0.06547619047619048,0.0
256,1,2,periodic,50331648,100663296,0.3974609375,0.8333333333333334,0.6282722513089005,0.5,0.19767441860465115,0.05,0.0064516129032258064
256,1,2,phase_end,50331648,100663296,0.3974609375,0.8333333333333334,0.6282722513089005,0.5,0.19767441860465115,0.05,0.0064516129032258064
256,1,3,phase_start,0,100663296,0.361328125,0.8131868131868132,0.5846994535519126,0.4457831325301205,0.20606060606060606,0.0440251572327044,0.0
256,1,3,periodic,2097152,102760448,0.390625,0.8056872037914692,0.5957446808510638,0.4632768361581921,0.18867924528301888,0.04081632653061224,0.0
256,1,3,periodic,4194304,104857600,0.365234375,0.8186528497409327,0.63125,0.47337278106508873,0.12422360248447205,0.08287292817679558,0.0
256,1,3,periodic,6291456,106954752,0.3818359375,0.8271028037383178,0.6035502958579881,0.4444444444444444,0.16778523489932887,0.04294478527607362,0.0
256,1,3,periodic,8388608,109051904,0.3876953125,0.8534031413612565,0.632183908045977,0.4342857142857143,0.1962025316455696,0.09550561797752809,0.0
256,1,3,periodic,10485760,111149056,0.37890625,0.855,0.6436781609195402,0.453416149068323,0.16025641025641027,0.04516129032258064,0.0
256,1,3,periodic,12582912,113246208,0.3515625,0.8700564971751412,0.5321637426900585,0.4157303370786517,0.1853932584269663,0.05517241379310345,0.0
256,1,3,periodic,14680064,115343360,0.34375,0.7701149425287356,0.6,0.4166666666666667,0.14835164835164835,0.06172839506172839,0.0
256,1,3,periodic,16777216,117440512,0.3671875,0.8191489361702128,0.6526315789473685,0.3475609756097561,0.225,0.029411764705882353,0.0
256,1,3,periodic,18874368,119537664,0.3564453125,0.7900552486187845,0.6374269005847953,0.4340659340659341,0.175,0.04054054054054054,0.0
256,1,3,periodic,20971520,121634816,0.3740234375,0.8235294117647058,0.6312849162011173,0.4606741573033708,0.147239263803681,0.062111801242236024,0.0
256,1,3,periodic,23068672,123731968,0.353515625,0.8045977011494253,0.6344086021505376,0.40860215053763443,0.11949685534591195,0.05454545454545454,0.0
256,1,3,periodic,25165824,125829120,0.3876953125,0.7927461139896373,0.6377551020408163,0.4642857142857143,0.16463414634146342,0.0875,0.0
256,1,3,periodic,27262976,127926272,0.3896484375,0.8235294117647058,0.6257668711656442,0.46710526315789475,0.1511627906976744,0.10227272727272728,0.0
256,1,3,periodic,29360128,130023424,0.404296875,0.8031088082901554,0.6931216931216931,0.44751381215469616,0.23529411764705882,0.04827586206896552,0.0
256,1,3,periodic,31457280,132120576,0.376953125,0.81,0.6555555555555556,0.445859872611465,0.14634146341463414,0.07407407407407407,0.0
256,1,3,periodic,33554432,134217728,0.375,0.8100558659217877,0.6190476190476191,0.42613636363636365,0.22289156626506024,0.06666666666666667,0.0
256,1,3,periodic,35651584,136314880,0.3818359375,0.8666666666666667,0.6257309941520468,0.4152046783625731,0.21428571428571427,0.05063291139240506,0.0
256,1,3,periodic,37748736,138412032,0.3818359375,0.8018867924528302,0.631578947368421,0.4293785310734463,0.2013888888888889,0.05228758169934641,0.0
256,1,3,periodic,39845888,140509184,0.3740234375,0.7849462365591398,0.6051282051282051,0.4530386740331492,0.1858974358974359,0.053691275167785234,0.0
256,1,3,periodic,41943040,142606336,0.3857421875,0.8509615384615384,0.632183908045977,0.4166666666666667,0.17985611510791366,0.07738095238095238,0.0
256,1,3,periodic,44040192,144703488,0.380859375,0.8115183246073299,0.6457142857142857,0.44785276073619634,0.20903954802259886,0.0759493670886076,0.0
256,1,3,periodic,46137344,146800640,0.3525390625,0.7688172043010753,0.5730337078651685,0.40932642487046633,0.19463087248322147,0.05194805194805195,0.0
256,1,3,periodic,48234496,148897792,0.404296875,0.8685446009389671,0.631578947368421,0.43452380952380953,0.2289156626506024,0.06802721088435375,0.0
256,1,3,periodic,50331648,150994944,0.3828125,0.8365384615384616,0.6628571428571428,0.423841059602649,0.18493150684931506,0.06432748538011696,0.0
256,1,3,phase_end,50331648,150994944,0.3828125,0.8365384615384616,0.6628571428571428,0.423841059602649,0.18493150684931506,0.06432748538011696,0.0
256,1,4,phase_start,0,150994944,0.3759765625,0.8222222222222222,0.5737704918032787,0.4319526627218935,0.2346368715083799,0.11333333333333333,0.0
256,1,4,periodic,2097152,153092096,0.3779296875,0.8432432432432433,0.615819209039548,0.38414634146341464,0.25842696629213485,0.07878787878787878,0.0
256,1,4,periodic,4194304,155189248,0.3662109375,0.8229166666666666,0.5588235294117647,0.39204545454545453,0.21839080459770116,0.10204081632653061,0.0
256,1,4,periodic,6291456,157286400,0.390625,0.7881773399014779,0.6417112299465241,0.37012987012987014,0.2849162011173184,0.07407407407407407,0.0
256,1,4,periodic,8388608,159383552,0.361328125,0.7845303867403315,0.569060773480663,0.46153846153846156,0.24183006535947713,0.058823529411764705,0.0
256,1,4,periodic,10485760,161480704,0.3798828125,0.84,0.6767676767676768,0.42138364779874216,0.21333333333333335,0.05263157894736842,0.0
256,1,4,periodic,12582912,163577856,0.3994140625,0.7990430622009569,0.6881720430107527,0.37572254335260113,0.22151898734177214,0.09523809523809523,0.0
256,1,4,periodic,14680064,165675008,0.3515625,0.7978142076502732,0.625,0.3941176470588235,0.13793103448275862,0.06741573033707865,0.0
256,1,4,periodic,16777216,167772160,0.365234375,0.7580645161290323,0.6486486486486487,0.34104046242774566,0.2556818181818182,0.05921052631578947,0.0
256,1,4,periodic,18874368,169869312,0.3603515625,0.7626262626262627,0.6445783132530121,0.34594594594594597,0.23225806451612904,0.0658682634730539,0.0
256,1,4,periodic,20971520,171966464,0.3896484375,0.8020304568527918,0.5988700564971752,0.40625,0.2893081761006289,0.13559322033898305,0.0
256,1,4,periodic,23068672,174063616,0.3671875,0.8187134502923976,0.5769230769230769,0.4072164948453608,0.21739130434782608,0.10625,0.0
256,1,4,periodic,25165824,176160768,0.37109375,0.8009708737864077,0.5739644970414202,0.42138364779874216,0.23417721518987342,0.08333333333333333,0.0
256,1,4,periodic,27262976,178257920,0.3837890625,0.765625,0.6451612903225806,0.461038961038961,0.26666666666666666,0.0728476821192053,0.0
256,1,4,periodic,29360128,180355072,0.341796875,0.806060606060606,0.6171428571428571,0.3836477987421384,0.18235294117647058,0.0913978494623656,0.0
256,1,4,periodic,31457280,182452224,0.3828125,0.817258883248731,0.6193181818181818,0.4230769230769231,0.22485207100591717,0.10344827586206896,0.0
256,1,4,periodic,33554432,184549376,0.4130859375,0.8656716417910447,0.5934065934065934,0.43646408839779005,0.28488372093023256,0.09420289855072464,0.0
256,1,4,periodic,35651584,186646528,0.39453125,0.7900552486187845,0.6018957345971564,0.4301675977653631,0.25609756097560976,0.10135135135135136,0.0
256,1,4,periodic,37748736,188743680,0.3974609375,0.8142076502732241,0.6417112299465241,0.43902439024390244,0.29651162790697677,0.08823529411764706,0.0
256,1,4,periodic,39845888,190840832,0.3701171875,0.8224852071005917,0.6010928961748634,0.42777777777777776,0.24561403508771928,0.07142857142857142,0.0
256,1,4,periodic,41943040,192937984,0.3994140625,0.8275862068965517,0.65,0.40718562874251496,0.22666666666666666,0.12222222222222222,0.0
256,1,4,periodic,44040192,195035136,0.39453125,0.8333333333333334,0.6395939086294417,0.4027777777777778,0.26875,0.08053691275167785,0.0
256,1,4,periodic,46137344,197132288,0.3740234375,0.8172043010752689,0.6276595744680851,0.38235294117647056,0.2147239263803681,0.08176100628930817,0.0
256,1,4,periodic,48234496,199229440,0.349609375,0.7784431137724551,0.6033519553072626,0.4134078212290503,0.2215909090909091,0.042682926829268296,0.0
256,1,4,periodic,50331648,201326592,0.380859375,0.8061224489795918,0.5865921787709497,0.4519774011299435,0.2023121387283237,0.07947019867549669,0.0
256,1,4,phase_end,50331648,201326592,0.380859375,0.8061224489795918,0.5865921787709497,0.4519774011299435,0.2023121387283237,0.07947019867549669,0.0
256,2,1,phase_start,0,0,0.037109375,0.16292134831460675,0.050314465408805034,0.006024096385542169,0.0,0.0,0.0
256,2,1,periodic,2097152,2097152,0.349609375,0.8385416666666666,0.5440414507772021,0.4011627906976744,0.14482758620689656,0.013422818791946308,0.0
256,2,1,periodic,4194304,4194304,0.3623046875,0.8292682926829268,0.6193181818181818,0.3851851851851852,0.19767441860465115,0.037267080745341616,0.0
256,2,1,periodic,6291456,6291456,0.33984375,0.8430232558139535,0.6488095238095238,0.3668639053254438,0.1393939393939394,0.05056179775280899,0.0
256,2,1,periodic,8388608,8388608,0.3623046875,0.7989949748743719,0.6153846153846154,0.3522012578616352,0.25,0.05325443786982249,0.0
256,2,1,periodic,10485760,10485760,0.3740234375,0.8307692307692308,0.6737967914438503,0.3764705882352941,0.1568627450980392,0.04,0.0
256,2,1,periodic,12582912,12582912,0.404296875,0.8793969849246231,0.7213114754098361,0.44642857142857145,0.16666666666666666,0.04093567251461988,0.0
256,2,1,periodic,14680064,14680064,0.3720703125,0.83,0.569060773480663,0.3967391304347826,0.1917808219178082,0.07051282051282051,0.0
256,2,1,periodic,16777216,16777216,0.3623046875,0.8446601941747572,0.6413043478260869,0.3072289156626506,0.11688311688311688,0.06289308176100629,0.0
256,2,1,periodic,18874368,18874368,0.3525390625,0.788659793814433,0.5842105263157895,0.39568345323741005,0.15789473684210525,0.08620689655172414,0.0
256,2,1,periodic,20971520,20971520,0.3505859375,0.8535353535353535,0.5898876404494382,0.2980132450331126,0.1638418079096045,0.06918238993710692,0.0
256,2,1,periodic,23068672,23068672,0.3310546875,0.8373493975903614,0.6077348066298343,0.35294117647058826,0.12727272727272726,0.0196078431372549,0.0
256,2,1,periodic,25165824,25165824,0.3583984375,0.8157894736842105,0.6216216216216216,0.40268456375838924,0.14906832298136646,0.07471264367816093,0.0
256,2,1,periodic,27262976,27262976,0.3916015625,0.84688995215311,0.6633663366336634,0.37579617834394907,0.1464968152866242,0.05405405405405406,0.0
256,2,1,periodic,29360128,29360128,0.34765625,0.8368421052631579,0.5911602209944752,0.37012987012987014,0.1286549707602339,0.06790123456790123,0.0
256,2,1,periodic,31457280,31457280,0.3466796875,0.7900552486187845,0.6193181818181818,0.3815028901734104,0.18181818181818182,0.05389221556886228,0.0
256,2,1,periodic,33554432,33554432,0.3916015625,0.8243243243243243,0.6875,0.37662337662337664,0.16666666666666666,0.07643312101910828,0.0
256,2,1,periodic,35651584,35651584,0.3896484375,0.8860103626943006,0.6197916666666666,0.4260355029585799,0.17088607594936708,0.06535947712418301,0.0
256,2,1,periodic,37748736,37748736,0.4033203125,0.8608247422680413,0.7,0.3860759493670886,0.2624113475177305,0.05194805194805195,0.0
256,2,1,periodic,39845888,39845888,0.390625,0.8351063829787234,0.654054054054054,0.4371584699453552,0.20496894409937888,0.06716417910447761,0.0
256,2,1,periodic,41943040,41943040,0.375,0.8769230769230769,0.6077348066298343,0.39285714285714285,0.1871345029239766,0.03048780487804878,0.0
256,2,1,periodic,44040192,44040192,0.3681640625,0.8,0.6721311475409836,0.423728813559322,0.13333333333333333,0.06206896551724138,0.0
256,2,1,periodic,46137344,46137344,0.3798828125,0.8418367346938775,0.5882352941176471,0.36548223350253806,0.2012987012987013,0.07333333333333333,0.0
256,2,1,periodic,48234496,48234496,0.3935546875,0.8469387755102041,0.6736842105263158,0.44171779141104295,0.1951219512195122,0.030303030303030304,0.0
256,2,1,periodic,50331648,50331648,0.3515625,0.8432432432432433,0.6,0.3696969696969697,0.176056338028169,0.05813953488372093,0.0
256,2,1,phase_end,50331648,50331648,0.3515625,0.8432432432432433,0.6,0.3696969696969697,0.176056338028169,0.05813953488372093,0.0
256,2,2,phase_start,0,50331648,0.3935546875,0.7788944723618091,0.7433155080213903,0.4245810055865922,0.18666666666666668,0.034013605442176874,0.0
256,2,2,periodic,2097152,52428800,0.4072265625,0.8423645320197044,0.7193877551020408,0.4050632911392405,0.20710059171597633,0.0392156862745098,0.0
256,2,2,periodic,4194304,54525952,0.390625,0.8776595744680851,0.6571428571428571,0.4734042553191489,0.15204678362573099,0.034013605442176874,0.0
256,2,2,periodic,6291456,56623104,0.3876953125,0.8262910798122066,0.6627906976744186,0.4117647058823529,0.16883116883116883,0.06134969325153374,0.006578947368421052
256,2,2,periodic,8388608,58720256,0.359375,0.8125,0.7119565217391305,0.33152173913043476,0.14673913043478262,0.037037037037037035,0.0
256,2,2,periodic,10485760,60817408,0.373046875,0.875,0.6583850931677019,0.3333333333333333,0.21212121212121213,0.049689440993788817,0.0
256,2,2,periodic,12582912,62914560,0.4033203125,0.8676470588235294,0.7045454545454546,0.39655172413793105,0.20118343195266272,0.055900621118012424,0.0
256,2,2,periodic,14680064,65011712,0.39453125,0.8486486486486486,0.6810810810810811,0.43258426966292135,0.2037037037037037,0.06060606060606061,0.006711409395973154
256,2,2,periodic,16777216,67108864,0.400390625,0.8364485981308412,0.6881188118811881,0.358974358974359,0.14634146341463414,0.0728476821192053,0.0072992700729927005
256,2,2,periodic,18874368,69206016,0.412109375,0.8405797101449275,0.7074468085106383,0.4124293785310734,0.19642857142857142,0.05517241379310345,0.007194244604316547
256,2,2,periodic,20971520,71303168,0.4658203125,0.8944723618090452,0.7755102040816326,0.5561797752808989,0.20670391061452514,0.07971014492753623,0.0
256,2,2,periodic,23068672,73400320,0.36328125,0.8588957055214724,0.6853932584269663,0.41566265060240964,0.21341463414634146,0.027777777777777776,0.005780346820809248
256,2,2,periodic,25165824,75497472,0.3916015625,0.8195876288659794,0.654054054054054,0.45977011494252873,0.23776223776223776,0.041176470588235294,0.0
256,2,2,periodic,27262976,77594624,0.39453125,0.8324873096446701,0.7044025157232704,0.44559585492227977,0.18823529411764706,0.06666666666666667,0.0058823529411764705
256,2,2,periodic,29360128,79691776,0.421875,0.8894472361809045,0.7679558011049724,0.45121951219512196,0.17791411042944785,0.06790123456790123,0.012903225806451613
256,2,2,periodic,31457280,81788928,0.419921875,0.8854166666666666,0.7134146341463414,0.4603960396039604,0.19760479041916168,0.09615384615384616,0.013986013986013986
256,2,2,periodic,33554432,83886080,0.40234375,0.8429319371727748,0.7752808988764045,0.41530054644808745,0.20261437908496732,0.04081632653061224,0.0
256,2,2,periodic,35651584,85983232,0.400390625,0.8685714285714285,0.7354497354497355,0.4228571428571429,0.20588235294117646,0.060240963855421686,0.0
256,2,2,periodic,37748736,88080384,0.408203125,0.8391959798994975,0.7431693989071039,0.47096774193548385,0.21637426900584794,0.025157232704402517,0.006369426751592357
256,2,2,periodic,39845888,90177536,0.3671875,0.8181818181818182,0.6967741935483871,0.41420118343195267,0.17647058823529413,0.05142857142857143,0.0
256,2,2,periodic,41943040,92274688,0.3642578125,0.8146341463414634,0.6219512195121951,0.4244604316546763,0.18235294117647058,0.08092485549132948,0.0
256,2,2,periodic,44040192,94371840,0.3759765625,0.898936170212766,0.6878612716763006,0.4129032258064516,0.16022099447513813,0.025157232704402517,0.0
256,2,2,periodic,46137344,96468992,0.412109375,0.83,0.696969696969697,0.4491017964071856,0.20754716981132076,0.052980132450331126,0.013422818791946308
256,2,2,periodic,48234496,98566144,0.396484375,0.8429319371727748,0.6573033707865169,0.46107784431137727,0.2356020942408377,0.04081632653061224,0.0
256,2,2,periodic,50331648,100663296,0.3896484375,0.8484848484848485,0.7096774193548387,0.4362745098039216,0.1554054054054054,0.05194805194805195,0.006060606060606061
256,2,2,phase_end,50331648,100663296,0.3896484375,0.8484848484848485,0.7096774193548387,0.4362745098039216,0.1554054054054054,0.05194805194805195,0.006060606060606061
256,2,3,phase_start,0,100663296,0.375,0.835,0.6363636363636364,0.4785276073619632,0.13559322033898305,0.06622516556291391,0.0
256,2,3,periodic,2097152,102760448,0.396484375,0.8309859154929577,0.6111111111111112,0.5067567567567568,0.2,0.0718954248366013,0.0
256,2,3,periodic,4194304,104857600,0.376953125,0.806282722513089,0.6415094339622641,0.47093023255813954,0.21022727272727273,0.0670391061452514,0.0
256,2,3,periodic,6291456,106954752,0.3779296875,0.8102564102564103,0.689873417721519,0.3850267379679144,0.22282608695652173,0.05263157894736842,0.0
256,2,3,periodic,8388608,109051904,0.37109375,0.8421052631578947,0.5925925925925926,0.4567901234567901,0.16783216783216784,0.06134969325153374,0.0
256,2,3,periodic,10485760,111149056,0.37109375,0.7801047120418848,0.640625,0.4407894736842105,0.1870967741935484,0.07407407407407407,0.0
256,2,3,periodic,12582912,113246208,0.3984375,0.828125,0.7005988023952096,0.455026455026455,0.22023809523809523,0.05325443786982249,0.0
256,2,3,periodic,14680064,115343360,0.3671875,0.7942857142857143,0.6944444444444444,0.42328042328042326,0.1437125748502994,0.052980132450331126,0.0
256,2,3,periodic,16777216,117440512,0.4033203125,0.8461538461538461,0.6231155778894473,0.49404761904761907,0.21518987341772153,0.047619047619047616,0.0
256,2,3,periodic,18874368,119537664,0.384765625,0.8465608465608465,0.6684491978609626,0.3977272727272727,0.1830065359477124,0.07051282051282051,0.0
256,2,3,periodic,20971520,121634816,0.39453125,0.81,0.6507936507936508,0.4437869822485207,0.22085889570552147,0.050955414012738856,0.0
256,2,3,periodic,23068672,123731968,0.3671875,0.8059701492537313,0.6119402985074627,0.3668639053254438,0.15584415584415584,0.03048780487804878,0.0
256,2,3,periodic,25165824,125829120,0.4052734375,0.8387096774193549,0.6555555555555556,0.48502994011976047,0.1895424836601307,0.032467532467532464,0.0
256,2,3,periodic,27262976,127926272,0.361328125,0.8652849740932642,0.6423841059602649,0.40714285714285714,0.225,0.06914893617021277,0.0
256,2,3,periodic,29360128,130023424,0.388671875,0.8571428571428571,0.6739130434782609,0.4277456647398844,0.1987179487179487,0.04487179487179487,0.0
256,2,3,periodic,31457280,132120576,0.4052734375,0.8383838383838383,0.6318681318681318,0.4673913043478261,0.21604938271604937,0.087248322147651,0.0
256,2,3,periodic,33554432,134217728,0.3623046875,0.8586387434554974,0.6463414634146342,0.40804597701149425,0.1346153846153846,0.05,0.0
256,2,3,periodic,35651584,136314880,0.40625,0.8882978723404256,0.6844919786096256,0.4774193548387097,0.2529411764705882,0.02531645569620253,0.0
256,2,3,periodic,37748736,138412032,0.34765625,0.7903225806451613,0.6214689265536724,0.4,0.1452513966480447,0.058823529411764705,0.0
256,2,3,periodic,39845888,140509184,0.3662109375,0.7857142857142857,0.6457142857142857,0.46111111111111114,0.15204678362573099,0.05952380952380952,0.0
256,2,3,periodic,41943040,142606336,0.373046875,0.8009708737864077,0.6206896551724138,0.4166666666666667,0.18666666666666668,0.07333333333333333,0.0
256,2,3,periodic,44040192,144703488,0.3583984375,0.8152173913043478,0.6069364161849711,0.4124293785310734,0.20394736842105263,0.04371584699453552,0.0
256,2,3,periodic,46137344,146800640,0.3876953125,0.8563829787234043,0.6307692307692307,0.4350282485875706,0.18064516129032257,0.04938271604938271,0.0
256,2,3,periodic,48234496,148897792,0.3779296875,0.9235294117647059,0.6190476190476191,0.4583333333333333,0.1774193548387097,0.02,0.0
256,2,3,periodic,50331648,150994944,0.373046875,0.8461538461538461,0.6217616580310881,0.38311688311688313,0.18181818181818182,0.05747126436781609,0.0
256,2,3,phase_end,50331648,150994944,0.373046875,0.8461538461538461,0.6217616580310881,0.38311688311688313,0.18181818181818182,0.05747126436781609,0.0
256,2,4,phase_start,0,150994944,0.373046875,0.8315789473684211,0.5833333333333334,0.4303030303030303,0.17714285714285713,0.06134969325153374,0.0
256,2,4,periodic,2097152,153092096,0.35546875,0.7401129943502824,0.5934065934065934,0.3978494623655914,0.2631578947368421,0.0658682634730539,0.0
256,2,4,periodic,4194304,155189248,0.396484375,0.8421052631578947,0.6040609137055838,0.44148936170212766,0.3136094674556213,0.04861111111111111,0.0
256,2,4,periodic,6291456,157286400,0.3798828125,0.8118811881188119,0.625,0.4268292682926829,0.22674418604651161,0.06626506024096386,0.0
256,2,4,periodic,8388608,159383552,0.3603515625,0.7745664739884393,0.6379310344827587,0.3626943005181347,0.22043010752688172,0.08666666666666667,0.0
256,2,4,periodic,10485760,161480704,0.3642578125,0.7542857142857143,0.6486486486486487,0.4429530201342282,0.23976608187134502,0.07954545454545454,0.0
256,2,4,periodic,12582912,163577856,0.3740234375,0.8461538461538461,0.6353591160220995,0.37894736842105264,0.16447368421052633,0.10119047619047619,0.0
256,2,4,periodic,14680064,165675008,0.3974609375,0.817258883248731,0.6585365853658537,0.4357142857142857,0.19642857142857142,0.10179640718562874,0.0
256,2,4,periodic,16777216,167772160,0.390625,0.7819148936170213,0.6162790697674418,0.44642857142857145,0.26666666666666666,0.14545454545454545,0.0
256,2,4,periodic,18874368,169869312,0.3837890625,0.8106508875739645,0.6989247311827957,0.4143646408839779,0.2631578947368421,0.04,0.0
256,2,4,periodic,20971520,171966464,0.388671875,0.8260869565217391,0.5506329113924051,0.48125,0.24719101123595505,0.12025316455696203,0.0
256,2,4,periodic,23068672,174063616,0.39453125,0.81,0.6464088397790055,0.42207792207792205,0.27741935483870966,0.11038961038961038,0.0
256,2,4,periodic,25165824,176160768,0.3623046875,0.82,0.6578947368421053,0.3791208791208791,0.20915032679738563,0.037037037037037035,0.0
256,2,4,periodic,27262976,178257920,0.34375,0.7923497267759563,0.581151832460733,0.37583892617449666,0.17857142857142858,0.05952380952380952,0.0
256,2,4,periodic,29360128,180355072,0.3623046875,0.7840909090909091,0.6077348066298343,0.40860215053763443,0.20359281437125748,0.08176100628930817,0.0
256,2,4,periodic,31457280,182452224,0.380859375,0.8387096774193549,0.6235955056179775,0.3942857142857143,0.21390374331550802,0.07909604519774012,0.0
256,2,4,periodic,33554432,184549376,0.392578125,0.8305084745762712,0.6197916666666666,0.4624277456647399,0.18181818181818182,0.16666666666666666,0.0
256,2,4,periodic,35651584,186646528,0.369140625,0.8540540540540541,0.6208791208791209,0.3924050632911392,0.1951219512195122,0.08496732026143791,0.0
256,2,4,periodic,37748736,188743680,0.359375,0.7485714285714286,0.5978835978835979,0.45121951219512196,0.23417721518987342,0.07784431137724551,0.0
256,2,4,periodic,39845888,190840832,0.341796875,0.7421383647798742,0.5520833333333334,0.4147727272727273,0.2138728323699422,0.0903954802259887,0.0
256,2,4,periodic,41943040,192937984,0.3818359375,0.8275862068965517,0.6631016042780749,0.36363636363636365,0.20134228187919462,0.054878048780487805,0.0
256,2,4,periodic,44040192,195035136,0.390625,0.8181818181818182,0.6306818181818182,0.4319526627218935,0.18023255813953487,0.09210526315789473,0.0
256,2,4,periodic,46137344,197132288,0.38671875,0.8426395939086294,0.5913978494623656,0.42857142857142855,0.20987654320987653,0.08148148148148149,0.0
256,2,4,periodic,48234496,199229440,0.359375,0.8111111111111111,0.625,0.42134831460674155,0.17834394904458598,0.054878048780487805,0.0
256,2,4,periodic,50331648,201326592,0.384765625,0.7761194029850746,0.6108108108108108,0.42857142857142855,0.25625,0.0851063829787234,0.0
256,2,4,phase_end,50331648,201326592,0.384765625,0.7761194029850746,0.6108108108108108,0.42857142857142855,0.25625,0.0851063829787234,0.0
256,3,1,phase_start,0,0,0.0439453125,0.18285714285714286,0.06285714285714286,0.01282051282051282,0.0,0.0,0.0
256,3,1,periodic,2097152,2097152,0.3818359375,0.835,0.7225806451612903,0.40963855421686746,0.18134715025906736,0.05844155844155844,0.0
256,3,1,periodic,4194304,4194304,0.404296875,0.8497652582159625,0.6615384615384615,0.42038216560509556,0.18562874251497005,0.04827586206896552,0.0
256,3,1,periodic,6291456,6291456,0.369140625,0.8162162162162162,0.6810810810810811,0.3877551020408163,0.12738853503184713,0.03125,0.0
256,3,1,periodic,8388608,8388608,0.38671875,0.8552036199095022,0.653179190751445,0.3271604938271605,0.1839080459770115,0.06338028169014084,0.0
256,3,1,periodic,10485760,10485760,0.337890625,0.7624309392265194,0.5604395604395604,0.33532934131736525,0.24404761904761904,0.05232558139534884,0.0
256,3,1,periodic,12582912,12582912,0.3857421875,0.8238095238095238,0.6611111111111111,0.39156626506024095,0.16981132075471697,0.07096774193548387,0.0
256,3,1,periodic,14680064,14680064,0.3427734375,0.8087431693989071,0.6369047619047619,0.3258426966292135,0.19186046511627908,0.02824858757062147,0.0
256,3,1,periodic,16777216,16777216,0.3935546875,0.8620689655172413,0.6634146341463415,0.3795180722891566,0.26256983240223464,0.041916167664670656,0.0
256,3,1,periodic,18874368,18874368,0.3740234375,0.8926553672316384,0.6530612244897959,0.3764705882352941,0.1656441717791411,0.04081632653061224,0.0
256,3,1,periodic,20971520,20971520,0.41015625,0.8585365853658536,0.7383720930232558,0.4457831325301205,0.2331288343558282,0.029411764705882353,0.0
256,3,1,periodic,23068672,23068672,0.333984375,0.8258426966292135,0.5,0.3941176470588235,0.20588235294117646,0.037037037037037035,0.0
256,3,1,periodic,25165824,25165824,0.3662109375,0.7904761904761904,0.6203208556149733,0.42948717948717946,0.1464968152866242,0.01948051948051948,0.0
256,3,1,periodic,27262976,27262976,0.38671875,0.8829787234042553,0.7127659574468085,0.37341772151898733,0.16981132075471697,0.05714285714285714,0.0
256,3,1,periodic,29360128,29360128,0.3740234375,0.8423645320197044,0.6056338028169014,0.39766081871345027,0.2712765957446808,0.046357615894039736,0.0
256,3,1,periodic,31457280,31457280,0.400390625,0.8413461538461539,0.6737967914438503,0.3743016759776536,0.18902439024390244,0.07482993197278912,0.0
256,3,1,periodic,33554432,33554432,0.3212890625,0.8070175438596491,0.660377358490566,0.3184713375796178,0.13756613756613756,0.06097560975609756,0.0
256,3,1,periodic,35651584,35651584,0.396484375,0.8549222797927462,0.6124401913875598,0.4619883040935672,0.1728395061728395,0.040268456375838924,0.0
256,3,1,periodic,37748736,37748736,0.359375,0.8105263157894737,0.601063829787234,0.32065217391304346,0.23030303030303031,0.0273972602739726,0.0
256,3,1,periodic,39845888,39845888,0.375,0.8055555555555556,0.6206896551724138,0.35714285714285715,0.17682926829268292,0.05714285714285714,0.0
256,3,1,periodic,41943040,41943040,0.3779296875,0.8833333333333333,0.6538461538461539,0.423728813559322,0.1625,0.05405405405405406,0.0
256,3,1,periodic,44040192,44040192,0.3564453125,0.8586956521739131,0.5837837837837838,0.3905325443786982,0.18543046357615894,0.03333333333333333,0.0
256,3,1,periodic,46137344,46137344,0.40234375,0.8774509803921569,0.6263736263736264,0.44,0.2111801242236025,0.049689440993788817,0.0
256,3,1,periodic,48234496,48234496,0.357421875,0.8502673796791443,0.6583850931677019,0.3668639053254438,0.1724137931034483,0.05521472392638037,0.0
256,3,1,periodic,50331648,50331648,0.3515625,0.8900523560209425,0.5941176470588235,0.3522012578616352,0.17341040462427745,0.017857142857142856,0.0
256,3,1,phase_end,50331648,50331648,0.3515625,0.8900523560209425,0.5941176470588235,0.3522012578616352,0.17341040462427745,0.017857142857142856,0.0
256,3,2,phase_start,0,50331648,0.365234375,0.8218390804597702,0.7098765432098766,0.4057142857142857,0.18181818181818182,0.05555555555555555,0.012195121951219513
256,3,2,periodic,2097152,52428800,0.3984375,0.8793969849246231,0.711864406779661,0.40540540540540543,0.22023809523809523,0.05389221556886228,0.006060606060606061
256,3,2,periodic,4194304,54525952,0.4267578125,0.8495145631067961,0.7248677248677249,0.46153846153846156,0.2185430463576159,0.05660377358490566,0.03333333333333333
256,3,2,periodic,6291456,56623104,0.3876953125,0.900497512437811,0.6648351648351648,0.3674698795180723,0.14743589743589744,0.07051282051282051,0.0
256,3,2,periodic,8388608,58720256,0.390625,0.8465608465608465,0.6647727272727273,0.4438202247191011,0.22641509433962265,0.04666666666666667,0.005813953488372093
256,3,2,periodic,10485760,60817408,0.3984375,0.8480392156862745,0.74375,0.4438202247191011,0.15204678362573099,0.06802721088435375,0.006097560975609756
256,3,2,periodic,12582912,62914560,0.38671875,0.8241758241758241,0.6802325581395349,0.45108695652173914,0.1987179487179487,0.08783783783783784,0.01098901098901099
256,3,2,periodic,14680064,65011712,0.421875,0.8914285714285715,0.6600985221674877,0.4838709677419355,0.25748502994011974,0.04697986577181208,0.013888888888888888
256,3,2,periodic,16777216,67108864,0.4013671875,0.8296703296703297,0.6968085106382979,0.4426229508196721,0.19753086419753085,0.1,0.006289308176100629
256,3,2,periodic,18874368,69206016,0.4091796875,0.8348214285714286,0.6855345911949685,0.5,0.19653179190751446,0.06060606060606061,0.0
256,3,2,periodic,20971520,71303168,0.404296875,0.8246445497630331,0.712707182320442,0.4539877300613497,0.1986754966887417,0.041916167664670656,0.0
256,3,2,periodic,23068672,73400320,0.4111328125,0.8609625668449198,0.7611111111111111,0.4745762711864407,0.21604938271604937,0.023391812865497075,0.0
256,3,2,periodic,25165824,75497472,0.38671875,0.8457446808510638,0.672316384180791,0.45054945054945056,0.1910828025477707,0.03680981595092025,0.0
256,3,2,periodic,27262976,77594624,0.396484375,0.8415841584158416,0.6706586826347305,0.4772727272727273,0.20134228187919462,0.05844155844155844,0.005681818181818182
256,3,2,periodic,29360128,79691776,0.4013671875,0.8238095238095238,0.6882352941176471,0.4268292682926829,0.24561403508771928,0.0703125,0.0
256,3,2,periodic,31457280,81788928,0.40234375,0.8486486486486486,0.76,0.3821656050955414,0.19607843137254902,0.0658682634730539,0.012345679012345678
256,3,2,periodic,33554432,83886080,0.40234375,0.8507462686567164,0.726775956284153,0.461038961038961,0.17197452229299362,0.060240963855421686,0.0
256,3,2,periodic,35651584,85983232,0.375,0.8118279569892473,0.6820512820512821,0.37012987012987014,0.23529411764705882,0.022988505747126436,0.018518518518518517
256,3,2,periodic,37748736,88080384,0.3662109375,0.8465608465608465,0.6470588235294118,0.328042328042328,0.1337579617834395,0.06164383561643835,0.01282051282051282
256,3,2,periodic,39845888,90177536,0.39453125,0.8181818181818182,0.6989795918367347,0.43670886075949367,0.2037037037037037,0.07894736842105263,0.0
256,3,2,periodic,41943040,92274688,0.4052734375,0.8798076923076923,0.6813186813186813,0.43859649122807015,0.15853658536585366,0.030864197530864196,0.014598540145985401
256,3,2,periodic,44040192,94371840,0.3974609375,0.845360824742268,0.6631016042780749,0.4406779661016949,0.21678321678321677,0.05660377358490566,0.006097560975609756
256,3,2,periodic,46137344,96468992,0.392578125,0.7921348314606742,0.7578947368421053,0.4207650273224044,0.2037037037037037,0.0375,0.006622516556291391
256,3,2,periodic,48234496,98566144,0.400390625,0.84,0.703030303030303,0.5493827160493827,0.1695906432748538,0.04597701149425287,0.0
256,3,2,periodic,50331648,100663296,0.4091796875,0.8413461538461539,0.7396449704142012,0.39037433155080214,0.2484472049689441,0.03773584905660377,0.0
256,3,2,phase_end,50331648,100663296,0.4091796875,0.8413461538461539,0.7396449704142012,0.39037433155080214,0.2484472049689441,0.03773584905660377,0.0
256,3,3,phase_start,0,100663296,0.3896484375,0.7971014492753623,0.6875,0.41040462427745666,0.19653179190751446,0.055944055944055944,0.0
256,3,3,periodic,2097152,102760448,0.365234375,0.8232323232323232,0.6790123456790124,0.3583815028901734,0.1893491124260355,0.046052631578947366,0.0
256,3,3,periodic,4194304,104857600,0.4013671875,0.7942583732057417,0.6307692307692307,0.43137254901960786,0.24064171122994651,0.07432432432432433,0.0
256,3,3,periodic,6291456,106954752,0.3837890625,0.8208955223880597,0.5828877005347594,0.4583333333333333,0.21212121212121213,0.044585987261146494,0.0
256,3,3,periodic,8388608,109051904,0.3681640625,0.7914438502673797,0.6666666666666666,0.42138364779874216,0.15950920245398773,0.041666666666666664,0.0
256,3,3,periodic,10485760,111149056,0.3916015625,0.8403755868544601,0.5935828877005348,0.4046242774566474,0.2,0.07246376811594203,0.0
256,3,3,periodic,12582912,113246208,0.3544921875,0.8369565217391305,0.5722543352601156,0.42105263157894735,0.17834394904458598,0.05847953216374269,0.0
256,3,3,periodic,14680064,115343360,0.3779296875,0.8081395348837209,0.696969696969697,0.4539877300613497,0.1791907514450867,0.03184713375796178,0.0
256,3,3,periodic,16777216,117440512,0.3974609375,0.8041237113402062,0.6756756756756757,0.4945652173913043,0.18666666666666668,0.04294478527607362,0.0
256,3,3,periodic,18874368,119537664,0.396484375,0.8217821782178217,0.6616915422885572,0.44594594594594594,0.19254658385093168,0.06172839506172839,0.0
256,3,3,periodic,20971520,121634816,0.0126953125,0.023809523809523808,0.024844720496894408,0.022857142857142857,0.0051813471502590676,0.0,0.0
256,3,3,periodic,23068672,123731968,0.359375,0.8342857142857143,0.609375,0.38823529411764707,0.17751479289940827,0.05521472392638037,0.0
256,3,3,periodic,25165824,125829120,0.40625,0.8522167487684729,0.632768361581921,0.48936170212765956,0.2080536912751678,0.05161290322580645,0.0
256,3,3,periodic,27262976,127926272,0.400390625,0.8586956521739131,0.6685082872928176,0.4427083333333333,0.22077922077922077,0.07741935483870968,0.0
256,3,3,periodic,29360128,130023424,0.3740234375,0.8494623655913979,0.5898876404494382,0.4540229885057471,0.19879518072289157,0.047337278106508875,0.0
256,3,3,periodic,31457280,132120576,0.3740234375,0.7891891891891892,0.6424870466321243,0.4508670520231214,0.18471337579617833,0.0392156862745098,0.0
256,3,3,periodic,33554432,134217728,0.3662109375,0.8617021276595744,0.6363636363636364,0.42771084337349397,0.11666666666666667,0.05625,0.0
256,3,3,periodic,35651584,136314880,0.392578125,0.845771144278607,0.6153846153846154,0.4444444444444444,0.17647058823529413,0.033112582781456956,0.0
256,3,3,periodic,37748736,138412032,0.3798828125,0.8047619047619048,0.6758241758241759,0.4068965517241379,0.17525773195876287,0.0273972602739726,0.0
256,3,3,periodic,39845888,140509184,0.376953125,0.8159203980099502,0.5897435897435898,0.4303030303030303,0.18128654970760233,0.03571428571428571,0.0
256,3,3,periodic,41943040,142606336,0.361328125,0.8208955223880597,0.5988372093023255,0.4065934065934066,0.11320754716981132,0.07352941176470588,0.0
256,3,3,periodic,44040192,144703488,0.361328125,0.7659574468085106,0.6141304347826086,0.4095744680851064,0.1875,0.04477611940298507,0.0
256,3,3,periodic,46137344,146800640,0.3701171875,0.8434343434343434,0.5459770114942529,0.35751295336787564,0.23225806451612904,0.07741935483870968,0.0
256,3,3,periodic,48234496,148897792,0.392578125,0.7916666666666666,0.6114285714285714,0.49222797927461137,0.22941176470588234,0.06474820143884892,0.0
256,3,3,periodic,50331648,150994944,0.3828125,0.8391959798994975,0.6102564102564103,0.43103448275862066,0.17857142857142858,0.03870967741935484,0.0
256,3,3,phase_end,50331648,150994944,0.3828125,0.8391959798994975,0.6102564102564103,0.43103448275862066,0.17857142857142858,0.03870967741935484,0.0
256,3,4,phase_start,0,150994944,0.4091796875,0.7980769230769231,0.6633165829145728,0.4217687074829932,0.30128205128205127,0.07741935483870968,0.0
256,3,4,periodic,2097152,153092096,0.3798828125,0.8258426966292135,0.6611111111111111,0.41040462427745666,0.2147239263803681,0.10365853658536585,0.0
256,3,4,periodic,4194304,155189248,0.369140625,0.8131868131868132,0.6284153005464481,0.35502958579881655,0.2111111111111111,0.10059171597633136,0.0
256,3,4,periodic,6291456,157286400,0.3837890625,0.8285714285714286,0.5957446808510638,0.39215686274509803,0.18787878787878787,0.10062893081761007,0.0
256,3,4,periodic,8388608,159383552,0.376953125,0.817258883248731,0.5741626794258373,0.3795180722891566,0.2,0.06875,0.0
256,3,4,periodic,10485760,161480704,0.3779296875,0.7894736842105263,0.6325301204819277,0.4540229885057471,0.2546583850931677,0.07142857142857142,0.0
256,3,4,periodic,12582912,163577856,0.4013671875,0.8232323232323232,0.6797752808988764,0.3968253968253968,0.2827586206896552,0.07432432432432433,0.0
256,3,4,periodic,14680064,165675008,0.3798828125,0.8415300546448088,0.6117021276595744,0.39444444444444443,0.22727272727272727,0.0880503144654088,0.0
256,3,4,periodic,16777216,167772160,0.38671875,0.8317307692307693,0.6511627906976745,0.3959731543624161,0.18518518518518517,0.10759493670886076,0.0
256,3,4,periodic,18874368,169869312,0.400390625,0.8153846153846154,0.6402116402116402,0.4691358024691358,0.26666666666666666,0.0625,0.0
256,3,4,periodic,20971520,171966464,0.3681640625,0.7604790419161677,0.6839378238341969,0.4171779141104294,0.22289156626506024,0.08280254777070063,0.0
256,3,4,periodic,23068672,174063616,0.3740234375,0.8076923076923077,0.6767676767676768,0.3716216216216216,0.19161676646706588,0.09554140127388536,0.0
256,3,4,periodic,25165824,176160768,0.375,0.8134715025906736,0.6566265060240963,0.38461538461538464,0.22077922077922077,0.10734463276836158,0.0
256,3,4,periodic,27262976,178257920,0.3984375,0.8701923076923077,0.5636363636363636,0.4074074074074074,0.30128205128205127,0.11731843575418995,0.0
256,3,4,periodic,29360128,180355072,0.3466796875,0.7906976744186046,0.6162790697674418,0.3373493975903614,0.25882352941176473,0.07386363636363637,0.0
256,3,4,periodic,31457280,182452224,0.349609375,0.7631578947368421,0.5949367088607594,0.4,0.19337016574585636,0.06535947712418301,0.0
256,3,4,periodic,33554432,184549376,0.369140625,0.8083832335329342,0.6141304347826086,0.3945945945945946,0.25625,0.09523809523809523,0.0
256,3,4,periodic,35651584,186646528,0.36328125,0.7828282828282829,0.5978260869565217,0.4088050314465409,0.17204301075268819,0.06451612903225806,0.0
256,3,4,periodic,37748736,188743680,0.400390625,0.8097560975609757,0.651685393258427,0.41818181818181815,0.27325581395348836,0.08053691275167785,0.0
256,3,4,periodic,39845888,190840832,0.3837890625,0.8067632850241546,0.5649717514124294,0.4,0.23170731707317074,0.11042944785276074,0.0
256,3,4,periodic,41943040,192937984,0.3642578125,0.7842105263157895,0.6358024691358025,0.3802083333333333,0.1827956989247312,0.1,0.0
256,3,4,periodic,44040192,195035136,0.3955078125,0.87,0.653179190751445,0.4,0.21511627906976744,0.11377245508982035,0.0
256,3,4,periodic,46137344,197132288,0.3583984375,0.7868020304568528,0.5730337078651685,0.39759036144578314,0.20253164556962025,0.075,0.0
256,3,4,periodic,48234496,199229440,0.4033203125,0.8578199052132701,0.5737704918032787,0.4074074074074074,0.2546583850931677,0.13245033112582782,0.0
256,3,4,periodic,50331648,201326592,0.3583984375,0.8076923076923077,0.6339869281045751,0.3956043956043956,0.20588235294117646,0.09580838323353294,0.0
256,3,4,phase_end,50331648,201326592,0.3583984375,0.8076923076923077,0.6339869281045751,0.3956043956043956,0.20588235294117646,0.09580838323353294,0.0
256,4,1,phase_start,0,0,0.0400390625,0.16666666666666666,0.06875,0.012195121951219513,0.0,0.0,0.0
256,4,1,periodic,2097152,2097152,0.3486328125,0.8305084745762712,0.6325301204819277,0.38323353293413176,0.1694915254237288,0.0658682634730539,0.0
256,4,1,periodic,4194304,4194304,0.400390625,0.855072463768116,0.7127659574468085,0.3916083916083916,0.20855614973262032,0.025974025974025976,0.0
256,4,1,periodic,6291456,6291456,0.3720703125,0.8972972972972973,0.6685393258426966,0.3563218390804598,0.20261437908496732,0.017241379310344827,0.0
256,4,1,periodic,8388608,8388608,0.3779296875,0.873015873015873,0.6577540106951871,0.38095238095238093,0.16339869281045752,0.0625,0.0
256,4,1,periodic,10485760,10485760,0.3876953125,0.8394495412844036,0.6666666666666666,0.38764044943820225,0.18125,0.02962962962962963,0.0
256,4,1,periodic,12582912,12582912,0.3662109375,0.847457627118644,0.6305418719211823,0.3669064748201439,0.24691358024691357,0.03488372093023256,0.0
256,4,1,periodic,14680064,14680064,0.3564453125,0.8406593406593407,0.639751552795031,0.42613636363636365,0.13690476190476192,0.06432748538011696,0.0
256,4,1,periodic,16777216,16777216,0.3642578125,0.7932960893854749,0.5968586387434555,0.422680412371134,0.1834319526627219,0.031007751937984496,0.0
256,4,1,periodic,18874368,18874368,0.388671875,0.8961748633879781,0.6717171717171717,0.31137724550898205,0.21965317919075145,0.0718954248366013,0.0
256,4,1,periodic,20971520,20971520,0.3798828125,0.84375,0.6134969325153374,0.4381443298969072,0.20125786163522014,0.05747126436781609,0.0
256,4,1,periodic,23068672,23068672,0.375,0.8186274509803921,0.6702127659574468,0.3395061728395062,0.17857142857142858,0.04081632653061224,0.0
256,4,1,periodic,25165824,25165824,0.3505859375,0.8430232558139535,0.6176470588235294,0.41566265060240964,0.17058823529411765,0.06432748538011696,0.0
256,4,1,periodic,27262976,27262976,0.376953125,0.8434343434343434,0.6956521739130435,0.38,0.1830065359477124,0.037037037037037035,0.0
256,4,1,periodic,29360128,29360128,0.380859375,0.8907103825136612,0.6243654822335025,0.3630573248407643,0.18536585365853658,0.05921052631578947,0.0
256,4,1,periodic,31457280,31457280,0.357421875,0.8115183246073299,0.5857988165680473,0.41081081081081083,0.1686746987951807,0.05194805194805195,0.0
256,4,1,periodic,33554432,33554432,0.34375,0.8238341968911918,0.5806451612903226,0.32222222222222224,0.15286624203821655,0.02,0.0
256,4,1,periodic,35651584,35651584,0.369140625,0.7978723404255319,0.6735751295336787,0.34615384615384615,0.1907514450867052,0.06875,0.0
256,4,1,periodic,37748736,37748736,0.384765625,0.8672985781990521,0.6910112359550562,0.348993288590604,0.19736842105263158,0.03821656050955414,0.0
256,4,1,periodic,39845888,39845888,0.3388671875,0.844311377245509,0.6228571428571429,0.32967032967032966,0.18023255813953487,0.03821656050955414,0.0
256,4,1,periodic,41943040,41943040,0.35546875,0.8372093023255814,0.6424870466321243,0.3567567567567568,0.14012738853503184,0.05,0.0
256,4,1,periodic,44040192,44040192,0.369140625,0.844559585492228,0.6685082872928176,0.36585365853658536,0.15584415584415584,0.0641025641025641,0.0
256,4,1,periodic,46137344,46137344,0.384765625,0.8507462686567164,0.6149732620320856,0.4093567251461988,0.1858974358974359,0.060810810810810814,0.0
256,4,1,periodic,48234496,48234496,0.375,0.8229166666666666,0.6868131868131868,0.345679012345679,0.19047619047619047,0.08552631578947369,0.0
256,4,1,periodic,50331648,50331648,0.3955078125,0.8084112149532711,0.6512820512820513,0.475,0.14093959731543623,0.05063291139240506,0.0
256,4,1,phase_end,50331648,50331648,0.3955078125,0.8084112149532711,0.6512820512820513,0.475,0.14093959731543623,0.05063291139240506,0.0
256,4,2,phase_start,0,50331648,0.3916015625,0.8723404255319149,0.7423312883435583,0.38372093023255816,0.21787709497206703,0.05747126436781609,0.006756756756756757
256,4,2,periodic,2097152,52428800,0.396484375,0.8378378378378378,0.7391304347826086,0.36477987421383645,0.19186046511627908,0.04895104895104895,0.0
256,4,2,periodic,4194304,54525952,0.408203125,0.8473684210526315,0.7010869565217391,0.45294117647058824,0.23684210526315788,0.09803921568627451,0.0
256,4,2,periodic,6291456,56623104,0.3759765625,0.8258426966292135,0.6983240223463687,0.4011627906976744,0.1925133689839572,0.043209876543209874,0.00684931506849315
256,4,2,periodic,8388608,58720256,0.3740234375,0.8253968253968254,0.6578947368421053,0.46496815286624205,0.16883116883116883,0.01875,0.0
256,4,2,periodic,10485760,60817408,0.3740234375,0.8563218390804598,0.6896551724137931,0.41711229946524064,0.1402439024390244,0.07741935483870968,0.0058823529411764705
256,4,2,periodic,12582912,62914560,0.390625,0.8697916666666666,0.6936416184971098,0.4859154929577465,0.1956521739130435,0.047337278106508875,0.0
256,4,2,periodic,14680064,65011712,0.3935546875,0.8549222797927462,0.6747572815533981,0.39880952380952384,0.16783216783216784,0.04093567251461988,0.006993006993006993
256,4,2,periodic,16777216,67108864,0.41015625,0.8691099476439791,0.7243243243243244,0.391304347826087,0.23636363636363636,0.03773584905660377,0.02142857142857143
256,4,2,periodic,18874368,69206016,0.408203125,0.8238341968911918,0.6945812807881774,0.47878787878787876,0.18128654970760233,0.05,0.006578947368421052
256,4,2,periodic,20971520,71303168,0.396484375,0.856353591160221,0.6911764705882353,0.4606741573033708,0.1069182389937107,0.06666666666666667,0.006578947368421052
256,4,2,periodic,23068672,73400320,0.375,0.8229166666666666,0.7027027027027027,0.3930635838150289,0.12962962962962962,0.0440251572327044,0.0
256,4,2,periodic,25165824,75497472,0.3818359375,0.8595505617977528,0.675392670157068,0.4186046511627907,0.2077922077922078,0.024242424242424242,0.006097560975609756
256,4,2,periodic,27262976,77594624,0.4091796875,0.8181818181818182,0.6888888888888889,0.49044585987261147,0.22727272727272727,0.06666666666666667,0.006289308176100629
256,4,2,periodic,29360128,79691776,0.423828125,0.8450704225352113,0.7071823204419889,0.42473118279569894,0.24,0.05454545454545454,0.015503875968992248
256,4,2,periodic,31457280,81788928,0.39453125,0.8316831683168316,0.6453488372093024,0.41830065359477125,0.25405405405405407,0.08176100628930817,0.006535947712418301
256,4,2,periodic,33554432,83886080,0.404296875,0.8994413407821229,0.7170731707317073,0.375,0.2077922077922078,0.03508771929824561,0.014388489208633094
256,4,2,periodic,35651584,85983232,0.390625,0.8113207547169812,0.6629213483146067,0.39375,0.23121387283236994,0.05511811023622047,0.0
256,4,2,periodic,37748736,88080384,0.3857421875,0.8105263157894737,0.7043010752688172,0.41040462427745666,0.2,0.032467532467532464,0.0
256,4,2,periodic,39845888,90177536,0.4072265625,0.8775510204081632,0.7189189189189189,0.39644970414201186,0.1952662721893491,0.07792207792207792,0.0
256,4,2,periodic,41943040,92274688,0.41796875,0.8585858585858586,0.6902173913043478,0.5029585798816568,0.18674698795180722,0.09868421052631579,0.0
256,4,2,periodic,44040192,94371840,0.369140625,0.815,0.688622754491018,0.3931034482758621,0.16201117318435754,0.07514450867052024,0.00625
256,4,2,periodic,46137344,96468992,0.38671875,0.8398058252427184,0.6759776536312849,0.3987341772151899,0.18120805369127516,0.054878048780487805,0.017857142857142856
256,4,2,periodic,48234496,98566144,0.40625,0.8766519823788547,0.688622754491018,0.4034090909090909,0.13793103448275862,0.07142857142857142,0.0
256,4,2,periodic,50331648,100663296,0.353515625,0.8363636363636363,0.6666666666666666,0.43915343915343913,0.10975609756097561,0.03773584905660377,0.005780346820809248
256,4,2,phase_end,50331648,100663296,0.353515625,0.8363636363636363,0.6666666666666666,0.43915343915343913,0.10975609756097561,0.03773584905660377,0.005780346820809248
256,4,3,phase_start,0,100663296,0.3935546875,0.8497109826589595,0.6313131313131313,0.49714285714285716,0.21604938271604937,0.05113636363636364,0.0
256,4,3,periodic,2097152,102760448,0.3935546875,0.8549222797927462,0.6628571428571428,0.4375,0.21052631578947367,0.07738095238095238,0.0
256,4,3,periodic,4194304,104857600,0.384765625,0.8435754189944135,0.6559139784946236,0.4419889502762431,0.16071428571428573,0.08235294117647059,0.0
256,4,3,periodic,6291456,106954752,0.3876953125,0.7961165048543689,0.6298342541436464,0.4222222222222222,0.24342105263157895,0.03870967741935484,0.0
256,4,3,periodic,8388608,109051904,0.3544921875,0.8012048192771084,0.6020408163265306,0.3727810650887574,0.2236024844720497,0.07784431137724551,0.0
256,4,3,periodic,10485760,111149056,0.435546875,0.8186046511627907,0.7288135593220338,0.55,0.19337016574585636,0.11392405063291139,0.0
256,4,3,periodic,12582912,113246208,0.3857421875,0.7926267281105991,0.6353591160220995,0.4657534246575342,0.18633540372670807,0.05952380952380952,0.0
256,4,3,periodic,14680064,115343360,0.3681640625,0.8497409326424871,0.6549707602339181,0.3935483870967742,0.14594594594594595,0.08552631578947369,0.0
256,4,3,periodic,16777216,117440512,0.3876953125,0.8666666666666667,0.5804597701149425,0.413265306122449,0.23178807947019867,0.07236842105263158,0.0
256,4,3,periodic,18874368,119537664,0.3681640625,0.7988165680473372,0.6132075471698113,0.43859649122807015,0.18633540372670807,0.04794520547945205,0.0
256,4,3,periodic,20971520,121634816,0.37109375,0.7817258883248731,0.6594594594594595,0.36904761904761907,0.20261437908496732,0.061452513966480445,0.0
256,4,3,periodic,23068672,123731968,0.3603515625,0.7990430622009569,0.6,0.4430379746835443,0.16279069767441862,0.03355704697986577,0.0
256,4,3,periodic,25165824,125829120,0.3701171875,0.8125,0.6190476190476191,0.42045454545454547,0.1787709497206704,0.07514450867052024,0.0
256,4,3,periodic,27262976,127926272,0.3623046875,0.7955801104972375,0.6491228070175439,0.4090909090909091,0.18497109826589594,0.0736196319018405,0.0
256,4,3,periodic,29360128,130023424,0.3671875,0.8324022346368715,0.6337209302325582,0.4262295081967213,0.16489361702127658,0.058823529411764705,0.0
256,4,3,periodic,31457280,132120576,0.3837890625,0.83,0.6363636363636364,0.46745562130177515,0.1337579617834395,0.049689440993788817,0.0
256,4,3,periodic,33554432,134217728,0.373046875,0.825,0.5789473684210527,0.4046242774566474,0.2,0.04054054054054054,0.0
256,4,3,periodic,35651584,136314880,0.3994140625,0.8374384236453202,0.6666666666666666,0.48125,0.2138728323699422,0.07142857142857142,0.0
256,4,3,periodic,37748736,138412032,0.3857421875,0.8378378378378378,0.6230366492146597,0.4385026737967914,0.16022099447513813,0.07407407407407407,0.0
256,4,3,periodic,39845888,140509184,0.392578125,0.8304347826086956,0.6745562130177515,0.39204545454545453,0.12666666666666668,0.06569343065693431,0.0
256,4,3,periodic,41943040,142606336,0.3798828125,0.8253968253968254,0.6206896551724138,0.42592592592592593,0.21019108280254778,0.027777777777777776,0.0
256,4,3,periodic,44040192,144703488,0.3369140625,0.8301886792452831,0.5695364238410596,0.43646408839779005,0.23699421965317918,0.03664921465968586,0.0
256,4,3,periodic,46137344,146800640,0.3701171875,0.8363636363636363,0.6391752577319587,0.40414507772020725,0.1987179487179487,0.04878048780487805,0.0
256,4,3,periodic,48234496,148897792,0.37890625,0.7889908256880734,0.6235955056179775,0.4859154929577465,0.18064516129032257,0.050955414012738856,0.0
256,4,3,periodic,50331648,150994944,0.3779296875,0.774869109947644,0.6080402010050251,0.44680851063829785,0.18571428571428572,0.0547945205479452,0.0
256,4,3,phase_end,50331648,150994944,0.3779296875,0.774869109947644,0.6080402010050251,0.44680851063829785,0.18571428571428572,0.0547945205479452,0.0
256,4,4,phase_start,0,150994944,0.3779296875,0.8308457711442786,0.5691489361702128,0.43870967741935485,0.19727891156462585,0.09411764705882353,0.0
256,4,4,periodic,2097152,153092096,0.390625,0.8532608695652174,0.6744186046511628,0.36627906976744184,0.2958579881656805,0.0875,0.0
256,4,4,periodic,4194304,155189248,0.388671875,0.848314606741573,0.634020618556701,0.4166666666666667,0.21084337349397592,0.09523809523809523,0.0
256,4,4,periodic,6291456,157286400,0.36328125,0.8187134502923976,0.5825242718446602,0.41333333333333333,0.24550898203592814,0.056962025316455694,0.0
256,4,4,periodic,8388608,159383552,0.4140625,0.8494623655913979,0.6756756756756757,0.44385026737967914,0.2616279069767442,0.08176100628930817,0.0
256,4,4,periodic,10485760,161480704,0.3779296875,0.7688679245283019,0.6071428571428571,0.4645161290322581,0.12352941176470589,0.07947019867549669,0.0
256,4,4,periodic,12582912,163577856,0.3662109375,0.8023952095808383,0.6102564102564103,0.4340659340659341,0.19393939393939394,0.07236842105263158,0.0
256,4,4,periodic,14680064,165675008,0.3369140625,0.7325581395348837,0.5736040609137056,0.36470588235294116,0.1927710843373494,0.0759493670886076,0.0
256,4,4,periodic,16777216,167772160,0.3740234375,0.84,0.6494252873563219,0.3902439024390244,0.27218934911242604,0.0755813953488372,0.0
256,4,4,periodic,18874368,169869312,0.3876953125,0.8032786885245902,0.5751295336787565,0.4484848484848485,0.2832369942196532,0.09090909090909091,0.0
256,4,4,periodic,20971520,171966464,0.35546875,0.8097826086956522,0.6055555555555555,0.39375,0.1839080459770115,0.0738255033557047,0.0
256,4,4,periodic,23068672,174063616,0.3505859375,0.8307692307692308,0.5773809523809523,0.35365853658536583,0.23333333333333334,0.03977272727272727,0.0
256,4,4,periodic,25165824,176160768,0.400390625,0.8480392156862745,0.6590909090909091,0.46,0.2721518987341772,0.06040268456375839,0.0
256,4,4,periodic,27262976,178257920,0.435546875,0.8383838383838383,0.7202072538860104,0.49142857142857144,0.23780487804878048,0.11510791366906475,0.0
256,4,4,periodic,29360128,180355072,0.3798828125,0.785,0.6298342541436464,0.3939393939393939,0.21301775147928995,0.10429447852760736,0.0
256,4,4,periodic,31457280,182452224,0.3896484375,0.8260869565217391,0.6176470588235294,0.4235294117647059,0.2222222222222222,0.08333333333333333,0.0
256,4,4,periodic,33554432,184549376,0.3515625,0.8235294117647058,0.5798816568047337,0.4268292682926829,0.24043715846994534,0.050314465408805034,0.0
256,4,4,periodic,35651584,186646528,0.380859375,0.7959183673469388,0.5705882352941176,0.4101123595505618,0.3081395348837209,0.0738255033557047,0.0
256,4,4,periodic,37748736,188743680,0.39453125,0.8855721393034826,0.6217616580310881,0.3803680981595092,0.17073170731707318,0.10062893081761007,0.0
256,4,4,periodic,39845888,190840832,0.3623046875,0.8041237113402062,0.6,0.39106145251396646,0.17365269461077845,0.09655172413793103,0.0
256,4,4,periodic,41943040,192937984,0.3955078125,0.8585858585858586,0.6011904761904762,0.4228571428571429,0.22285714285714286,0.14,0.0
256,4,4,periodic,44040192,195035136,0.4072265625,0.8173076923076923,0.6417112299465241,0.44171779141104295,0.19540229885057472,0.15217391304347827,0.0
256,4,4,periodic,46137344,197132288,0.40234375,0.8258706467661692,0.680628272251309,0.4,0.25748502994011974,0.07006369426751592,0.0
256,4,4,periodic,48234496,199229440,0.390625,0.8342857142857143,0.6397849462365591,0.4406779661016949,0.22404371584699453,0.10126582278481013,0.0
256,4,4,periodic,50331648,201326592,0.3837890625,0.8421052631578947,0.601123595505618,0.4262295081967213,0.21084337349397592,0.07926829268292683,0.0
256,4,4,phase_end,50331648,201326592,0.3837890625,0.8421052631578947,0.601123595505618,0.4262295081967213,0.21084337349397592,0.07926829268292683,0.0
